column,dtype,non_null,unique,null_pct,numeric_like,top,samples
FILING_ID,object,34015,34015,0.0,True,{},1925159|1925014|1924761|1923731|1925262|1925287|1925141|1922995|1925326|1924465|1924620|1925331
FORMVERSION,object,34015,1,0.0,False,"{""Oct-21"": 34015}",Oct-21
DATESUBMITTED,object,34015,25846,0.0,False,{},1/9/2025 7:50|1/9/2025 8:50|1/9/2025 10:40|1/9/2025 10:48|1/9/2025 11:17|1/9/2025 11:51|1/9/2025 12:16|1/9/2025 12:24|1/9/2025 12:29|1/9/2025 12:34|1/9/2025 12:42|1/9/2025 12:55
1A,object,34015,16853,0.0,False,{},"STORGATE, LLC|THREE ARCH WEALTH MANAGEMENT LLC|EMERGENT WEALTH ADVISORS, LLC|HARBOURVEST PARTNERS, LLC|PARK AVENUE INVESTMENT ADVISORY, LLC|FRANK, RIMERMAN ADVISORS LLC|MATIENZO LAFFOURCADE, JUAN FRANCISCO|PINNACLE WEALTH ADVISORS, INC.|ATLANTIC WEALTH PARTNERS, LLC|REVOLUT WEALTH INC.|LIFEPOINT PLANNING, PLLC|LORD, ABBETT & CO. LLC"
1B1,object,34014,16863,0.0,False,{},"STORGATE, LLC|THREE ARCH WEALTH MANAGEMENT LLC|EMERGENT WEALTH ADVISORS, LLC|HARBOURVEST PARTNERS, LLC|PARK AVENUE INVESTMENT ADVISORY, LLC|FRANK, RIMERMAN ADVISORS LLC|MERCOR INVESTMENT GROUP|PINNACLE WEALTH ADVISORS|ATLANTIC WEALTH PARTNERS, LLC|REVOLUT WEALTH INC.|LIFEPOINT PLANNING|LORD, ABBETT & CO. LLC"
1B2,object,33990,2,0.0007,False,"{""N"": 32031, ""Y"": 1959, ""NaN"": 25}",N|Y
1C_LEGAL,object,34015,2,0.0,False,"{""N"": 33722, ""Y"": 293}",N|Y
1C_BUSINESS,object,34015,2,0.0,False,"{""N"": 33633, ""Y"": 382}",N|Y
1C_NEW_NAME,object,498,477,0.9854,False,{},"FTA ASSET MANAGEMENT, LLC|MATTERS CAPITAL LLC|JOURNEY BEYOND WEALTH, LLC|FOCUS PARTNERS ADVISOR SOLUTIONS, LLC|CLIENT-CENTERED CROSS-BORDER FINANCIAL PLANNING LTD.|MANZIL INVESTMENT ADVISORS, LLC|PINKERTON WEALTH PARTNERS LLC|VIRTUS ADVISERS, LLC|MARATHON MISSION, INC.|SHOREVIEW INDUSTRIES V, LLC|STORGATE, LLC|GRANDVIEW DELIGHT, LLC"
1D,object,34015,16706,0.0,False,{},801-131943|801-131587|801-106909|801-53287|801-119560|801-62201|801-119628|801-116763|801-118353|801-127056|801-131948|801-6997
1E1,object,34015,16694,0.0,True,{},334632|333733|174845|109846|310203|124147|310936|117517|289440|322894|296911|110391
1F1_STREET_1,object,31603,12748,0.0709,False,{},"892 PLAIN STREET|300 SPECTRUM CENTER DRIVE|5500 MAIN STREET, SUITE 260|ONE FINANCIAL CENTER|10 HUDSON YARDS|1801 PAGE MILL ROAD|18 ORIENTE 205 DESPACHO 1 COL. CENTRO|9200 SE SUNNYBROOK BOULEVARD|759 PARKWAY STREET|107 GREENWICH STREET|1821 WALDEN OFFICE SQUARE|30 HUDSON STREET"
1F1_STREET_2,object,22279,2892,0.345,False,{},SUITE 10|SUITE 1030|SUITE # 170|SUITE 201|20TH FLOOR|SUITE 400|STE #1000|SUITE 370|SUITE 205|SUITE 210|SUITE 3101|SUITE 1406
1F1_CITY,object,31603,2082,0.0709,False,{},MARSHFIELD|IRVINE|WILLIAMSVILLE|BOSTON|NEW YORK|PALO ALTO|PUEBLA|CLACKAMAS|JUPITER|SCHAUMBURG|JERSEY CITY|NEWPORT BEACH
1F1_STATE,object,30018,53,0.1175,False,{},MA|CA|NY|OR|FL|IL|NJ|TX|VA|NC|WA|TN
1F1_COUNTRY,object,31603,60,0.0709,False,{},United States|Mexico|Canada|Japan|Australia|Monaco|United Kingdom|Singapore|India|Hong Kong|China|Ireland
1F1_POSTAL,object,31436,5046,0.0758,False,{},02050|92618|14221|02111|10001|94304|72000|97015|33477|10006|60173|07302-4804
1F1_PRIVATE,object,34015,2,0.0,False,"{""N"": 31603, ""Y"": 2412}",N|Y
1F2_M_F,object,34015,2,0.0,False,"{""Monday - Friday"": 32294, ""Other"": 1721}",Monday - Friday|Other
1F2_OTHER,object,1719,160,0.9495,False,{},"BY APPOINTMENT|BY APPOINTMENT ONLY|BUSINESS CONDUCTED BY APPOINTMENT|BY APPT ONLY|MONDAY - THURSDAY 9 AM - 4 PM, FRIDAY 9 AM - 12 PM|NOT APPLICABLE - OFFICE VISITS BY APPOINTMENT ONLY|MON-THURS; FRI BY APPT|APPOINTMENT ONLY|MONDAY-THURSDAY|MONDAY - SATURDAY (UNTIL 2:00 PM PT)|MONDAY,TUESDAY,WEDNESDAY,THURSDAY,FRIDAY,SATURDAY|MON - THURS"
1F2_HOURS,object,34006,2472,0.0003,False,{},8:30 AM - 5:00 PM|BY APPOINTMENT|5-Sep|8:00 AM TO 5:30 PM|9AM TO 5PM|8:00 AM - 6:00 PM|8:30 - 4:30|9:30 AM-4:00PM|9:00 AM-5:00 PM|BY APPOINTMENT ONLY|9:00 A.M. - 5:00 P.M.|7:30AM - 4:30PM
1F3,object,34013,16192,0.0001,False,{},617-800-0388|(949) 400-7107|716-828-8390|617-348-3707|800-879-6934|650-845-8100|52 222 246 21 67|503-654-5100|561-632-0566|914-357-4577|844-505-3618|201-827-2000
1F4,object,18733,8902,0.4493,False,{},716-828-8395|617-350-0305|650-494-1975|52 222 246 0801|503-654-5105|201-536-3979|949-706-0101|813-578-7008|512-697-0291|(703) 536-4742|732-676-7873|617-482-6179
1F5,object,34015,234,0.0,True,{},0|1|8|3|2|52|4|14|16|5|25|6
1G_STREET_1,object,2898,1363,0.9148,False,{},"10 NJ-35|601 CONGRESS  AVE|P.O. BOX 910309|P.O. BOX 1869|320 SOUTH CANAL STREET|PO BOX 29528|2825 OAK LAWN AVE|PO BOX 4269|52  VANDERBILT AVE|1395 BRICKELL AVENUE, SUITE 800|2261 MARKET STREET|38TH FLOOR"
1G_STREET_2,object,1330,529,0.9609,False,{},"SUITE 200|FLOOR 7|SUITE 190322|STE 403|ATTN. BR LAW GROUP LLC|STE 4013|40 KING STREET WEST|SUITE C302|SUITE 210|BUILDING A, SUITE 400|FL 7|SUITE 1880"
1G_CITY,object,2898,721,0.9148,False,{},"RED BANK|AUSTIN|SAN DIEGO|BRENTWOOD|CHICAGO|SAN FRANCISCO|DALLAS|CAVE CREEK|NEW YORK|MIAMI|TORONTO, ONTARIO|HOLDEN"
1G_STATE,object,2783,51,0.9182,False,{},NJ|TX|CA|TN|IL|AZ|NY|FL|MA|NC|WA|SC
1G_COUNTRY,object,2898,21,0.9148,False,"{""NaN"": 31117, ""United States"": 2783, ""United Kingdom"": 37, ""Switzerland"": 18, ""Canada"": 11, ""India"": 5, ""Israel"": 5, ""Hong Kong"": 5, ""United Arab Emirates"": 5, ""Japan"": 5, ""Australia"": 4, ""Jersey"": 4, ""Bermuda"": 3, ""Bahamas, The"": 3, ""Poland"": 2, ""Cayman Islands"": 2, ""British Virgin Islands"": 1, ""Monaco"": 1, ""Norway"": 1, ""France"": 1}","United States|Canada|Australia|Switzerland|United Kingdom|India|Bahamas, The|Poland|Hong Kong|United Arab Emirates|Bermuda|Cayman Islands"
1G_POSTAL,object,2886,1137,0.9152,False,{},07701|78701|92191|37024-1869|60606|94129|75219|85327|10017|33131|94114|M5H 2X6
1G_PRIVATE,object,3218,2,0.9054,False,"{""NaN"": 30797, ""N"": 2898, ""Y"": 320}",N|Y
1I,object,34015,2,0.0,False,"{""Y"": 31379, ""N"": 2636}",N|Y
1L,object,34015,2,0.0,False,"{""N"": 18166, ""Y"": 15849}",N|Y
1M,object,34015,2,0.0,False,"{""N"": 31714, ""Y"": 2301}",N|Y
1N,object,34015,2,0.0,False,"{""N"": 33962, ""Y"": 53}",N|Y
1N_CIK,object,0,0,1.0,False,"{""NaN"": 34015}",
1O,object,34015,2,0.0,False,"{""N"": 32373, ""Y"": 1642}",N|Y
1OAMOUNT,object,1642,3,0.9517,False,"{""NaN"": 32373, ""1-10B"": 1319, ""10-50B"": 180, "">=50B"": 143}",1-10B|10-50B|>=50B
1P,object,6161,3102,0.8189,False,{},5493001MCDH7I6NIXC24|549300JN4JHMFPO31Y81|76260438|5493001TQUH117C54U19|2549002CGOZK5RQVXG26|549300SX2O2WYFXP7H55|1LNBLO34HQLF73FT3218|254900AOIYNFOXSU2A77|254900CM0YQA2D1ZFW36|54JEJPF5RL5INKZRDO43|549300NL2ICSIWVHJ621|549300G5331W09285383
4A,object,34015,2,0.0,False,"{""N"": 33950, ""Y"": 65}",N|Y
4B,object,65,44,0.9981,False,{},1/1/2025|12/31/2024|12/23/2024|1/2/2025|12/1/2024|1/7/2025|1/6/2025|1/30/2025|2/28/2025|2/1/2025|2/11/2025|3/10/2025
5A,object,34015,763,0.0,True,{},1|2|6|1103|70|5|7|3|789|9|8|10
5B1,object,34015,509,0.0,True,{},1|2|6|285|70|3|5|188|4|7|46|8
5B2,object,34015,393,0.0,True,{},0|3|43|6|302|5|1|42|2|34|8|148
5B3,object,34015,376,0.0,True,{},1|2|6|0|9|5|3|30|4|14|8|7
5B4,object,34015,93,0.0,True,{},1|0|3|2|7|12|363|4|5|6|24|19
5B5,object,34015,300,0.0,True,{},0|5|9|3|1|4|8|2|58|27|25|38
5B6,object,34015,119,0.0,True,{},0|21|1|3|4|2|11|31|81|5|8|24
5C1,object,34015,623,0.0,True,{},0|5|32|4|6|13|86|2|16|1|27|10
5C2,object,34015,101,0.0,True,{},0|52|94|1|99|100|9|67|54|17|5|34
5D1A,object,23303,2151,0.3149,False,{},311|201|10|372|111|1408|50|16930|468|564|16|113
5D1B,object,24073,1253,0.2923,False,{},70|6|98|22|75|293|40|4929|96|38|23|92
5D1C,object,11331,65,0.6669,False,{},0|2|46|6|1|654|4|7|3|11|150|524
5D1D,object,13086,131,0.6153,False,{},0|68|4|1|10|3|15|2|258|7|16|6
5D1E,object,11391,10,0.6651,False,"{""NaN"": 22624, ""0"": 11127, ""1"": 175, ""2"": 60, ""3"": 12, ""4"": 5, ""6"": 5, ""11"": 4, ""5"": 1, ""22"": 1, ""13"": 1}",0|1|2|3|11|4|6|5|22|13
5D1F,object,19390,243,0.43,False,{},0|276|37|1|33|4|22|6|3|10|7|2
5D1G,object,15885,428,0.533,False,{},0|5|17|87|1|6|16|8|4|200|187|22
5D1H,object,15452,270,0.5457,False,{},0|1|43|6|7|247|2|14|3|16|908|53
5D1I,object,11859,133,0.6514,False,{},0|16|1|14|4|5|158|2|19|15|12|25
5D1J,object,11676,110,0.6567,False,{},0|3871|23|21|6|90|3|1|69|67|2|4
5D1K,object,11733,105,0.6551,False,{},0|10|4|6|13|1|11|5|8|12|2|18
5D1L,object,11195,39,0.6709,False,{},0|1|3|9|8|6|5|13|4|57|16|2
5D1M,object,16226,390,0.523,False,{},0|324|2|61|16|4|7|3|48|1|47|17
5D1N,object,10973,215,0.6774,False,{},0|4|11|7|1|9|14|1829|2|13|16|130
5D1N_OTHER,object,3205,957,0.9058,False,{},"PROPRIETARY|TRUSTS|HEALTH AND WELFARE TRUSTS|REAL ESTATE HOLDING COMPANY|TRUST|VARIOUS|OTHER, PRIVATE FOUNDATIONS, NON-PROFIT ORGANIZATION|LOCAL MUNICIPALITIES|INSTITUTIONAL|TRAVERSE CITY FIRE FIGHTERS UNION LOCAL 646|SUB-ADVISORY|SEPARATELY MANAGED ACCOUNTS"
5D2A,object,34015,2,0.0,False,"{""N"": 33072, ""Y"": 943}",N|Y
5D2B,object,34015,2,0.0,False,"{""N"": 32925, ""Y"": 1090}",N|Y
5D2C,object,34015,2,0.0,False,"{""N"": 32531, ""Y"": 1484}",N|Y
5D2G,object,34015,2,0.0,False,"{""N"": 29779, ""Y"": 4236}",N|Y
5D2H,object,34015,2,0.0,False,"{""N"": 27933, ""Y"": 6082}",N|Y
5D2I,object,34015,2,0.0,False,"{""N"": 31976, ""Y"": 2039}",N|Y
5D2J,object,34015,2,0.0,False,"{""N"": 32105, ""Y"": 1910}",N|Y
5D2K,object,34015,2,0.0,False,"{""N"": 31957, ""Y"": 2058}",N|Y
5D2L,object,34015,2,0.0,False,"{""N"": 32540, ""Y"": 1475}",N|Y
5D2M,object,34015,2,0.0,False,"{""N"": 29033, ""Y"": 4982}",N|Y
5D2N,object,34015,2,0.0,False,"{""N"": 32624, ""Y"": 1391}",N|Y
5D3A,object,23040,10299,0.3227,False,{},100038018|44592920|2437302|75023459|4569128|496673|42897000|7216570398|106300113|185649988|4979066|49293293
5D3B,object,23981,11137,0.295,False,{},102855279|30785074|2006487041|33345778|81475714|223172097|60103000|12246245130|153589059|156505787|297451824|211327070
5D3C,object,10821,484,0.6819,False,{},0|1257330311|3055616737|241331419|19312000|15864768|9296669|761535|1155863|1455573917|20726744|59570298
5D3D,object,12255,1789,0.6397,False,{},0|1.85691E+11|1460707740|253795359|4315328836|1918911877|112286364|264832634|136103917|181342|290989124|995066286
5D3E,object,10469,157,0.6922,False,{},0|259878000|1200539457|1585630840|18120897000|3878991901|1272867989|1443853651|1021859796|704844215|2501331000|7153867000
5D3F,object,18955,7250,0.4427,False,{},0|1.50619E+11|17900791468|1587813|278739960|345709940|2068495120|1768422962|359335626|1989598775|1815904461|4222953879
5D3G,object,17167,5839,0.4953,False,{},0|729593601|45578430|3995261593|377807|26111023|14011726|5507273|14804|2085602|487052|250294394
5D3H,object,17588,6148,0.4829,False,{},0|6973298|1092607|1730617567|2308237|3886396|4664810|123161860|766186598|5121253|33857721|14964529
5D3I,object,11717,1438,0.6555,False,{},0|3462975965|10007318|7036|1541374813|105493121|725532000|200182234|58400000|972594|21042851|383000000
5D3J,object,11389,961,0.6652,False,{},0|1457983592|1711265276|4608180|30455876733|205796669|4615319273|1199044|113643669|107977503|41909601547|1021483655
5D3K,object,11602,1228,0.6589,False,{},0|1113791848|224656312|221342185|1.30913E+11|2967490|58518642|801445993|3953872|67892482|370718246|546893081
5D3L,object,10683,438,0.6859,False,{},0|746458100|498497092|297948248|1124012615|513357608|325963534|139583096|952754004|1028510331|4468646331|1981940716
5D3M,object,17890,6301,0.4741,False,{},0|928166|3941385790|507100|156216020|37394591|18250899|539365|1577446|773611|26352587|700000
5D3N,object,10884,1583,0.68,False,{},0|705855|30641862|1033200871|12430000|3785828|349721|3230141818|523467080|108660|130643681|3309543852
5E1,object,34015,2,0.0,False,"{""Y"": 32565, ""N"": 1450}",Y|N
5E2,object,34015,2,0.0,False,"{""N"": 22697, ""Y"": 11318}",N|Y
5E3,object,34015,2,0.0,False,"{""N"": 33466, ""Y"": 549}",N|Y
5E4,object,34015,2,0.0,False,"{""Y"": 17261, ""N"": 16754}",Y|N
5E5,object,34015,2,0.0,False,"{""N"": 33084, ""Y"": 931}",N|Y
5E6,object,34015,2,0.0,False,"{""N"": 23043, ""Y"": 10972}",N|Y
5E7,object,34015,2,0.0,False,"{""N"": 28883, ""Y"": 5132}",N|Y
5E7_OTHER,object,5132,1630,0.8491,False,{},PERCENTAGE OF SOLICITED CLIENTS' FEES|A % OF FEE REC'D BY ADVISOR RETAINING REGISTRANT OR 100% OF COST|CAPPED FEES: AUM UNTIL CAP IS REACHED|FEES FOR EDUCATIONAL SEMINARS|MONITORING AND SERVICING FEES FOR LOANS|PERCENTAGE OF CAPITAL COMMITMENTS/UNRETURNED CAPITAL CONTRIBS|MANAGEMENT FEES|PERCENTAGE OF ASSETS UNDER ADVISEMENT|NONE|ACCOUNTING CLIENTS|REFERRAL FEES FROM AFFILIATED ENTITIES|PERCENTAGE OF RETIREMENT PLAN ASSETS
5F1,object,34015,2,0.0,False,"{""Y"": 32998, ""N"": 1017}",Y|N
5F2A,object,32998,17564,0.0299,True,{},0|202893297|1.2708E+11|75377994|1584793306|35783080|156499173|227741225|496673|105020773|2.37299E+11|75427642
5F2B,object,32998,7390,0.0299,True,{},0|24268456638|428667033|45578430|1457983592|184461530|55465071|123161860|8122192|16474001|14011726|71887153
5F2C,object,32998,18159,0.0299,True,{},0|202893297|1.51349E+11|75377994|2013460339|35783080|202077603|227741225|496673|105020773|2.38757E+11|259889172
5F2D,object,32998,3497,0.0299,True,{},0|901|230|288|357|32|447|2067|1408|280|26320|297
5F2E,object,32998,1115,0.0299,True,{},0|51|55|17|3871|990|11|7|2|80|16|3
5F2F,object,32998,3650,0.0299,True,{},0|901|281|288|412|32|464|2067|1408|280|30191|1287
5F3,object,33075,6548,0.0276,True,{},0|60949603596|35170294|83338|2.38757E+11|1291393|162925|115874132|387325822|988388|182884776|391061
5G1,object,34015,2,0.0,False,"{""Y"": 17688, ""N"": 16327}",Y|N
5G2,object,34015,2,0.0,False,"{""Y"": 23836, ""N"": 10179}",Y|N
5G3,object,34015,2,0.0,False,"{""N"": 30925, ""Y"": 3090}",N|Y
5G4,object,34015,2,0.0,False,"{""N"": 22037, ""Y"": 11978}",N|Y
5G5,object,34015,2,0.0,False,"{""N"": 20523, ""Y"": 13492}",N|Y
5G6,object,34015,2,0.0,False,"{""N"": 25439, ""Y"": 8576}",N|Y
5G7,object,34015,2,0.0,False,"{""N"": 22087, ""Y"": 11928}",Y|N
5G8,object,34015,2,0.0,False,"{""N"": 32064, ""Y"": 1951}",N|Y
5G9,object,34015,2,0.0,False,"{""N"": 33947, ""Y"": 68}",N|Y
5G10,object,34015,2,0.0,False,"{""N"": 33920, ""Y"": 95}",N|Y
5G11,object,34015,2,0.0,False,"{""N"": 29708, ""Y"": 4307}",N|Y
5G12,object,34015,2,0.0,False,"{""N"": 28376, ""Y"": 5639}",N|Y
5G12_OTHER,object,5638,1750,0.8342,False,{},INVESTMENT PERFORMANCE REPORTING|IMPERSONAL INVESTMENT ADVISORY SERVICES|BOOKKEEPING SERVICES|TAX SERVICES|LOCAL&STATE MUNICPAL ENTITIES & OBLIGATED PERSONS|VARIABLE ANNUITIES|TAX PREPARATION|MEMBERSHIP ACADEMY|CONSULTING SERVICES|GENERAL CONSULTING AND PORTFOLIO REVIEW AND ALLOCATION|INVESTMENT CONSULTING SERVICES TO INSTITUTIONAL CLIENTS|ASSET-ALLOCATION SERVICES
5H,object,21306,8,0.3736,False,"{""NaN"": 12709, ""0"": 7220, ""10-Jan"": 3133, ""101-250"": 2813, ""More than 500"": 1859, ""251-500"": 1782, ""51-100"": 1772, ""26-50"": 1390, ""25-Nov"": 1337}",0|10-Jan|51-100|25-Nov|101-250|26-50|251-500|More than 500
5H_OTHER,object,1859,168,0.9453,False,{},1000|500|152000|2000|1500|3500|600|1200|800|550|6500|1004
5I1,object,34015,2,0.0,False,"{""N"": 28851, ""Y"": 5164}",N|Y
5I2A,object,5164,481,0.8482,False,{},7210103|0|494356350|38997597604|522448935|65671792|174441191|4729005|3951222415|456011486|13620400000|84281129047
5I2B,object,5164,932,0.8482,False,{},0|21754726628|758642327|250140667|494356350|174441191|40440634|205129454|5266681859|280798|18568228|55773799
5I2C,object,5164,1386,0.8482,False,{},68167892|496673|0|259889172|600|55938604|762058026|487216717|494356350|1.15195E+11|1315055424|28463732
5J1,object,34015,2,0.0,False,"{""N"": 26098, ""Y"": 7917}",N|Y
5J2,object,34015,2,0.0,False,"{""N"": 32690, ""Y"": 1325}",N|Y
5K1,object,34015,2,0.0,False,"{""Y"": 25395, ""N"": 8620}",N|Y
5K2,object,29703,2,0.1268,False,"{""N"": 24947, ""Y"": 4756, ""NaN"": 4312}",N|Y
5K3,object,29725,2,0.1261,False,"{""N"": 24393, ""Y"": 5332, ""NaN"": 4290}",N|Y
5K4,object,29833,2,0.1229,False,"{""Y"": 22669, ""N"": 7164, ""NaN"": 4182}",N|Y
5L1A,object,34013,2,0.0001,False,"{""N"": 20858, ""Y"": 13155, ""NaN"": 2}",N|Y
5L1B,object,34013,2,0.0001,False,"{""N"": 26817, ""Y"": 7196, ""NaN"": 2}",N|Y
5L1C,object,34013,2,0.0001,False,"{""N"": 29974, ""Y"": 4039, ""NaN"": 2}",N|Y
5L1D,object,34013,2,0.0001,False,"{""N"": 27802, ""Y"": 6211, ""NaN"": 2}",N|Y
5L1E,object,34013,2,0.0001,False,"{""N"": 26722, ""Y"": 7291, ""NaN"": 2}",N|Y
5L2,object,18427,2,0.4583,False,"{""NaN"": 15588, ""N"": 12328, ""Y"": 6099}",Y|N
5L3,object,32977,2,0.0305,False,"{""N"": 24754, ""Y"": 8223, ""NaN"": 1038}",N|Y
5L4,object,32989,2,0.0302,False,"{""N"": 29669, ""Y"": 3320, ""NaN"": 1026}",N|Y
6A1,object,34015,2,0.0,False,"{""N"": 32788, ""Y"": 1227}",N|Y
6A2,object,34015,2,0.0,False,"{""N"": 33076, ""Y"": 939}",N|Y
6A3,object,34015,2,0.0,False,"{""N"": 29604, ""Y"": 4411}",N|Y
6A4,object,34015,2,0.0,False,"{""N"": 33926, ""Y"": 89}",N|Y
6A5,object,34015,2,0.0,False,"{""N"": 33917, ""Y"": 98}",N|Y
6A6,object,34015,2,0.0,False,"{""N"": 30491, ""Y"": 3524}",N|Y
6A7,object,34015,2,0.0,False,"{""N"": 33977, ""Y"": 38}",N|Y
6A8,object,34015,2,0.0,False,"{""N"": 33976, ""Y"": 39}",N|Y
6A9,object,34015,2,0.0,False,"{""N"": 33873, ""Y"": 142}",N|Y
6A10,object,34015,2,0.0,False,"{""N"": 33977, ""Y"": 38}",N|Y
6A11,object,34015,2,0.0,False,"{""N"": 34012, ""Y"": 3}",N|Y
6A12,object,34015,2,0.0,False,"{""N"": 33376, ""Y"": 639}",N|Y
6A13,object,34015,2,0.0,False,"{""N"": 33958, ""Y"": 57}",N|Y
6A14,object,34015,2,0.0,False,"{""N"": 33246, ""Y"": 769}",N|Y
6A14_OTHER,object,769,265,0.9774,False,{},"EXEMPT MARKET DEALER IN CANADA|EQUITY RESEARCH|FINANCIAL COURSES|INSURANCE PRODUCT SALES|FINANCIAL PLANNER|CFTC SWAP DEALER|CREDIT AND CASH MANAGEMENT &INSURANCE SOLUTIONS;|SEE SCHEDULE D, MISC.|SOLICITOR FOR SKYVIEW|BARROW HANLEY SELLS PRIVATE FUNDS|MORTGAGE BROKER|COMPOSITE PORTFOLIOS"
6B1,object,34015,2,0.0,False,"{""N"": 31322, ""Y"": 2693}",N|Y
6B2,object,2693,2,0.9208,False,"{""NaN"": 31322, ""N"": 2167, ""Y"": 526}",N|Y
6B3,object,34015,2,0.0,False,"{""N"": 27204, ""Y"": 6811}",N|Y
7A1,object,34015,2,0.0,False,"{""N"": 27915, ""Y"": 6100}",N|Y
7A2,object,34015,2,0.0,False,"{""N"": 23250, ""Y"": 10765}",N|Y
7A3,object,34015,2,0.0,False,"{""N"": 33342, ""Y"": 673}",N|Y
7A4,object,34015,2,0.0,False,"{""N"": 33537, ""Y"": 478}",N|Y
7A5,object,34015,2,0.0,False,"{""N"": 33994, ""Y"": 21}",N|Y
7A6,object,34015,2,0.0,False,"{""N"": 28794, ""Y"": 5221}",N|Y
7A7,object,34015,2,0.0,False,"{""N"": 33446, ""Y"": 569}",N|Y
7A8,object,34015,2,0.0,False,"{""N"": 32050, ""Y"": 1965}",N|Y
7A9,object,34015,2,0.0,False,"{""N"": 31807, ""Y"": 2208}",N|Y
7A10,object,34015,2,0.0,False,"{""N"": 30971, ""Y"": 3044}",N|Y
7A11,object,34015,2,0.0,False,"{""N"": 32727, ""Y"": 1288}",N|Y
7A12,object,34015,2,0.0,False,"{""N"": 26714, ""Y"": 7301}",N|Y
7A13,object,34015,2,0.0,False,"{""N"": 32404, ""Y"": 1611}",N|Y
7A14,object,34015,2,0.0,False,"{""N"": 32624, ""Y"": 1391}",N|Y
7A15,object,34015,2,0.0,False,"{""N"": 32202, ""Y"": 1813}",N|Y
7A16,object,34015,2,0.0,False,"{""N"": 22432, ""Y"": 11583}",N|Y
7B,object,34015,2,0.0,False,"{""N"": 23197, ""Y"": 10818}",N|Y
8A1,object,34015,2,0.0,False,"{""N"": 31186, ""Y"": 2829}",N|Y
8A2,object,34015,2,0.0,False,"{""Y"": 27152, ""N"": 6863}",Y|N
8A3,object,34015,2,0.0,False,"{""N"": 26906, ""Y"": 7109}",N|Y
8B1,object,34015,2,0.0,False,"{""N"": 32937, ""Y"": 1078}",N|Y
8B2,object,34015,2,0.0,False,"{""N"": 28221, ""Y"": 5794}",N|Y
8B3,object,34015,2,0.0,False,"{""N"": 30746, ""Y"": 3269}",N|Y
8C1,object,34015,2,0.0,False,"{""Y"": 32171, ""N"": 1844}",N|Y
8C2,object,34015,2,0.0,False,"{""Y"": 32147, ""N"": 1868}",N|Y
8C3,object,34015,2,0.0,False,"{""Y"": 18581, ""N"": 15434}",N|Y
8C4,object,34015,2,0.0,False,"{""N"": 20044, ""Y"": 13971}",N|Y
8D,object,22088,2,0.3506,False,"{""N"": 20102, ""NaN"": 11927, ""Y"": 1986}",N|Y
8E,object,34015,2,0.0,False,"{""Y"": 23838, ""N"": 10177}",Y|N
8F,object,25678,2,0.2451,False,"{""N"": 23534, ""NaN"": 8337, ""Y"": 2144}",N|Y
8G1,object,34015,2,0.0,False,"{""N"": 22054, ""Y"": 11961}",N|Y
8G2,object,15337,2,0.5491,False,"{""NaN"": 18678, ""Y"": 11127, ""N"": 4210}",N|Y
8H1,object,34015,2,0.0,False,"{""N"": 24214, ""Y"": 9801}",N|Y
8H2,object,34015,2,0.0,False,"{""N"": 27618, ""Y"": 6397}",N|Y
8I,object,34015,2,0.0,False,"{""N"": 31007, ""Y"": 3008}",N|Y
9A1A,object,34015,2,0.0,False,"{""N"": 17954, ""Y"": 16061}",N|Y
9A1B,object,34015,2,0.0,False,"{""N"": 19944, ""Y"": 14071}",N|Y
9A2A,object,17678,8358,0.4803,False,{},0|198081353|3382726|73558834|82756634|148376386|306317286|101506617|476602675|1379194653|1611457618|8659692
9A2B,object,17686,1162,0.4801,False,{},0|39|7|4|270|601|40|82|169|1550|22|9
9B1A,object,34015,2,0.0,False,"{""N"": 24524, ""Y"": 9491}",N|Y
9B1B,object,34015,2,0.0,False,"{""N"": 24635, ""Y"": 9380}",N|Y
9B2A,object,10822,5881,0.6818,False,{},1.49513E+11|0|22203890|1587813|22504576|1611457618|1313833618|232390325|369428527|1989598775|2300122|76606167
9B2B,object,10834,470,0.6815,False,{},278|0|86|1|22|6|2|3149|10|5|804410|83
9C1,object,34015,2,0.0,False,"{""N"": 31097, ""Y"": 2918}",N|Y
9C2,object,34015,2,0.0,False,"{""N"": 24042, ""Y"": 9973}",N|Y
9C3,object,34015,2,0.0,False,"{""N"": 29460, ""Y"": 4555}",N|Y
9C4,object,34015,2,0.0,False,"{""N"": 32865, ""Y"": 1150}",N|Y
9D1,object,34015,2,0.0,False,"{""N"": 33723, ""Y"": 292}",N|Y
9D2,object,34015,2,0.0,False,"{""N"": 33002, ""Y"": 1013}",N|Y
9E,object,4022,61,0.8818,False,{},Mar-23|May-23|Sep-23|Dec-23|Jun-24|Sep-24|Apr-22|Oct-24|Jul-23|Oct-23|Apr-24|Jan-24
9F,object,23350,86,0.3135,False,{},3|19|0|2|5|1|7|6|27|12|8|4
10A,object,34015,2,0.0,False,"{""N"": 33089, ""Y"": 926}",N|Y
11,object,34015,2,0.0,False,"{""N"": 31534, ""Y"": 2481}",N|Y
11A1,object,34015,2,0.0,False,"{""N"": 33774, ""Y"": 241}",N|Y
11A2,object,34015,2,0.0,False,"{""N"": 33551, ""Y"": 464}",N|Y
11B1,object,34015,2,0.0,False,"{""N"": 33862, ""Y"": 153}",N|Y
11B2,object,34015,2,0.0,False,"{""N"": 33869, ""Y"": 146}",N|Y
11C1,object,34015,2,0.0,False,"{""N"": 33090, ""Y"": 925}",N|Y
11C2,object,34015,2,0.0,False,"{""N"": 31547, ""Y"": 2468}",N|Y
11C3,object,34015,2,0.0,False,"{""N"": 33952, ""Y"": 63}",N|Y
11C4,object,34015,2,0.0,False,"{""N"": 31735, ""Y"": 2280}",N|Y
11C5,object,34015,2,0.0,False,"{""N"": 31559, ""Y"": 2456}",N|Y
11D1,object,34015,2,0.0,False,"{""N"": 33169, ""Y"": 846}",N|Y
11D2,object,34015,2,0.0,False,"{""N"": 31144, ""Y"": 2871}",N|Y
11D3,object,34015,2,0.0,False,"{""N"": 33828, ""Y"": 187}",N|Y
11D4,object,34015,2,0.0,False,"{""N"": 31635, ""Y"": 2380}",N|Y
11D5,object,34015,2,0.0,False,"{""N"": 33156, ""Y"": 859}",N|Y
11E1,object,34015,2,0.0,False,"{""N"": 33663, ""Y"": 352}",N|Y
11E2,object,34015,2,0.0,False,"{""N"": 31971, ""Y"": 2044}",N|Y
11E3,object,34015,2,0.0,False,"{""N"": 33951, ""Y"": 64}",N|Y
11E4,object,34015,2,0.0,False,"{""N"": 33061, ""Y"": 954}",N|Y
11F,object,34015,2,0.0,False,"{""N"": 33842, ""Y"": 173}",N|Y
11G,object,34015,2,0.0,False,"{""N"": 33426, ""Y"": 589}",N|Y
11H1A,object,34015,2,0.0,False,"{""N"": 33703, ""Y"": 312}",N|Y
11H1B,object,34015,2,0.0,False,"{""N"": 33678, ""Y"": 337}",N|Y
11H1C,object,34015,2,0.0,False,"{""N"": 33658, ""Y"": 357}",N|Y
11H2,object,34015,2,0.0,False,"{""N"": 33363, ""Y"": 652}",N|Y
12A,object,2675,2,0.9214,False,"{""NaN"": 31340, ""N"": 2412, ""Y"": 263}",N|Y
12B1,object,2453,2,0.9279,False,"{""NaN"": 31562, ""N"": 2425, ""Y"": 28}",N|Y
12B2,object,2451,2,0.9279,False,"{""NaN"": 31564, ""N"": 2434, ""Y"": 17}",N|Y
12C1,object,2452,2,0.9279,False,"{""NaN"": 31563, ""N"": 2084, ""Y"": 368}",N|Y
12C2,object,2451,2,0.9279,False,"{""NaN"": 31564, ""N"": 2139, ""Y"": 312}",N|Y
EXECUTION_TYPE,object,34015,2,0.0,False,"{""Domestic"": 32338, ""Non-Resident"": 1677}",Domestic|Non-Resident
SIGNATORY,object,34015,16612,0.0,False,{},CHRISTOPHER E. WINN|TYLER VASQUEZ|NICHOLAS EFTHEMIS|ADAM FREEDMAN|THOMAS J BELLARO|BRIAN KREISCHER|JUAN F. MATIENZO LAFFOURCADE|AARON CHRISTOPHERSON|STEPHEN OLSON|LISA L SMITH|DOUG OOSTERHART|RANDOLPH A. STUZIN
EXECUTION_DATE,object,34015,312,0.0,False,{},1/9/2025|1/6/2025|1/23/2025|12/25/2024|1/24/2025|1/22/2025|1/30/2025|2/2/2024|1/16/2025|1/17/2025|1/5/2025|1/2/2025
TITLE,object,34015,2504,0.0,False,{},"CHIEF COMPLIANCE OFFICER|MANAGING DIRECTOR AND CHIEF COMPLIANCE OFFICER|SR. COMPLIANCE LEADER|ADMINISTRATIVE OVERSIGHT MANAGER OF FRANK, RIMERMAN ADVISORS LLC|SOLE PROPRIETOR|PRINCIPAL|CCO|MEMBER & CHIEF LEGAL OFFICER|CEO AND CHIEF COMPLIANCE OFFICER|PRESIDENT, CEO, AND CCO|CEO|CHIEF EXECUTIVE OFFICER"
2A1,object,29068,1,0.1454,False,"{""Y"": 29068, ""NaN"": 4947}",Y
2A2,object,743,1,0.9782,False,"{""NaN"": 33272, ""Y"": 743}",Y
2A3,object,0,0,1.0,False,"{""NaN"": 34015}",
2A4,object,1469,1,0.9568,False,"{""NaN"": 32546, ""Y"": 1469}",Y
2A5,object,2194,1,0.9355,False,"{""NaN"": 31821, ""Y"": 2194}",Y
2A6,object,145,1,0.9957,False,"{""NaN"": 33870, ""Y"": 145}",Y
2A7,object,331,1,0.9903,False,"{""NaN"": 33684, ""Y"": 331}",Y
2A8,object,820,1,0.9759,False,"{""NaN"": 33195, ""Y"": 820}",Y
2A9,object,1341,1,0.9606,False,"{""NaN"": 32674, ""Y"": 1341}",Y
2A10,object,366,1,0.9892,False,"{""NaN"": 33649, ""Y"": 366}",Y
2A11,object,455,1,0.9866,False,"{""NaN"": 33560, ""Y"": 455}",Y
2A11_1,object,706,2,0.9792,False,"{""NaN"": 33309, ""N"": 561, ""Y"": 145}",N|Y
2A11_2,object,706,2,0.9792,False,"{""NaN"": 33309, ""N"": 461, ""Y"": 245}",Y|N
2A12,object,3,1,0.9999,False,"{""NaN"": 34012, ""Y"": 3}",Y
2A13,object,0,0,1.0,False,"{""NaN"": 34015}",
2_AL,object,4815,1,0.8584,False,"{""NaN"": 29200, ""Y"": 4815}",Y
2_AK,object,3319,1,0.9024,False,"{""NaN"": 30696, ""Y"": 3319}",Y
2_AZ,object,8539,1,0.749,False,"{""NaN"": 25476, ""Y"": 8539}",Y
2_AR,object,4156,1,0.8778,False,"{""NaN"": 29859, ""Y"": 4156}",Y
2_CA,object,16101,1,0.5267,False,"{""NaN"": 17914, ""Y"": 16101}",Y
2_CO,object,9207,1,0.7293,False,"{""NaN"": 24808, ""Y"": 9207}",Y
2_CT,object,7197,1,0.7884,False,"{""NaN"": 26818, ""Y"": 7197}",Y
2_DE,object,4653,1,0.8632,False,"{""NaN"": 29362, ""Y"": 4653}",Y
2_DC,object,4602,1,0.8647,False,"{""NaN"": 29413, ""Y"": 4602}",Y
2_FL,object,16217,1,0.5232,False,"{""NaN"": 17798, ""Y"": 16217}",Y
2_GA,object,8206,1,0.7588,False,"{""NaN"": 25809, ""Y"": 8206}",Y
2_HI,object,3885,1,0.8858,False,"{""NaN"": 30130, ""Y"": 3885}",Y
2_ID,object,4778,1,0.8595,False,"{""NaN"": 29237, ""Y"": 4778}",Y
2_IL,object,9120,1,0.7319,False,"{""NaN"": 24895, ""Y"": 9120}",Y
2_IN,object,5687,1,0.8328,False,"{""NaN"": 28328, ""Y"": 5687}",Y
2_IA,object,4312,1,0.8732,False,"{""NaN"": 29703, ""Y"": 4312}",Y
2_KS,object,4534,1,0.8667,False,"{""NaN"": 29481, ""Y"": 4534}",Y
2_KY,object,4556,1,0.8661,False,"{""NaN"": 29459, ""Y"": 4556}",Y
2_LA,object,8493,1,0.7503,False,"{""NaN"": 25522, ""Y"": 8493}",Y
2_ME,object,4065,1,0.8805,False,"{""NaN"": 29950, ""Y"": 4065}",Y
2_MD,object,6913,1,0.7968,False,"{""NaN"": 27102, ""Y"": 6913}",Y
2_MA,object,8142,1,0.7606,False,"{""NaN"": 25873, ""Y"": 8142}",Y
2_MI,object,6773,1,0.8009,False,"{""NaN"": 27242, ""Y"": 6773}",Y
2_MN,object,5817,1,0.829,False,"{""NaN"": 28198, ""Y"": 5817}",Y
2_MS,object,3602,1,0.8941,False,"{""NaN"": 30413, ""Y"": 3602}",Y
2_MO,object,5619,1,0.8348,False,"{""NaN"": 28396, ""Y"": 5619}",Y
2_MT,object,3894,1,0.8855,False,"{""NaN"": 30121, ""Y"": 3894}",Y
2_NE,object,6059,1,0.8219,False,"{""NaN"": 27956, ""Y"": 6059}",Y
2_NV,object,5740,1,0.8313,False,"{""NaN"": 28275, ""Y"": 5740}",Y
2_NH,object,7907,1,0.7675,False,"{""NaN"": 26108, ""Y"": 7907}",Y
2_NJ,object,7940,1,0.7666,False,"{""NaN"": 26075, ""Y"": 7940}",Y
2_NM,object,4319,1,0.873,False,"{""NaN"": 29696, ""Y"": 4319}",Y
2_NY,object,13289,1,0.6093,False,"{""NaN"": 20726, ""Y"": 13289}",Y
2_NC,object,9443,1,0.7224,False,"{""NaN"": 24572, ""Y"": 9443}",Y
2_ND,object,2977,1,0.9125,False,"{""NaN"": 31038, ""Y"": 2977}",Y
2_OH,object,7265,1,0.7864,False,"{""NaN"": 26750, ""Y"": 7265}",Y
2_OK,object,4486,1,0.8681,False,"{""NaN"": 29529, ""Y"": 4486}",Y
2_OR,object,6280,1,0.8154,False,"{""NaN"": 27735, ""Y"": 6280}",Y
2_PA,object,8684,1,0.7447,False,"{""NaN"": 25331, ""Y"": 8684}",Y
2_PR,object,2227,1,0.9345,False,"{""NaN"": 31788, ""Y"": 2227}",Y
2_RI,object,3660,1,0.8924,False,"{""NaN"": 30355, ""Y"": 3660}",Y
2_SC,object,7184,1,0.7888,False,"{""NaN"": 26831, ""Y"": 7184}",Y
2_SD,object,3372,1,0.9009,False,"{""NaN"": 30643, ""Y"": 3372}",Y
2_TN,object,7042,1,0.793,False,"{""NaN"": 26973, ""Y"": 7042}",Y
2_TX,object,19483,1,0.4272,False,"{""Y"": 19483, ""NaN"": 14532}",Y
2_UT,object,5033,1,0.852,False,"{""NaN"": 28982, ""Y"": 5033}",Y
2_VT,object,3713,1,0.8908,False,"{""NaN"": 30302, ""Y"": 3713}",Y
2_VA,object,8493,1,0.7503,False,"{""NaN"": 25522, ""Y"": 8493}",Y
2_WA,object,8064,1,0.7629,False,"{""NaN"": 25951, ""Y"": 8064}",Y
2_WV,object,3447,1,0.8987,False,"{""NaN"": 30568, ""Y"": 3447}",Y
2_WI,object,5737,1,0.8313,False,"{""NaN"": 28278, ""Y"": 5737}",Y
2_GU,object,0,0,1.0,False,"{""NaN"": 34015}",
2_VI,object,1558,1,0.9542,False,"{""NaN"": 32457, ""Y"": 1558}",Y
3A,object,34015,7,0.0,False,"{""Limited Liability Company"": 22657, ""Corporation"": 7935, ""Limited Partnership"": 2434, ""Other (specify)"": 571, ""Limited Liability Partnership"": 269, ""Sole Proprietorship"": 80, ""Partnership"": 69}",Limited Liability Company|Sole Proprietorship|Corporation|Limited Partnership|Other (specify)|Limited Liability Partnership|Partnership
3A_OTHER,object,571,154,0.9832,False,{},UNLISTED AUSTRALIAN PUBLIC COMPANY|SOCIETÉ ANONYME MONEGASQUE|COOPERATIVE CORPORATION|LTD|THAI LIMITED COMPANY|SOCIÉTÉ EN COMMANDITE PAR ACTIONS|PROPRIETARY COMPANY INCORPORATED IN AUSTRALIA|HONG KONG PROPRIETARY LIMITED COMPANY|PRIVATE COMPANY LIMITED BY SHARES|STOCK COMPANY|COMPANY LIMITED BY SHARES INCORPORATED IN ENGLAND|SID NATIONAL BANK
3B,object,34015,12,0.0,False,"{""DECEMBER"": 32874, ""MARCH"": 422, ""SEPTEMBER"": 209, ""JUNE"": 194, ""OCTOBER"": 104, ""JANUARY"": 65, ""NOVEMBER"": 42, ""FEBRUARY"": 30, ""APRIL"": 25, ""AUGUST"": 18, ""MAY"": 18, ""JULY"": 14}",DECEMBER|SEPTEMBER|JULY|OCTOBER|NOVEMBER|MARCH|AUGUST|JUNE|MAY|APRIL|FEBRUARY|JANUARY
3C,object,0,0,1.0,False,"{""NaN"": 34015}",
3C_STATE,object,32535,53,0.0435,False,{},Delaware|California|New York|Oregon|Florida|Michigan|Texas|Virginia|New Jersey|North Carolina|Tennessee|Montana
3C_COUNTRY,object,34015,55,0.0,False,{},United States|Mexico|Canada|Japan|Australia|Monaco|United Kingdom|Singapore|India|Hong Kong|Ireland|Thailand
REPORT_DATE,object,34015,8,0.0,True,"{""20250331"": 14266, ""20250228"": 3475, ""20250430"": 3220, ""20250131"": 2806, ""20250531"": 2793, ""20250731"": 2598, ""20250630"": 2562, ""20250831"": 2295}",20250131|20250228|20250331|20250430|20250531|20250630|20250731|20250831
