"FilingID","ReferenceID","SubreferenceID","Website Address"
1938433,233662,99235,"WWW.RBCROYALBANK.COM"
1938433,233658,99233,"WWW.RBCROYALBANK.COM"
1938433,25289,13145,"WWW.RBCROYALBANK.COM"
1938433,25290,13146,"WWW.RBCROYALBANK.COM"
1938433,199439,80306,"WWW.RBCROYALBANK.COM"
1938433,198229,79569,"WWW.RBCROYALBANK.COM"
1938433,25257,12449,"WWW.RBCROYALBANK.COM"
1938433,25264,12511,"WWW.RBCROYALBANK.COM"
1938433,25265,12826,"WWW.RBCROYALBANK.COM"
1938433,25259,12481,"WWW.RBCROYALBANK.COM"
1938433,45133,22053,"WWW.RBCROYALBANK.COM"
1938433,25273,13137,"WWW.RBCROYALBANK.COM"
1971568,379140,209249,"HTTP://WWW.YUWOCAPITAL.COM"
1971568,379141,209250,"HTTP://WWW.YUWOCAPITAL.COM"
1971568,379134,209247,"HTTP://WWW.YUWOCAPITAL.COM"
1971568,281877,132205,"HTTP://WWW.YUWOCAPITAL.COM"
1971568,281878,132206,"HTTP://WWW.YUWOCAPITAL.COM"
1971568,281879,132207,"HTTP://WWW.YUWOCAPITAL.COM"
1971568,281885,132211,"HTTP://WWW.YUWOCAPITAL.COM"
1971568,281886,132212,"HTTP://WWW.YUWOCAPITAL.COM"
1971568,281887,132213,"HTTP://WWW.YUWOCAPITAL.COM"
1971568,281875,132203,"HTTP://WWW.YUWOCAPITAL.COM"
1971568,281876,132204,"HTTP://WWW.YUWOCAPITAL.COM"
1971568,281873,132201,"HTTP://WWW.YUWOCAPITAL.COM"
1971568,281874,132202,"HTTP://WWW.YUWOCAPITAL.COM"
1971568,281880,132208,"HTTP://WWW.YUWOCAPITAL.COM"
1971568,281883,132210,"HTTP://WWW.YUWOCAPITAL.COM"
1971568,281882,132209,"HTTP://WWW.YUWOCAPITAL.COM"
1971568,281872,132200,"HTTP://WWW.YUWOCAPITAL.COM"
1971568,379142,209251,"HTTP://WWW.YUWOCAPITAL.COM"
1971568,483145,302753,"HTTP://WWW.YUWOCAPITAL.COM"
1971568,483195,302791,"HTTP://WWW.YUWOCAPITAL.COM"
1971568,483198,302792,"HTTP://WWW.YUWOCAPITAL.COM"
1971568,483159,302770,"HTTP://WWW.YUWOCAPITAL.COM"
1971568,483176,302778,"HTTP://WWW.YUWOCAPITAL.COM"
1976196,420038,303489,"HTTPS://SBIDM.COM/"
1976196,420038,249212,"HTTPS://ICHAM.SG/"
1976196,420038,249271,"HTTPS://STEGACAP.COM/"
1976196,420038,249214,"HTTP://WWW.GMCAPMANAGEMENT.COM/"
1976196,420038,249215,"HTTPS://TRUSTCAPITAL.SG/"
1976196,420038,249216,"HTTPS://TRUSTCAPITAL.SG/"
1982197,433105,259154,"HTTPS://WWW.STARTENGINE.COM/"
1982197,369241,259147,"HTTPS://WWW.STARTENGINE.COM/"
1982197,433108,259157,"HTTPS://WWW.STARTENGINE.COM/"
1982197,433117,259166,"HTTPS://WWW.STARTENGINE.COM/"
1982197,433101,259150,"HTTPS://WWW.STARTENGINE.COM/"
1982197,433110,259159,"HTTPS://WWW.STARTENGINE.COM/"
1982197,433112,259161,"HTTPS://WWW.STARTENGINE.COM/"
1982197,433113,259162,"HTTPS://WWW.STARTENGINE.COM/"
1982197,433125,259174,"HTTPS://WWW.STARTENGINE.COM/"
1982197,369236,259144,"HTTPS://WWW.STARTENGINE.COM/"
1982197,433116,259165,"HTTPS://WWW.STARTENGINE.COM/"
1982197,433107,259156,"HTTPS://WWW.STARTENGINE.COM/"
1982197,433121,259170,"HTTPS://WWW.STARTENGINE.COM/"
1982197,433114,259163,"HTTPS://WWW.STARTENGINE.COM/"
1982197,433111,259160,"HTTPS://WWW.STARTENGINE.COM/"
1982197,433123,259172,"HTTPS://WWW.STARTENGINE.COM/"
1982197,433118,259167,"HTTPS://WWW.STARTENGINE.COM/"
1982197,433103,259152,"HTTPS://WWW.STARTENGINE.COM/"
1982197,369239,259145,"HTTPS://WWW.STARTENGINE.COM/"
1982197,369240,259146,"HTTPS://WWW.STARTENGINE.COM/"
1982197,433115,259164,"HTTPS://WWW.STARTENGINE.COM/"
1982197,433122,259171,"HTTPS://WWW.STARTENGINE.COM/"
1982197,433100,259149,"HTTPS://WWW.STARTENGINE.COM/"
1982197,433124,259173,"HTTPS://WWW.STARTENGINE.COM/"
1982197,369215,259143,"HTTPS://WWW.STARTENGINE.COM/"
1982197,433104,259153,"HTTPS://WWW.STARTENGINE.COM/"
1982197,433099,259148,"HTTPS://WWW.STARTENGINE.COM/"
1982197,433120,259169,"HTTPS://WWW.STARTENGINE.COM/"
1982197,433106,259155,"HTTPS://WWW.STARTENGINE.COM/"
1982197,433109,259158,"HTTPS://WWW.STARTENGINE.COM/"
1982197,433119,259168,"HTTPS://WWW.STARTENGINE.COM/"
1982197,433102,259151,"HTTPS://WWW.STARTENGINE.COM/"
1982197,485015,303681,"HTTPS://WWW.STARTENGINE.COM/"
1982197,485004,303670,"HTTPS://WWW.STARTENGINE.COM/"
1982197,485008,303674,"HTTPS://WWW.STARTENGINE.COM/"
1982197,485012,303678,"HTTPS://WWW.STARTENGINE.COM/"
1982197,485018,303687,"HTTPS://WWW.STARTENGINE.COM/"
1982197,485023,303692,"HTTPS://WWW.STARTENGINE.COM/"
1982197,485027,303695,"HTTPS://WWW.STARTENGINE.COM/"
1982197,485030,303698,"HTTPS://WWW.STARTENGINE.COM/"
1985436,417811,247401,"WWW.ANGELLIST.COM"
1985436,417801,247400,"WWW.ANGELLIST.COM"
1976867,177288,109256,"WWW.ZANBATO.COM"
1976867,177288,109257,"WWW.YACAPITAL.COM"
1976867,177356,109255,"WWW.YACAPITAL.COM"
1976867,177356,109254,"WWW.ZANBATO.COM"
1984764,337137,170901,"WWW.ANGELLIST.COM"
1984764,282351,170885,"WWW.ANGELLIST.COM"
