"FilingID","ReferenceID","Foreign Regulatory Authority"
1996832,356026,"United Kingdom - Financial Conduct Authority"
1996340,270213,"United Kingdom - Financial Conduct Authority"
1996340,270215,"South Korea - Financial Supervisory Commission / Financial Supervisory Service"
1996340,270215,"United Kingdom - Financial Conduct Authority"
1996340,270215,"Canada - New Brunswick Securities Commission"
1996340,270215,"Canada - Alberta Securities Commission"
1996340,270215,"Canada - Manitoba Securities Commission"
1996340,270215,"Australia - Australian Securities and Investments Commission"
1996340,270215,"Canada - Newfoundland and Labrador, Financial Services Regulation Division"
1996340,270215,"Canada - Northwest Territories, Office of the Registrar of Securities"
1996340,270215,"Canada - Nova Scotia Securities Commission"
1996340,270215,"Canada - Nunavut, Registrar of Securities"
1996340,270215,"Canada - Ontario Securities Commission"
1996340,270215,"Canada - Prince Edward Island, Securities Office"
1996340,270215,"Canada - Quebec, Financial Markets Authority"
1996340,270215,"Canada - Saskatchewan Financial Services Commission"
1996340,270215,"Canada - Yukon Territories, Registrar of Securities"
1996340,270215,"South Africa - Financial Services Board"
1996340,270216,"United Kingdom - Financial Conduct Authority"
1996340,270217,"United Kingdom - Financial Conduct Authority"
1996340,270217,"Hong Kong - Securities and Futures Commission"
1996340,270247,"Switzerland - Swiss Financial Market Supervisory Authority"
1996340,270247,"Ireland -  Central Bank of Ireland"
1996340,270247,"Germany - German Federal Financial Supervisory Agency"
1996340,270247,"Netherlands - The Netherlands Authority for the Financial Markets"
1996340,290119,"Canada - Manitoba Securities Commission"
1996340,290119,"Canada - New Brunswick Securities Commission"
1996340,290119,"Canada - Newfoundland and Labrador, Financial Services Regulation Division"
1996340,290119,"Canada - Northwest Territories, Office of the Registrar of Securities"
1996340,290119,"Canada - Nova Scotia Securities Commission"
1996340,290119,"Canada - Nunavut, Registrar of Securities"
1996340,290119,"Canada - Ontario Securities Commission"
1996340,290119,"Canada - Prince Edward Island, Securities Office"
1996340,290119,"Canada - Quebec, Financial Markets Authority"
1996340,290119,"Canada - Saskatchewan Financial Services Commission"
1996340,290119,"Canada - Yukon Territories, Registrar of Securities"
1996340,290119,"Canada - Alberta Securities Commission"
1996340,290119,"Canada - British Columbia Securities Commission"
1996340,290120,"Other-CHINA, PEOPLE'S REPUBLIC OF- ASSET MANAGEMENT ASSOCIATION OF CHINA"
1996340,378985,"Other-PEOPLE'S REPUBLIC OF CHINA - ASSET MANAGEMENT ASSOCIATION OF CHINA"
1996340,398107,"Singapore - Monetary Authority of Singapore"
1988527,339529,"Other-INDIA, BANKERS CODE AND STANDARDS BOARD OF INDIA"
1988527,339529,"United Kingdom - Financial Conduct Authority"
1988527,339529,"United Kingdom - Prudential Regulation Authority"
1988527,339529,"Other-HONGKONG - HONGKONG MONETORY AUTHORITY"
1988527,339529,"India - Securities and Exchange Board of India"
1988527,339529,"Hong Kong - Securities and Futures Commission"
1988527,339529,"Other-INDIA, RESERVE BANK OF INDIA"
1988527,339529,"Other-INDIA, INSURANCE REGULATORY & DEVELOPMENT AUTHORITY"
1988527,339529,"Other-INDIA, NATIONAL SECURITIES DEPOSITORY LIMITED"
1988527,339529,"Other-INDIA, INDIAN BANK'S ASSOCIATION"
1988527,339529,"Other-INDIA, FOREIGN EXCHANGE DEALER'S ASSOCIATION OF INDIA"
1988527,339529,"Other-INDIA, BOMBAY STOCK EXCHANGE LIMITED"
1988527,339529,"Other-INDIA CDSL, CENTRAL DEPOSITORY SERVICES (INDIA) LIMITED"
1988527,339529,"Other-INDIA, NATIONAL STOCK EXCHANGE OF INDIA LIMITED"
1988527,339530,"India - Securities and Exchange Board of India"
1988527,356009,"Australia - Australian Securities and Investments Commission"
1988527,356009,"United Kingdom - Financial Conduct Authority"
1988527,378336,"India - Securities and Exchange Board of India"
1996833,339187,"India - Securities and Exchange Board of India"
1997176,331613,"Guernsey - Guernsey Financial Services Commission"
1991820,326526,"United Kingdom - Financial Conduct Authority"
1991820,326519,"Jersey - Jersey Financial Services Commission"
1991820,326520,"Jersey - Jersey Financial Services Commission"
1991820,326521,"Guernsey - Guernsey Financial Services Commission"
1991820,326528,"Jersey - Jersey Financial Services Commission"
1991820,326531,"Jersey - Jersey Financial Services Commission"
1991820,326536,"Jersey - Jersey Financial Services Commission"
1991820,326538,"Jersey - Jersey Financial Services Commission"
1991820,327056,"Jersey - Jersey Financial Services Commission"
1991820,327058,"United Kingdom - Financial Conduct Authority"
1991820,355250,"Jersey - Jersey Financial Services Commission"
1991820,377504,"Jersey - Jersey Financial Services Commission"
1991820,377506,"Jersey - Jersey Financial Services Commission"
1999021,133817,"Other-CAYMAN ISLANDS MONETARY AUTHORITY"
1996365,257434,"Cayman Islands - Cayman Islands Monetary Authority"
1994992,308796,"Isle of Man - Financial Supervision Commission"
1994992,357853,"Other-GUERNSEY FINANCIAL SERVICES COMMISSION"
1994992,391057,"Guernsey - Guernsey Financial Services Commission"
1994992,391058,"Jersey - Jersey Financial Services Commission"
1994992,391059,"Isle of Man - Financial Supervision Commission"
1997777,252338,"United Kingdom - Financial Conduct Authority"
1997777,358764,"Cayman Islands - Cayman Islands Monetary Authority"
1988972,215296,"Mauritius, Republic of - Financial Services Commission"
1988972,355012,"Singapore - Monetary Authority of Singapore"
1999780,378101,"Cayman Islands - Cayman Islands Monetary Authority"
1996642,220073,"Cayman Islands - Cayman Islands Monetary Authority"
1996642,308657,"Hong Kong - Securities and Futures Commission"
1996642,308687,"Cayman Islands - Cayman Islands Monetary Authority"
1998048,150118,"Other-CAYMAN ISLANDS MONETARY AUTHORITY"
1997700,246915,"Jersey - Jersey Financial Services Commission"
1997700,378960,"Singapore - Monetary Authority of Singapore"
1987941,311510,"Mauritius, Republic of - Financial Services Commission"
1963424,380951,"Cayman Islands - Cayman Islands Monetary Authority"
1999716,307590,"Other-BANK OF ITALY"
1993452,166666,"United Kingdom - Financial Conduct Authority"
1993452,166669,"Australia - Australian Securities and Investments Commission"
1993452,210541,"South Korea - Financial Supervisory Commission / Financial Supervisory Service"
1993452,210541,"Other-KOREA FINANCIAL INVESTMENT ASSOCIATION (KOFIA)"
1993452,210541,"Other-KOREAN FINANCIAL INTELLIGENCE UNIT (KOFIU)"
1993452,210541,"Other-KOREA EXCHANGE (KRX)"
1993452,289305,"Japan - Financial Services Agency"
1993452,309652,"Hong Kong - Securities and Futures Commission"
1993452,309654,"Canada - Alberta Securities Commission"
1993452,309654,"Canada - British Columbia Securities Commission"
1993452,309654,"Canada - Manitoba Securities Commission"
1993452,309654,"Canada - New Brunswick Securities Commission"
1993452,309654,"Canada - Newfoundland and Labrador, Financial Services Regulation Division"
1993452,309654,"Canada - Nova Scotia Securities Commission"
1993452,309654,"Canada - Prince Edward Island, Securities Office"
1993452,309654,"Canada - Quebec, Financial Markets Authority"
1993452,309654,"Canada - Ontario Securities Commission"
1993452,309654,"Canada - Saskatchewan Financial Services Commission"
1993452,378777,"Austria - Financial Market Authority"
1993452,398157,"Other-CHILE-COMISIÓN CLASIFICADORA DE RIESGO"
1993452,398233,"Australia - Australian Securities and Investments Commission"
1993452,398234,"Australia - Australian Securities and Investments Commission"
1993452,398235,"Australia - Australian Securities and Investments Commission"
1995009,309167,"France - Financial Markets Authority"
1999541,259317,"Luxembourg, Grand Duchy of - Commission to Surveillance of the Finance Sector"
1998123,257659,"Jersey - Jersey Financial Services Commission"
1998123,257662,"Jersey - Jersey Financial Services Commission"
1998123,257664,"Jersey - Jersey Financial Services Commission"
1998123,257666,"Jersey - Jersey Financial Services Commission"
1998123,257667,"Jersey - Jersey Financial Services Commission"
1998123,257668,"Jersey - Jersey Financial Services Commission"
1998123,257672,"Jersey - Jersey Financial Services Commission"
1998123,309335,"Other-LUXEMBOURG TRADE AND COMPANIES REGISTER"
1998123,309336,"Other-LUXEMBOURG TRADE AND COMPANIES REGISTER"
1998123,378856,"Other-LUXEMBOURG TRADE AND COMPANIES REGISTER"
1998123,378858,"Other-LUXEMBOURG TRADE AND COMPANIES REGISTER"
1998123,378859,"Other-LUXEMBOURG TRADE AND COMPANIES REGISTER"
1998123,378860,"Other-LUXEMBOURG TRADE AND COMPANIES REGISTER"
1997181,395158,"United Kingdom - Financial Conduct Authority"
2000447,398361,"British Virgin Islands - British Virgin Islands Financial Services Commission"
2000383,309889,"Guernsey - Guernsey Financial Services Commission"
2000383,309891,"France - Financial Markets Authority"
2000383,309891,"Other-FRANCE - ACPR"
2000383,309892,"United Kingdom - Financial Conduct Authority"
1997197,287940,"Mauritius, Republic of - Financial Services Commission"
1997197,287941,"Hong Kong - Securities and Futures Commission"
1997197,287942,"Australia - Australian Securities and Investments Commission"
1997197,287946,"United Kingdom - Financial Conduct Authority"
1997197,287949,"United Kingdom - Financial Conduct Authority"
1997197,287953,"Hong Kong - Securities and Futures Commission"
1997197,287954,"United Kingdom - Financial Conduct Authority"
1997197,287955,"Japan - Financial Services Agency"
1997197,287962,"Other-RESERVE BANK OF INDIA"
1997197,288034,"Luxembourg, Grand Duchy of - Commission to Surveillance of the Finance Sector"
1997197,288765,"Singapore - Monetary Authority of Singapore"
1997197,309108,"Ireland -  Central Bank of Ireland"
1997197,378989,"United Kingdom - Financial Conduct Authority"
1997197,397780,"Mauritius, Republic of - Financial Services Commission"
2000161,214753,"Mauritius, Republic of - Financial Services Commission"
1985171,395863,"Jersey - Jersey Financial Services Commission"
1985171,395859,"Jersey - Jersey Financial Services Commission"
1985171,395860,"Jersey - Jersey Financial Services Commission"
1985171,395862,"United Kingdom - Financial Conduct Authority"
1985171,395864,"Jersey - Jersey Financial Services Commission"
1985171,395865,"United Kingdom - Financial Conduct Authority"
1985171,395866,"Jersey - Jersey Financial Services Commission"
1985171,395867,"Jersey - Jersey Financial Services Commission"
1985171,395872,"Jersey - Jersey Financial Services Commission"
1985171,395873,"Jersey - Jersey Financial Services Commission"
1985171,395874,"Jersey - Jersey Financial Services Commission"
1985171,395875,"Jersey - Jersey Financial Services Commission"
1985171,395876,"Jersey - Jersey Financial Services Commission"
1985171,395877,"Jersey - Jersey Financial Services Commission"
1985171,395878,"Jersey - Jersey Financial Services Commission"
1985171,395879,"Jersey - Jersey Financial Services Commission"
1985171,395880,"Jersey - Jersey Financial Services Commission"
1985171,395881,"Jersey - Jersey Financial Services Commission"
1985171,395882,"Jersey - Jersey Financial Services Commission"
1985171,395884,"Jersey - Jersey Financial Services Commission"
1985171,395897,"Switzerland - Swiss Financial Market Supervisory Authority"
1985171,395902,"Jersey - Jersey Financial Services Commission"
1985171,395903,"Jersey - Jersey Financial Services Commission"
1987936,396372,"Jersey - Jersey Financial Services Commission"
1987936,396373,"Jersey - Jersey Financial Services Commission"
1987936,396375,"United Kingdom - Financial Conduct Authority"
1987936,396377,"Jersey - Jersey Financial Services Commission"
1987936,396378,"United Kingdom - Financial Conduct Authority"
1987936,396380,"Jersey - Jersey Financial Services Commission"
1987936,396381,"Jersey - Jersey Financial Services Commission"
1987936,396386,"Jersey - Jersey Financial Services Commission"
1987936,396387,"Jersey - Jersey Financial Services Commission"
1987936,396388,"Jersey - Jersey Financial Services Commission"
1987936,396389,"Jersey - Jersey Financial Services Commission"
1987936,396390,"Jersey - Jersey Financial Services Commission"
1987936,396391,"Jersey - Jersey Financial Services Commission"
1987936,396392,"Jersey - Jersey Financial Services Commission"
1987936,396393,"Jersey - Jersey Financial Services Commission"
1987936,396394,"Jersey - Jersey Financial Services Commission"
1987936,396395,"Jersey - Jersey Financial Services Commission"
1987936,396396,"Jersey - Jersey Financial Services Commission"
1987936,396398,"Jersey - Jersey Financial Services Commission"
1987936,396401,"Jersey - Jersey Financial Services Commission"
1987936,396416,"Jersey - Jersey Financial Services Commission"
1987936,396417,"Jersey - Jersey Financial Services Commission"
1987936,396517,"Jersey - Jersey Financial Services Commission"
1987946,396419,"Jersey - Jersey Financial Services Commission"
1987946,396420,"Jersey - Jersey Financial Services Commission"
1987946,396429,"United Kingdom - Financial Conduct Authority"
1987946,396431,"Jersey - Jersey Financial Services Commission"
1987946,396432,"United Kingdom - Financial Conduct Authority"
1987946,396434,"Jersey - Jersey Financial Services Commission"
1987946,396435,"Jersey - Jersey Financial Services Commission"
1987946,396440,"Jersey - Jersey Financial Services Commission"
1987946,396441,"Jersey - Jersey Financial Services Commission"
1987946,396442,"Jersey - Jersey Financial Services Commission"
1987946,396443,"Jersey - Jersey Financial Services Commission"
1987946,396444,"Jersey - Jersey Financial Services Commission"
1987946,396445,"Jersey - Jersey Financial Services Commission"
1987946,396446,"Jersey - Jersey Financial Services Commission"
1987946,396447,"Jersey - Jersey Financial Services Commission"
1987946,396448,"Jersey - Jersey Financial Services Commission"
1987946,396449,"Jersey - Jersey Financial Services Commission"
1987946,396450,"Jersey - Jersey Financial Services Commission"
1987946,396452,"Jersey - Jersey Financial Services Commission"
1987946,396455,"Jersey - Jersey Financial Services Commission"
1987946,396467,"Jersey - Jersey Financial Services Commission"
1987946,396472,"Jersey - Jersey Financial Services Commission"
1987946,396473,"Jersey - Jersey Financial Services Commission"
1987946,396521,"Jersey - Jersey Financial Services Commission"
1994999,277719,"Guernsey - Guernsey Financial Services Commission"
1992935,308320,"Cayman Islands - Cayman Islands Monetary Authority"
1995339,294366,"United Kingdom - Financial Conduct Authority"
1995645,312577,"Singapore - Monetary Authority of Singapore"
1996609,340008,"Luxembourg, Grand Duchy of - Commission to Surveillance of the Finance Sector"
1996609,340013,"Luxembourg, Grand Duchy of - Commission to Surveillance of the Finance Sector"
1996609,340016,"Luxembourg, Grand Duchy of - Commission to Surveillance of the Finance Sector"
1995319,311335,"Hong Kong - Securities and Futures Commission"
1995015,168046,"Japan - Financial Services Agency"
1995015,168048,"United Kingdom - Financial Conduct Authority"
1995015,168049,"Singapore - Monetary Authority of Singapore"
1995015,397905,"Japan - Financial Services Agency"
1991766,228665,"Jersey - Jersey Financial Services Commission"
1991766,248602,"Jersey - Jersey Financial Services Commission"
1991766,289116,"Jersey - Jersey Financial Services Commission"
1991766,289117,"Jersey - Jersey Financial Services Commission"
1991766,289118,"Jersey - Jersey Financial Services Commission"
1991766,308434,"United Kingdom - Financial Conduct Authority"
1991766,308436,"Jersey - Jersey Financial Services Commission"
1991766,308524,"Jersey - Jersey Financial Services Commission"
1991766,333267,"United Kingdom - Financial Conduct Authority"
1991766,355323,"Jersey - Jersey Financial Services Commission"
1991766,377475,"Jersey - Jersey Financial Services Commission"
1991766,377476,"Jersey - Jersey Financial Services Commission"
1991766,396986,"Guernsey - Guernsey Financial Services Commission"
1991766,398112,"United Kingdom - Financial Conduct Authority"
1982843,395739,"Jersey - Jersey Financial Services Commission"
1982843,395682,"Switzerland - Swiss Financial Market Supervisory Authority"
1982843,395733,"Jersey - Jersey Financial Services Commission"
1982843,395737,"United Kingdom - Financial Conduct Authority"
1982843,395738,"Jersey - Jersey Financial Services Commission"
1982843,395740,"Jersey - Jersey Financial Services Commission"
1982843,395741,"Jersey - Jersey Financial Services Commission"
1982843,395742,"Jersey - Jersey Financial Services Commission"
1982843,395743,"Jersey - Jersey Financial Services Commission"
1982843,395744,"Jersey - Jersey Financial Services Commission"
1982843,395745,"Jersey - Jersey Financial Services Commission"
1982843,395747,"Jersey - Jersey Financial Services Commission"
1982843,395748,"United Kingdom - Financial Conduct Authority"
1982843,395749,"Jersey - Jersey Financial Services Commission"
1982843,395750,"Jersey - Jersey Financial Services Commission"
1982843,395751,"Jersey - Jersey Financial Services Commission"
1982843,395752,"Jersey - Jersey Financial Services Commission"
1982843,395753,"Jersey - Jersey Financial Services Commission"
1982843,395755,"Jersey - Jersey Financial Services Commission"
1982843,395756,"Jersey - Jersey Financial Services Commission"
1982843,395757,"Jersey - Jersey Financial Services Commission"
1982843,396032,"Jersey - Jersey Financial Services Commission"
1982843,396033,"Jersey - Jersey Financial Services Commission"
1982843,396036,"Jersey - Jersey Financial Services Commission"
1982843,396507,"Jersey - Jersey Financial Services Commission"
1982843,396508,"Jersey - Jersey Financial Services Commission"
1983591,396199,"Jersey - Jersey Financial Services Commission"
1983591,396200,"Jersey - Jersey Financial Services Commission"
1983591,396202,"United Kingdom - Financial Conduct Authority"
1983591,396203,"Jersey - Jersey Financial Services Commission"
1983591,396204,"Jersey - Jersey Financial Services Commission"
1983591,396205,"United Kingdom - Financial Conduct Authority"
1983591,396207,"Jersey - Jersey Financial Services Commission"
1983591,396208,"Jersey - Jersey Financial Services Commission"
1983591,396213,"Jersey - Jersey Financial Services Commission"
1983591,396214,"Jersey - Jersey Financial Services Commission"
1983591,396215,"Jersey - Jersey Financial Services Commission"
1983591,396216,"Jersey - Jersey Financial Services Commission"
1983591,396217,"Jersey - Jersey Financial Services Commission"
1983591,396219,"Jersey - Jersey Financial Services Commission"
1983591,396220,"Jersey - Jersey Financial Services Commission"
1983591,396222,"Jersey - Jersey Financial Services Commission"
1983591,396223,"Jersey - Jersey Financial Services Commission"
1983591,396224,"Jersey - Jersey Financial Services Commission"
1983591,396225,"Jersey - Jersey Financial Services Commission"
1983591,396227,"Jersey - Jersey Financial Services Commission"
1983591,396230,"Jersey - Jersey Financial Services Commission"
1983591,396240,"Jersey - Jersey Financial Services Commission"
1983591,396245,"Jersey - Jersey Financial Services Commission"
1983591,396246,"Jersey - Jersey Financial Services Commission"
1985312,395908,"Jersey - Jersey Financial Services Commission"
1985312,395909,"Jersey - Jersey Financial Services Commission"
1985312,395911,"United Kingdom - Financial Conduct Authority"
1985312,395912,"Jersey - Jersey Financial Services Commission"
1985312,395913,"Jersey - Jersey Financial Services Commission"
1985312,395914,"United Kingdom - Financial Conduct Authority"
1985312,395915,"Jersey - Jersey Financial Services Commission"
1985312,395916,"Jersey - Jersey Financial Services Commission"
1985312,395921,"Jersey - Jersey Financial Services Commission"
1985312,395922,"Jersey - Jersey Financial Services Commission"
1985312,395923,"Jersey - Jersey Financial Services Commission"
1985312,395924,"Jersey - Jersey Financial Services Commission"
1985312,395925,"Jersey - Jersey Financial Services Commission"
1985312,395926,"Jersey - Jersey Financial Services Commission"
1985312,395927,"Jersey - Jersey Financial Services Commission"
1985312,395928,"Jersey - Jersey Financial Services Commission"
1985312,395929,"Jersey - Jersey Financial Services Commission"
1985312,395931,"Jersey - Jersey Financial Services Commission"
1985312,395932,"Jersey - Jersey Financial Services Commission"
1985312,395934,"Jersey - Jersey Financial Services Commission"
1985312,395951,"Switzerland - Swiss Financial Market Supervisory Authority"
1985312,395956,"Jersey - Jersey Financial Services Commission"
1985312,395957,"Jersey - Jersey Financial Services Commission"
1987161,357644,"India - Securities and Exchange Board of India"
1999832,236836,"Other-INDIA - NATIONAL SPOT EXCHANGE LIMITED"
1999219,357500,"Cayman Islands - Cayman Islands Monetary Authority"
1999832,236834,"India - Securities and Exchange Board of India"
1999832,236836,"Other-INDIA - NATIONAL COMMODITY AND DERIVATIVES EXCHANGE LIMITED"
1999832,236836,"India - Securities and Exchange Board of India"
1999832,236836,"Other-INDIA - MULTI COMMODITY EXCHANGE OF INDIA LIMITED"
1999832,236841,"Other-INDIA - BSE LIMITED"
1999832,236841,"India - Securities and Exchange Board of India"
1999832,236841,"Other-INDIA - NATIONAL STOCK EXCHANGE OF INDIA LIMITED"
1999832,236853,"Other-INDIA-MAHARASHTRA REAL ESTATE REGULATORY AUTHORITY"
1999832,236853,"Other-INDIA - RESERVE BANK OF INDIA"
1999832,236866,"Other-INDIA - MULTI COMMODITY EXCHANGE OF INDIA LIMITED"
1999832,236866,"Other-INDIA - NATIONAL COMMODITY AND DERIVATIVES EXCHANGE LIMITED"
1999832,236866,"India - Securities and Exchange Board of India"
1999832,236866,"Other-INDIA - METROPOLITAN STOCK EXCHANGE OF INDIA LIMITED"
1999832,236866,"Other-INDIA - BSE LIMITED"
1999832,236866,"Other-INDIA - NATIONAL STOCK EXCHANGE OF INDIA LIMITED"
1999832,290159,"Singapore - Monetary Authority of Singapore"
1999832,290159,"India - Securities and Exchange Board of India"
1979368,397677,"Cayman Islands - Cayman Islands Monetary Authority"
1998359,336992,"Japan - Financial Services Agency"
1998359,336993,"Japan - Financial Services Agency"
1993918,294989,"Australia - Australian Securities and Investments Commission"
1993918,294991,"Australia - Australian Securities and Investments Commission"
1993918,294993,"Australia - Australian Securities and Investments Commission"
1993918,294994,"Other-CHINA - THE PEOPLE'S BANK OF CHINA"
1993918,294994,"Canada - Ontario Securities Commission"
1993918,294994,"Dubai - Dubai Financial Services Authority"
1993918,294994,"Australia - Australian Securities and Investments Commission"
1993918,294994,"India - Securities and Exchange Board of India"
1993918,294994,"South Korea - Financial Supervisory Commission / Financial Supervisory Service"
1993918,294994,"Thailand - Securities and Exchange Commission"
1993918,294994,"Other-AUSTRALIA - ASX CLEAR (FUTURES) PTY LIMITED"
1993918,294994,"Other-AUSTRALIA - ASX CLEAR PTY LIMITED"
1993918,294994,"Other-AUSTRALIA - ASX LIMITED (ASX)"
1993918,294994,"Other-AUSTRALIAN FINANCIAL COMPLAINTS AUTHORITY (AFCA)"
1993918,294994,"Other-AUSTRALIA - AUSTRALIAN SECURITIES EXCHANGE LIMITED (ASX 24)"
1993918,294994,"Other-AUSTRALIA - RESERVE BANK OF AUSTRALIA (RBA)"
1993918,294994,"Other-BELGIUM - FINANCIAL SERVICES AND MARKETS AUTHORITY (FSMA)"
1993918,294994,"Other-NETHERLANDS - ICE INDEX"
1993918,294994,"Other-SOUTH AFRICA - FINANCIAL SECTOR CONDUCT AUTHORITY (FSCA)"
1993918,294994,"Other-SOUTH KOREA - BANK OF KOREA (BOK)"
1993918,294994,"Other-TAIWAN - CENTRAL BANK OF CHINA (CBC)"
1993918,294994,"Other-TAIWAN - TAIWAN STOCK EXCHANGE (TWSE)"
1993918,294994,"China, People's Republic of - China Securities Regulatory Commission "
1993918,294994,"Other-AUSTRALIAN PRUDENTIAL REGULATORY AUTHORITY (APRA)"
1993918,294994,"Other-GERMANY - BUNDESANSTALT FÜR FINANZDIENSTLEISTUNGSAUFSICHT (BAFIN)"
1993918,294994,"Other-GERMANY - EUROPEAN ENERGY EXCHANGE (EEX)"
1993918,294996,"Australia - Australian Securities and Investments Commission"
1993918,294997,"Australia - Australian Securities and Investments Commission"
1993918,295000,"Australia - Australian Securities and Investments Commission"
1993918,295002,"Australia - Australian Securities and Investments Commission"
1993918,295003,"Australia - Australian Securities and Investments Commission"
1993918,334242,"United Kingdom - Financial Conduct Authority"
1993918,355491,"Australia - Australian Securities and Investments Commission"
1993918,355491,"Singapore - Monetary Authority of Singapore"
1993918,378577,"Australia - Australian Securities and Investments Commission"
1989563,123540,"Guernsey - Guernsey Financial Services Commission"
1989563,194466,"Guernsey - Guernsey Financial Services Commission"
1989563,194467,"Guernsey - Guernsey Financial Services Commission"
1989563,194468,"Guernsey - Guernsey Financial Services Commission"
1989563,211372,"Guernsey - Guernsey Financial Services Commission"
1989563,211374,"Guernsey - Guernsey Financial Services Commission"
1989563,249461,"Guernsey - Guernsey Financial Services Commission"
1989563,249462,"Guernsey - Guernsey Financial Services Commission"
1989563,271175,"Guernsey - Guernsey Financial Services Commission"
1989563,271176,"Guernsey - Guernsey Financial Services Commission"
1989563,309441,"Guernsey - Guernsey Financial Services Commission"
1989563,355636,"Guernsey - Guernsey Financial Services Commission"
1989563,378812,"Guernsey - Guernsey Financial Services Commission"
1989563,397949,"Guernsey - Guernsey Financial Services Commission"
1999671,398292,"United Kingdom - Financial Conduct Authority"
2000435,235053,"United Kingdom - Financial Conduct Authority"
2000435,235055,"Guernsey - Guernsey Financial Services Commission"
1995639,355839,"India - Securities and Exchange Board of India"
1995639,334260,"Dubai - Dubai Financial Services Authority"
1995639,334261,"Canada - Ontario Securities Commission"
1995639,334262,"India - Securities and Exchange Board of India"
1995639,334265,"India - Securities and Exchange Board of India"
1995639,355840,"India - Securities and Exchange Board of India"
1995639,355844,"Other-INSURANCE REGULATORY AND DEVELOPMENT AUTHORITY, INDIA & RESERVE BANK OF INDIA, INDIA"
1995639,378274,"India - Securities and Exchange Board of India"
1995639,397713,"India - Securities and Exchange Board of India"
1995639,397714,"India - Securities and Exchange Board of India"
1994447,306886,"Guernsey - Guernsey Financial Services Commission"
1994447,306887,"Guernsey - Guernsey Financial Services Commission"
1994447,306893,"Luxembourg, Grand Duchy of - Commission to Surveillance of the Finance Sector"
1994447,306895,"Other-SOUTH AFRICA - FINANCIAL SECTOR CONDUCT AUTHORITY"
1994447,306897,"Australia - Australian Securities and Investments Commission"
1994447,306899,"United Kingdom - Financial Conduct Authority"
1994447,306900,"Hong Kong - Securities and Futures Commission"
1994447,306902,"Other-SOUTH AFRICA - FINANCIAL SECTOR CONDUCT AUTHORITY"
1994447,306903,"Singapore - Monetary Authority of Singapore"
1994447,306905,"United Kingdom - Financial Conduct Authority"
1983084,395659,"Jersey - Jersey Financial Services Commission"
1983084,395655,"Jersey - Jersey Financial Services Commission"
1983084,395656,"Jersey - Jersey Financial Services Commission"
1983084,395658,"United Kingdom - Financial Conduct Authority"
1983084,395660,"Jersey - Jersey Financial Services Commission"
1983084,395661,"United Kingdom - Financial Conduct Authority"
1983084,395662,"Jersey - Jersey Financial Services Commission"
1983084,395663,"Jersey - Jersey Financial Services Commission"
1983084,395668,"Jersey - Jersey Financial Services Commission"
1983084,395669,"Jersey - Jersey Financial Services Commission"
1983084,395670,"Jersey - Jersey Financial Services Commission"
1983084,395671,"Jersey - Jersey Financial Services Commission"
1983084,395672,"Jersey - Jersey Financial Services Commission"
1983084,395673,"Jersey - Jersey Financial Services Commission"
1983084,395674,"Jersey - Jersey Financial Services Commission"
1983084,395675,"Jersey - Jersey Financial Services Commission"
1983084,395676,"Jersey - Jersey Financial Services Commission"
1983084,395677,"Jersey - Jersey Financial Services Commission"
1983084,395678,"Jersey - Jersey Financial Services Commission"
1983084,395680,"Jersey - Jersey Financial Services Commission"
1983084,395717,"Switzerland - Swiss Financial Market Supervisory Authority"
1983084,395722,"Jersey - Jersey Financial Services Commission"
1983084,395723,"Jersey - Jersey Financial Services Commission"
1982834,395790,"Jersey - Jersey Financial Services Commission"
1982834,395792,"Jersey - Jersey Financial Services Commission"
1982834,395794,"United Kingdom - Financial Conduct Authority"
1982834,395796,"Jersey - Jersey Financial Services Commission"
1982834,395797,"Jersey - Jersey Financial Services Commission"
1982834,395798,"United Kingdom - Financial Conduct Authority"
1982834,395799,"Jersey - Jersey Financial Services Commission"
1982834,395800,"Jersey - Jersey Financial Services Commission"
1982834,395805,"Jersey - Jersey Financial Services Commission"
1982834,395806,"Jersey - Jersey Financial Services Commission"
1982834,395807,"Jersey - Jersey Financial Services Commission"
1982834,395808,"Jersey - Jersey Financial Services Commission"
1982834,395810,"Jersey - Jersey Financial Services Commission"
1982834,395811,"Jersey - Jersey Financial Services Commission"
1982834,395812,"Jersey - Jersey Financial Services Commission"
1982834,395813,"Jersey - Jersey Financial Services Commission"
1982834,395814,"Jersey - Jersey Financial Services Commission"
1982834,395815,"Jersey - Jersey Financial Services Commission"
1982834,395816,"Jersey - Jersey Financial Services Commission"
1982834,395818,"Jersey - Jersey Financial Services Commission"
1982834,395833,"Switzerland - Swiss Financial Market Supervisory Authority"
1982834,395839,"Jersey - Jersey Financial Services Commission"
1982834,395840,"Jersey - Jersey Financial Services Commission"
1995859,211155,"United Kingdom - Financial Conduct Authority"
1995859,211158,"Japan - Financial Services Agency"
1995859,211669,"South Korea - Financial Supervisory Commission / Financial Supervisory Service"
1995859,242213,"Australia - Australian Securities and Investments Commission"
1995859,264451,"Other-ASSET MANAGEMENT ASSOCIATION OF CHINA"
1995859,285651,"Luxembourg, Grand Duchy of - Commission to Surveillance of the Finance Sector"
1995859,368572,"Netherlands - The Netherlands Authority for the Financial Markets"
1995859,368573,"Canada - Ontario Securities Commission"
1995859,368575,"Japan - Financial Services Agency"
1995859,368576,"Australia - Australian Securities and Investments Commission"
1995859,368579,"United Kingdom - Financial Conduct Authority"
1995859,368580,"Other-ASSET MANAGEMENT ASSOCIATION OF CHINA"
1991744,325951,"Hong Kong - Securities and Futures Commission"
1991744,325958,"Singapore - Monetary Authority of Singapore"
1991744,325960,"Japan - Financial Services Agency"
1991744,325969,"United Kingdom - Financial Conduct Authority"
1991744,325972,"Netherlands - The Netherlands Authority for the Financial Markets"
1991744,325975,"Other-MINISTRY OF LAND, INFRASTRUCTURE, TRANSPORT & TOURISM"
1991744,325975,"Japan - Financial Services Agency"
1991744,325978,"United Kingdom - Financial Conduct Authority"
1991744,325986,"Germany - German Federal Financial Supervisory Agency"
1991744,325989,"Luxembourg, Grand Duchy of - Commission to Surveillance of the Finance Sector"
1991744,325992,"Belgium - Banking, Finance and Insurance Commission"
1991744,325992,"South Korea - Financial Supervisory Commission / Financial Supervisory Service"
1991744,325997,"Canada - Alberta Securities Commission"
1991744,325997,"Canada - British Columbia Securities Commission"
1991744,325997,"Canada - Manitoba Securities Commission"
1991744,325997,"Canada - Nova Scotia Securities Commission"
1991744,325997,"Canada - Ontario Securities Commission"
1991744,325997,"Canada - Quebec, Financial Markets Authority"
1991744,325997,"Canada - Saskatchewan Financial Services Commission"
1991744,325997,"Guam - Department of Revenue and Taxation"
1991744,326004,"Other-NETHERLANDS - DE NEDERLANDSCHE BANK"
1991744,326009,"Japan - Financial Services Agency"
1991744,365953,"Luxembourg, Grand Duchy of - Commission to Surveillance of the Finance Sector"
2000443,234200,"United Kingdom - Financial Conduct Authority"
2000443,234201,"Guernsey - Guernsey Financial Services Commission"
1997402,233915,"Australia - Australian Securities and Investments Commission"
1992433,122300,"Other-LONDON STOCK EXCHANGE"
1992433,122300,"United Kingdom - Financial Conduct Authority"
1992433,122300,"Switzerland - Swiss Financial Market Supervisory Authority"
1992433,228376,"Other-CHILE - COMISIÓN CLASIFICADORA DE RIESGO"
1992433,228384,"Australia - Australian Securities and Investments Commission"
1992433,228384,"Singapore - Monetary Authority of Singapore"
1992433,228391,"United Kingdom - Financial Conduct Authority"
1992433,228763,"Guernsey - Guernsey Financial Services Commission"
1992433,228764,"Guernsey - Guernsey Financial Services Commission"
1992433,228766,"Guernsey - Guernsey Financial Services Commission"
1992433,289716,"Hong Kong - Securities and Futures Commission"
1992433,289717,"Other-KOREAN FINANCIAL INTELLIGENCE UNIT (KOFIU)"
1992433,289717,"South Korea - Financial Supervisory Commission / Financial Supervisory Service"
1992433,289717,"Other-KOREA EXCHANGE (KRX)"
1992433,289717,"Other-KOREA FINANCIAL INVESTMENT ASSOCIATION (KOFIA)"
1992433,289719,"Other-FINANCIAL SERVICES AGENCY, THE JAPANESE GOVERNMENT"
1992433,289721,"Australia - Australian Securities and Investments Commission"
1992433,289723,"Canada - Ontario Securities Commission"
1992433,289723,"Canada - Prince Edward Island, Securities Office"
1992433,289723,"Canada - Alberta Securities Commission"
1992433,289723,"Canada - British Columbia Securities Commission"
1992433,289723,"Canada - New Brunswick Securities Commission"
1992433,289723,"Canada - Newfoundland and Labrador, Financial Services Regulation Division"
1992433,289723,"Canada - Quebec, Financial Markets Authority"
1992433,289723,"Canada - Saskatchewan Financial Services Commission"
1992433,289723,"Canada - Manitoba Securities Commission"
1992433,289723,"Canada - Nova Scotia Securities Commission"
1992433,289725,"Jersey - Jersey Financial Services Commission"
1992433,309019,"Luxembourg, Grand Duchy of - Commission to Surveillance of the Finance Sector"
1992433,309021,"Austria - Financial Market Authority"
1992433,309029,"United Kingdom - Financial Conduct Authority"
1992433,309113,"Australia - Australian Securities and Investments Commission"
1992433,309114,"Australia - Australian Securities and Investments Commission"
1992433,333763,"Australia - Australian Securities and Investments Commission"
1992433,334177,"United Kingdom - Financial Conduct Authority"
1992433,334177,"Other-UNITED KINGDOM - ICE FUTURES EUROPE"
1992433,334177,"United Kingdom - Prudential Regulation Authority"
1992433,334177,"Other-GERMANY - EUROPEAN ENERGY EXCHANGE (EEX)"
1992433,334177,"Other-UNITED KINGDOM - ICE ENDEX"
1992433,334177,"Other-UNITED KINGDOM - OFFICE OF GAS & ELECTRICITY MARKETS"
1992433,334177,"Other-UNITED KINGDOM - LONDON METAL EXCHANGE (LME)"
1992433,334177,"Other-AUSTRALIA - AUSTRALIAN PRUDENTIAL REGULATION AUTHORITY"
1992433,355543,"Other-FRANCE - AMF - AUTORITÉ DES MARCHÉS FINANCIERS"
1992433,398342,"Other-FINANCIAL SERVICES COMMISSION"
1992433,398342,"Other-FINANCIAL SUPERVISORY SERVICE"
1993924,112454,"Dubai - Dubai Financial Services Authority"
1993924,112442,"United Kingdom - Financial Conduct Authority"
1993924,112451,"China, People's Republic of - China Securities Regulatory Commission "
1993924,112451,"Hong Kong - Securities and Futures Commission"
1993924,112454,"Other-ABU DHABI GLOBAL MARKET FINANCIAL SERVICES REGULATORY AUTHORITY"
1993924,112454,"Switzerland - Swiss Financial Market Supervisory Authority"
1993924,112454,"Jersey - Jersey Financial Services Commission"
1993924,228313,"Singapore - Monetary Authority of Singapore"
1993924,334842,"Cayman Islands - Cayman Islands Monetary Authority"
1993924,398162,"United Kingdom - Financial Conduct Authority"
1996851,164434,"Mauritius, Republic of - Financial Services Commission"
1996851,213054,"Jersey - Jersey Financial Services Commission"
1996851,213055,"Guernsey - Guernsey Financial Services Commission"
1996851,271638,"Guernsey - Guernsey Financial Services Commission"
1996851,276737,"Mauritius, Republic of - Financial Services Commission"
1996851,290001,"Mauritius, Republic of - Financial Services Commission"
1996851,311363,"Guernsey - Guernsey Financial Services Commission"
1996851,397749,"Guernsey - Guernsey Financial Services Commission"
1996851,397753,"Mauritius, Republic of - Financial Services Commission"
1996851,397754,"Guernsey - Guernsey Financial Services Commission"
1996851,397755,"Guernsey - Guernsey Financial Services Commission"
1996851,397756,"Guernsey - Guernsey Financial Services Commission"
1996851,397757,"Guernsey - Guernsey Financial Services Commission"
1997644,368331,"India - Securities and Exchange Board of India"
1997254,385653,"Dubai - Dubai Financial Services Authority"
1998320,385423,"United Kingdom - Financial Conduct Authority"
1998793,315468,"United Kingdom - Financial Conduct Authority"
1998793,315473,"Hong Kong - Securities and Futures Commission"
1999925,398246,"Hong Kong - Securities and Futures Commission"
1987638,382691,"Cayman Islands - Cayman Islands Monetary Authority"
1987638,382692,"Cayman Islands - Cayman Islands Monetary Authority"
2000619,339203,"Brazil - Securities and Exchange Commission"
1997917,382352,"India - Securities and Exchange Board of India"
1997917,382354,"Dubai - Dubai Financial Services Authority"
1997917,382355,"Canada - Ontario Securities Commission"
1997917,382356,"India - Securities and Exchange Board of India"
1997917,382357,"Singapore - Monetary Authority of Singapore"
1997917,382358,"Other-INSURANCE REGULATORY AND DEVELOPMENT AUTHORITY, INDIA"
1997917,382358,"Other-RESERVE BANK OF INDIA, INDIA"
1997917,382359,"India - Securities and Exchange Board of India"
1997917,382360,"India - Securities and Exchange Board of India"
1997917,382361,"India - Securities and Exchange Board of India"
1997917,397927,"India - Securities and Exchange Board of India"
1997917,397928,"India - Securities and Exchange Board of India"
1995366,121316,"Japan - Financial Services Agency"
1995366,149945,"Hong Kong - Securities and Futures Commission"
1995366,297395,"Singapore - Monetary Authority of Singapore"
1998013,124193,"Mauritius, Republic of - Financial Services Commission"
1998013,191981,"Mauritius, Republic of - Financial Services Commission"
1998306,120226,"Liechtenstein - Financial Market Authority"
1998306,120201,"Ireland -  Central Bank of Ireland"
1998306,120211,"Switzerland - Swiss Financial Market Supervisory Authority"
1998306,120253,"Hong Kong - Securities and Futures Commission"
1998306,120259,"Singapore - Monetary Authority of Singapore"
1998306,120280,"Liechtenstein - Financial Market Authority"
1998306,120283,"Other-CAYMAN ISLANDS - CAYMAN ISLANDS MONETARY AUTHORITY"
1998306,120288,"Hong Kong - Securities and Futures Commission"
1998306,158096,"Dubai - Dubai Financial Services Authority"
1998306,158098,"Other-JAPAN- KANTO LOCAL FINANCIAL BUREAU"
1998306,174229,"Switzerland - Swiss Financial Market Supervisory Authority"
1998306,174234,"United Kingdom - Financial Conduct Authority"
1998306,174249,"Australia - Australian Securities and Investments Commission"
1998306,223516,"Liechtenstein - Financial Market Authority"
1998306,223541,"United Kingdom - Financial Conduct Authority"
1998306,223551,"Jersey - Jersey Financial Services Commission"
1998306,223576,"United Kingdom - Financial Conduct Authority"
1998306,242788,"United Kingdom - Financial Conduct Authority"
1998306,264791,"United Kingdom - Financial Conduct Authority"
1998306,264804,"Brazil - Securities and Exchange Commission"
1998306,264808,"India - Securities and Exchange Board of India"
1998306,282590,"France - Financial Markets Authority"
1998306,282712,"Dubai - Dubai Financial Services Authority"
1998306,371145,"United Kingdom - Financial Conduct Authority"
1998306,371149,"Jersey - Jersey Financial Services Commission"
1982082,398127,"Other-INDIA - INTERNATIONAL FINANCIAL SERVICES CENTRES AUTHORITY"
1982082,398128,"Other-INDIA - PENSION FUND REGULATORY AND DEVELOPMENT AUTHORITY"
1995123,124655,"Hong Kong - Securities and Futures Commission"
1995123,311883,"Switzerland - Swiss Financial Market Supervisory Authority"
1995123,340647,"Dubai - Dubai Financial Services Authority"
1995123,377350,"Ireland -  Central Bank of Ireland"
2000533,248092,"Guernsey - Guernsey Financial Services Commission"
2000533,248093,"Guernsey - Guernsey Financial Services Commission"
2000533,248094,"Guernsey - Guernsey Financial Services Commission"
2000533,289958,"Luxembourg, Grand Duchy of - Commission to Surveillance of the Finance Sector"
2000533,289959,"Luxembourg, Grand Duchy of - Commission to Surveillance of the Finance Sector"
1999266,272435,"Cayman Islands - Cayman Islands Monetary Authority"
1999549,165164,"Jersey - Jersey Financial Services Commission"
1999549,165165,"United Kingdom - Financial Conduct Authority"
1999549,201864,"Jersey - Jersey Financial Services Commission"
1999549,201865,"Jersey - Jersey Financial Services Commission"
1999549,227525,"Jersey - Jersey Financial Services Commission"
1999549,246888,"United Kingdom - Financial Conduct Authority"
1999549,309286,"Jersey - Jersey Financial Services Commission"
1999549,309287,"Jersey - Jersey Financial Services Commission"
1999549,309288,"Luxembourg, Grand Duchy of - Commission to Surveillance of the Finance Sector"
1999549,378507,"Luxembourg, Grand Duchy of - Commission to Surveillance of the Finance Sector"
1999549,378508,"Luxembourg, Grand Duchy of - Commission to Surveillance of the Finance Sector"
1999549,378509,"Luxembourg, Grand Duchy of - Commission to Surveillance of the Finance Sector"
2000261,233518,"Guernsey - Guernsey Financial Services Commission"
2000261,233519,"Guernsey - Guernsey Financial Services Commission"
1995943,248562,"Hong Kong - Securities and Futures Commission"
1995943,248563,"Japan - Financial Services Agency"
1995943,248566,"United Kingdom - Financial Conduct Authority"
1995943,308417,"Singapore - Monetary Authority of Singapore"
1995255,247509,"Hong Kong - Securities and Futures Commission"
1995255,247510,"United Kingdom - Financial Conduct Authority"
1995255,247513,"United Kingdom - Financial Conduct Authority"
1995255,247519,"Singapore - Monetary Authority of Singapore"
1995255,247523,"Netherlands - The Netherlands Authority for the Financial Markets"
2000288,378101,"Cayman Islands - Cayman Islands Monetary Authority"
1987315,396100,"Jersey - Jersey Financial Services Commission"
1987315,396089,"Jersey - Jersey Financial Services Commission"
1987315,396098,"Jersey - Jersey Financial Services Commission"
1987315,396102,"United Kingdom - Financial Conduct Authority"
1987315,396110,"Jersey - Jersey Financial Services Commission"
1987315,396113,"United Kingdom - Financial Conduct Authority"
1987315,396114,"Jersey - Jersey Financial Services Commission"
1987315,396115,"Jersey - Jersey Financial Services Commission"
1987315,396120,"Jersey - Jersey Financial Services Commission"
1987315,396121,"Jersey - Jersey Financial Services Commission"
1987315,396122,"Jersey - Jersey Financial Services Commission"
1987315,396123,"Jersey - Jersey Financial Services Commission"
1987315,396124,"Jersey - Jersey Financial Services Commission"
1987315,396125,"Jersey - Jersey Financial Services Commission"
1987315,396126,"Jersey - Jersey Financial Services Commission"
1987315,396127,"Jersey - Jersey Financial Services Commission"
1987315,396128,"Jersey - Jersey Financial Services Commission"
1987315,396130,"Jersey - Jersey Financial Services Commission"
1987315,396132,"Jersey - Jersey Financial Services Commission"
1987315,396136,"Jersey - Jersey Financial Services Commission"
1987315,396140,"Jersey - Jersey Financial Services Commission"
1987315,396145,"Jersey - Jersey Financial Services Commission"
1987315,396146,"Jersey - Jersey Financial Services Commission"
1987315,396516,"Jersey - Jersey Financial Services Commission"
1990400,314657,"Jersey - Jersey Financial Services Commission"
1996203,250941,"Australia - Australian Securities and Investments Commission"
1996203,362667,"Australia - Australian Securities and Investments Commission"
1996203,362673,"Australia - Australian Securities and Investments Commission"
1996203,362675,"Australia - Australian Securities and Investments Commission"
1996203,365554,"Australia - Australian Securities and Investments Commission"
1996203,365555,"Australia - Australian Securities and Investments Commission"
1996203,387192,"Australia - Australian Securities and Investments Commission"
1996203,387203,"Australia - Australian Securities and Investments Commission"
1996203,393543,"Australia - Australian Securities and Investments Commission"
2000146,118176,"Other-INDIA - NATIONAL STOCK EXCHANGE OF INDIA LIMITED"
2000146,118175,"India - Securities and Exchange Board of India"
2000146,118176,"Other-INDIA - METROPOLITAN STOCK EXCHANGE OF INDIA LIMITED"
2000146,118176,"Other-INDIA - BSE LIMITED"
2000146,118176,"India - Securities and Exchange Board of India"
2000146,118177,"India - Securities and Exchange Board of India"
2000146,118177,"Other-INDIA - MULTI COMMODITY EXCHANGE OF INDIA LIMITED"
2000146,118177,"Other-INDIA - NATIONAL COMMODITY AND DERIVATIVES EXCHANGE LIMITED"
2000146,118177,"Other-INDIA - BSE LIMITED"
2000146,118177,"Other-INDIA - NATIONAL STOCK EXCHANGE OF INDIA LIMITED"
2000146,118177,"Other-INDIA - METROPOLITAN STOCK EXCHANGE OF INDIA LIMITED"
2000146,118180,"Other-INDIA - MAHARASHTRA REAL ESTATE REGULATORY AUTHORITY"
2000146,118180,"Other-INDIA- RESERVE BANK OF INDIA"
2000146,118185,"India - Securities and Exchange Board of India"
2000146,290196,"India - Securities and Exchange Board of India"
2000146,290196,"Singapore - Monetary Authority of Singapore"
1987921,370408,"Other-RWANDA - CAPITAL MARKETS AUTHORITY"
1987921,290277,"Mauritius, Republic of - Financial Services Commission"
1987921,290279,"South Africa - Financial Services Board"
1987921,290280,"Other-CONSEIL RÉGIONAL DE L'EPARGNE PUBLIQUE ET DES MARCHÉS FINANCIERS"
1987921,324606,"Other-COMMISSION DE SURVEILLANCE DU MARCHE FINANCIER DE L'AFRIQUE CENTRALE"
1987921,370412,"Mauritius, Republic of - Financial Services Commission"
1997689,347083,"Singapore - Monetary Authority of Singapore"
1997689,347092,"Hong Kong - Securities and Futures Commission"
1997689,347095,"United Kingdom - Financial Conduct Authority"
1997689,372901,"Other-AGDM - FINANCIAL SERVICES REGULATORY AUTHORITY"
1997754,270038,"Hong Kong - Securities and Futures Commission"
1993928,202329,"Luxembourg, Grand Duchy of - Commission to Surveillance of the Finance Sector"
1993928,247225,"United Kingdom - Financial Conduct Authority"
1998811,129502,"Canada - Alberta Securities Commission"
1998811,129502,"Canada - British Columbia Securities Commission"
1998811,129502,"Canada - Manitoba Securities Commission"
1998811,129502,"Canada - Nova Scotia Securities Commission"
1998811,129502,"Canada - Ontario Securities Commission"
1998811,129502,"Canada - Saskatchewan Financial Services Commission"
1998811,129502,"Canada - Yukon Territories, Registrar of Securities"
1998811,129502,"Canada - New Brunswick Securities Commission"
1998811,129502,"Canada - Newfoundland and Labrador, Financial Services Regulation Division"
1998811,129502,"Canada - Northwest Territories, Office of the Registrar of Securities"
1998811,129502,"Canada - Nunavut, Registrar of Securities"
1998811,129502,"Canada - Prince Edward Island, Securities Office"
1998811,129502,"Canada - Quebec, Financial Markets Authority"
1998811,238402,"India - Securities and Exchange Board of India"
1998811,238402,"Singapore - Monetary Authority of Singapore"
1998811,238402,"South Korea - Financial Supervisory Commission / Financial Supervisory Service"
1998811,238402,"China, People's Republic of - China Securities Regulatory Commission "
1998811,238403,"South Korea - Financial Supervisory Commission / Financial Supervisory Service"
1998811,238403,"United Kingdom - Financial Conduct Authority"
1998811,238403,"China, People's Republic of - China Securities Regulatory Commission "
1998811,238404,"India - Securities and Exchange Board of India"
1998811,238408,"Ireland -  Central Bank of Ireland"
1998811,238408,"United Kingdom - Financial Conduct Authority"
1998811,238409,"Hong Kong - Securities and Futures Commission"
1998811,238409,"India - Securities and Exchange Board of India"
1998811,238409,"China, People's Republic of - China Securities Regulatory Commission "
1998811,238409,"South Korea - Financial Supervisory Commission / Financial Supervisory Service"
1998811,238410,"Other-LIECHTENSTEIN - FINANCIAL MARKET AUTHORITY"
1998811,238410,"Switzerland - Swiss Financial Market Supervisory Authority"
1998811,238412,"Ireland -  Central Bank of Ireland"
1998811,238415,"Canada - Northwest Territories, Office of the Registrar of Securities"
1998811,238415,"Canada - Prince Edward Island, Securities Office"
1998811,238415,"Canada - Saskatchewan Financial Services Commission"
1998811,238415,"Canada - Nova Scotia Securities Commission"
1998811,238415,"Canada - Ontario Securities Commission"
1998811,238415,"Ireland -  Central Bank of Ireland"
1998811,238415,"Canada - Nunavut, Registrar of Securities"
1998811,238415,"Canada - Alberta Securities Commission"
1998811,238415,"Canada - Yukon Territories, Registrar of Securities"
1998811,238415,"Canada - Quebec, Financial Markets Authority"
1998811,238415,"Canada - Manitoba Securities Commission"
1998811,238415,"Canada - Newfoundland and Labrador, Financial Services Regulation Division"
1998811,238415,"Liechtenstein - Financial Market Authority"
1998811,238400,"Jersey - Jersey Financial Services Commission"
1998811,238406,"Germany - German Federal Financial Supervisory Agency"
1998811,238415,"Canada - British Columbia Securities Commission"
1998811,238415,"Canada - New Brunswick Securities Commission"
1998811,238415,"Mexico - National Commission for Banking and Securities"
1998811,238415,"United Arab Emirates - Securities and Commodities Authority"
1998811,238415,"Guernsey - Guernsey Financial Services Commission"
1998811,238415,"Hong Kong - Securities and Futures Commission"
1998811,238415,"Spain - National Commission of Securities Markets"
1998811,238416,"India - Securities and Exchange Board of India"
1998811,238416,"Sweden - Swedish Financial Supervisory Authority"
1998811,238416,"United Kingdom - Financial Conduct Authority"
1998811,238416,"Finland - Financial Supervision Authority"
1998811,238416,"Netherlands - The Netherlands Authority for the Financial Markets"
1998811,238417,"Luxembourg, Grand Duchy of - Commission to Surveillance of the Finance Sector"
1998811,238417,"China, People's Republic of - China Securities Regulatory Commission "
1998811,238418,"Other-BELGIUM - FINANCIAL SERVICES AND MARKETS AUTHORITY"
1998811,238418,"United Kingdom - Financial Conduct Authority"
1998811,238418,"Finland - Financial Supervision Authority"
1998811,238418,"Luxembourg, Grand Duchy of - Commission to Surveillance of the Finance Sector"
1998811,238418,"Sweden - Swedish Financial Supervisory Authority"
1998811,238418,"Netherlands - The Netherlands Authority for the Financial Markets"
1998811,238418,"Ireland -  Central Bank of Ireland"
1998811,238419,"Cayman Islands - Cayman Islands Monetary Authority"
1998811,238420,"China, People's Republic of - China Securities Regulatory Commission "
1998811,238420,"India - Securities and Exchange Board of India"
1998811,238420,"United Kingdom - Financial Conduct Authority"
1998811,238421,"South Korea - Financial Supervisory Commission / Financial Supervisory Service"
1998811,238421,"United Kingdom - Financial Conduct Authority"
1998811,238422,"Australia - Australian Securities and Investments Commission"
1998811,238423,"South Korea - Financial Supervisory Commission / Financial Supervisory Service"
1998811,238424,"Taiwan - Financial Supervisory Commission"
1998811,238428,"Japan - Financial Services Agency"
1998811,238429,"United Kingdom - Financial Conduct Authority"
1998811,238429,"United Kingdom - Prudential Regulation Authority"
1998811,238431,"China, People's Republic of - China Securities Regulatory Commission "
1998811,238432,"France - Financial Markets Authority"
1998811,238434,"Other-BELGIUM - FINANCIAL SERVICES AND MARKETS AUTHORITY"
1998811,238434,"Ireland -  Central Bank of Ireland"
1998811,238434,"Netherlands - The Netherlands Authority for the Financial Markets"
1998811,238434,"Luxembourg, Grand Duchy of - Commission to Surveillance of the Finance Sector"
1998811,238434,"Sweden - Swedish Financial Supervisory Authority"
1998811,238434,"United Kingdom - Financial Conduct Authority"
1998811,238434,"Finland - Financial Supervision Authority"
1998811,253894,"Luxembourg, Grand Duchy of - Commission to Surveillance of the Finance Sector"
1998811,253896,"Brazil - Securities and Exchange Commission"
1998811,253897,"Ireland -  Central Bank of Ireland"
1998811,253900,"Ireland -  Central Bank of Ireland"
1998811,299069,"Germany - German Federal Financial Supervisory Agency"
1998811,318045,"Mexico - National Commission for Banking and Securities"
1998811,318066,"Netherlands - The Netherlands Authority for the Financial Markets"
1998811,393886,"Jersey - Jersey Financial Services Commission"
1998811,393889,"Jersey - Jersey Financial Services Commission"
1998811,393891,"Jersey - Jersey Financial Services Commission"
1998811,393896,"Jersey - Jersey Financial Services Commission"
1998811,393900,"Jersey - Jersey Financial Services Commission"
1999015,354446,"Guernsey - Guernsey Financial Services Commission"
1998813,238782,"Jersey - Jersey Financial Services Commission"
1998813,238785,"South Korea - Financial Supervisory Commission / Financial Supervisory Service"
1998813,238785,"China, People's Republic of - China Securities Regulatory Commission "
1998813,238785,"India - Securities and Exchange Board of India"
1998813,238785,"Singapore - Monetary Authority of Singapore"
1998813,238787,"China, People's Republic of - China Securities Regulatory Commission "
1998813,238787,"South Korea - Financial Supervisory Commission / Financial Supervisory Service"
1998813,238787,"United Kingdom - Financial Conduct Authority"
1998813,238788,"India - Securities and Exchange Board of India"
1998813,238792,"Germany - German Federal Financial Supervisory Agency"
1998813,238795,"United Kingdom - Financial Conduct Authority"
1998813,238795,"Ireland -  Central Bank of Ireland"
1998813,238797,"Hong Kong - Securities and Futures Commission"
1998813,238797,"India - Securities and Exchange Board of India"
1998813,238797,"South Korea - Financial Supervisory Commission / Financial Supervisory Service"
1998813,238797,"China, People's Republic of - China Securities Regulatory Commission "
1998813,238798,"Other-LIECHTENSTEIN - FINANCIAL MARKET AUTHORITY"
1998813,238798,"Switzerland - Swiss Financial Market Supervisory Authority"
1998813,238802,"Ireland -  Central Bank of Ireland"
1998813,238806,"United Kingdom - Financial Conduct Authority"
1998813,238806,"Finland - Financial Supervision Authority"
1998813,238806,"Canada - Yukon Territories, Registrar of Securities"
1998813,238806,"Canada - Manitoba Securities Commission"
1998813,238806,"Ireland -  Central Bank of Ireland"
1998813,238806,"Canada - New Brunswick Securities Commission"
1998813,238806,"Canada - Northwest Territories, Office of the Registrar of Securities"
1998813,238806,"Canada - British Columbia Securities Commission"
1998813,238806,"Canada - Prince Edward Island, Securities Office"
1998813,238806,"Canada - Nova Scotia Securities Commission"
1998813,238806,"Canada - Ontario Securities Commission"
1998813,238806,"Canada - Newfoundland and Labrador, Financial Services Regulation Division"
1998813,238806,"Canada - Alberta Securities Commission"
1998813,238806,"Canada - Quebec, Financial Markets Authority"
1998813,238806,"Canada - Nunavut, Registrar of Securities"
1998813,238806,"Canada - Saskatchewan Financial Services Commission"
1998813,238806,"Netherlands - The Netherlands Authority for the Financial Markets"
1998813,238806,"Hong Kong - Securities and Futures Commission"
1998813,238806,"Luxembourg, Grand Duchy of - Commission to Surveillance of the Finance Sector"
1998813,238806,"Sweden - Swedish Financial Supervisory Authority"
1998813,238808,"United Kingdom - Prudential Regulation Authority"
1998813,238808,"Finland - Financial Supervision Authority"
1998813,238808,"Netherlands - The Netherlands Authority for the Financial Markets"
1998813,238808,"India - Securities and Exchange Board of India"
1998813,238808,"Sweden - Swedish Financial Supervisory Authority"
1998813,238810,"Luxembourg, Grand Duchy of - Commission to Surveillance of the Finance Sector"
1998813,238810,"China, People's Republic of - China Securities Regulatory Commission "
1998813,238812,"Netherlands - The Netherlands Authority for the Financial Markets"
1998813,238812,"Finland - Financial Supervision Authority"
1998813,238812,"Luxembourg, Grand Duchy of - Commission to Surveillance of the Finance Sector"
1998813,238812,"Ireland -  Central Bank of Ireland"
1998813,238812,"Sweden - Swedish Financial Supervisory Authority"
1998813,238812,"United Kingdom - Financial Conduct Authority"
1998813,238812,"Other-BELGIUM - FINANCIAL SERVICES AND MARKETS AUTHORITY"
1998813,238815,"Cayman Islands - Cayman Islands Monetary Authority"
1998813,238816,"China, People's Republic of - China Securities Regulatory Commission "
1998813,238816,"United Kingdom - Financial Conduct Authority"
1998813,238816,"India - Securities and Exchange Board of India"
1998813,238819,"South Korea - Financial Supervisory Commission / Financial Supervisory Service"
1998813,238819,"United Kingdom - Financial Conduct Authority"
1998813,238820,"Australia - Australian Securities and Investments Commission"
1998813,238821,"South Korea - Financial Supervisory Commission / Financial Supervisory Service"
1998813,238823,"Taiwan - Financial Supervisory Commission"
1998813,238826,"United Kingdom - Financial Conduct Authority"
1998813,238826,"India - Securities and Exchange Board of India"
1998813,238830,"Japan - Financial Services Agency"
1998813,238832,"United Kingdom - Financial Conduct Authority"
1998813,238832,"United Kingdom - Prudential Regulation Authority"
1998813,238836,"China, People's Republic of - China Securities Regulatory Commission "
1998813,238837,"France - Financial Markets Authority"
1998813,238840,"Ireland -  Central Bank of Ireland"
1998813,238840,"Finland - Financial Supervision Authority"
1998813,238840,"Sweden - Swedish Financial Supervisory Authority"
1998813,238840,"United Kingdom - Financial Conduct Authority"
1998813,238840,"Netherlands - The Netherlands Authority for the Financial Markets"
1998813,238840,"Other-BELGIUM - FINANCIAL SERVICES AND MARKETS AUTHORITY"
1998813,238840,"Luxembourg, Grand Duchy of - Commission to Surveillance of the Finance Sector"
1998813,254631,"Luxembourg, Grand Duchy of - Commission to Surveillance of the Finance Sector"
1998813,254633,"Brazil - Securities and Exchange Commission"
1998813,254634,"Ireland -  Central Bank of Ireland"
1998813,254637,"Ireland -  Central Bank of Ireland"
1998813,299064,"Germany - German Federal Financial Supervisory Agency"
1998813,318539,"Mexico - National Commission for Banking and Securities"
1998813,318595,"Netherlands - The Netherlands Authority for the Financial Markets"
1998813,392765,"Jersey - Jersey Financial Services Commission"
1998813,392768,"Jersey - Jersey Financial Services Commission"
1998813,392769,"Jersey - Jersey Financial Services Commission"
1998813,392771,"Jersey - Jersey Financial Services Commission"
1998813,392773,"Jersey - Jersey Financial Services Commission"
1997387,233916,"Australia - Australian Securities and Investments Commission"
1995630,383290,"Other-INDIA - SECURITIES AND EXCHANGE BOARD OF INDIA"
1995630,383291,"Other-RESERVE BANK OF INDIA"
1996737,397741,"United Kingdom - Financial Conduct Authority"
1998685,162501,"Ireland -  Central Bank of Ireland"
1998685,347747,"Ireland -  Central Bank of Ireland"
1998678,339997,"Guernsey - Guernsey Financial Services Commission"
1998014,270300,"Singapore - Monetary Authority of Singapore"
1998014,270856,"Mauritius, Republic of - Financial Services Commission"
2000434,376914,"India - Securities and Exchange Board of India"
1996319,111544,"Jersey - Jersey Financial Services Commission"
1996319,111583,"Hong Kong - Securities and Futures Commission"
1996319,111583,"China, People's Republic of - China Securities Regulatory Commission "
1996319,111586,"Switzerland - Swiss Financial Market Supervisory Authority"
1996319,111586,"Jersey - Jersey Financial Services Commission"
1996319,111586,"Other-ABU DHABI GLOBAL MARKET FINANCIAL SERVICES REGULATORY AUTHORITY"
1996319,111586,"Dubai - Dubai Financial Services Authority"
1996319,228372,"Singapore - Monetary Authority of Singapore"
1996319,334844,"Cayman Islands - Cayman Islands Monetary Authority"
1996319,398164,"United Kingdom - Financial Conduct Authority"
1996024,113586,"United Kingdom - Financial Conduct Authority"
1996024,113587,"Jersey - Jersey Financial Services Commission"
1996024,113591,"Hong Kong - Securities and Futures Commission"
1996024,113591,"China, People's Republic of - China Securities Regulatory Commission "
1996024,228361,"Singapore - Monetary Authority of Singapore"
1996024,334845,"Cayman Islands - Cayman Islands Monetary Authority"
1996024,398163,"United Kingdom - Financial Conduct Authority"
1993553,147576,"Cayman Islands - Cayman Islands Monetary Authority"
1997996,194163,"United Kingdom - Financial Conduct Authority"
1997996,194165,"United Kingdom - Financial Conduct Authority"
1998619,212007,"Cayman Islands - Cayman Islands Monetary Authority"
1995931,121632,"Other-UNITED KINGDOM - FINANCIAL CONDUCT AUTHORITY"
1995931,162986,"Hong Kong - Securities and Futures Commission"
1995931,308415,"Singapore - Monetary Authority of Singapore"
1997734,273684,"Japan - Financial Services Agency"
1997734,273684,"Brazil - Securities and Exchange Commission"
1997734,273684,"South Korea - Financial Supervisory Commission / Financial Supervisory Service"
1997734,273684,"Singapore - Monetary Authority of Singapore"
1997734,273688,"Ireland -  Central Bank of Ireland"
1999910,133593,"United Kingdom - Financial Conduct Authority"
1999910,133593,"Dubai - Dubai Financial Services Authority"
1999910,133593,"Singapore - Monetary Authority of Singapore"
1999910,133593,"India - Securities and Exchange Board of India"
1999910,133594,"India - Securities and Exchange Board of India"
1999910,133595,"India - Securities and Exchange Board of India"
1999910,133596,"India - Securities and Exchange Board of India"
1999910,133596,"Other-INDIA - RESERVE BANK OF INDIA"
1999910,133596,"Other-UNITED ARAB EMIRATES - CENTRAL BANK OF UAE"
1999910,133596,"Dubai - Dubai Financial Services Authority"
1999910,133596,"Other-INDIA - INTERNATIONAL FINANCIAL SERVICES CENTRES AUTHORITY"
1999910,133599,"India - Securities and Exchange Board of India"
1999910,193019,"Canada - Ontario Securities Commission"
1999910,193019,"Singapore - Monetary Authority of Singapore"
1999910,193019,"India - Securities and Exchange Board of India"
1999910,271796,"India - Securities and Exchange Board of India"
1998788,128647,"Guernsey - Guernsey Financial Services Commission"
1998788,150049,"Luxembourg, Grand Duchy of - Commission to Surveillance of the Finance Sector"
1998788,290141,"Hong Kong - Securities and Futures Commission"
1998788,356316,"Guernsey - Guernsey Financial Services Commission"
1996584,108781,"Guernsey - Guernsey Financial Services Commission"
1996584,108783,"Guernsey - Guernsey Financial Services Commission"
1996584,145716,"Guernsey - Guernsey Financial Services Commission"
1998652,379762,"Luxembourg, Grand Duchy of - Commission to Surveillance of the Finance Sector"
1998652,379766,"Luxembourg, Grand Duchy of - Commission to Surveillance of the Finance Sector"
1998652,379767,"Luxembourg, Grand Duchy of - Commission to Surveillance of the Finance Sector"
1997536,127039,"Other-UNITED KINGDOM - FINANCIAL CONDUCT AUTHORITY"
1997536,163192,"United Kingdom - Financial Conduct Authority"
1991827,290673,"Jersey - Jersey Financial Services Commission"
1991827,290675,"United Kingdom - Financial Conduct Authority"
1991827,290676,"Jersey - Jersey Financial Services Commission"
1991827,290677,"Jersey - Jersey Financial Services Commission"
1991827,290678,"Jersey - Jersey Financial Services Commission"
1991827,290679,"Jersey - Jersey Financial Services Commission"
1991827,290680,"Jersey - Jersey Financial Services Commission"
1991827,308522,"Guernsey - Guernsey Financial Services Commission"
1991827,308523,"Jersey - Jersey Financial Services Commission"
1991827,333352,"United Kingdom - Financial Conduct Authority"
1991827,355249,"Jersey - Jersey Financial Services Commission"
1991827,377510,"Jersey - Jersey Financial Services Commission"
1991827,377511,"Jersey - Jersey Financial Services Commission"
1997530,126746,"Other-UNITED KINGDOM - FINANCIAL CONDUCT AUTHORITY"
1997530,163193,"United Kingdom - Financial Conduct Authority"
1997512,164050,"United Kingdom - Financial Conduct Authority"
1997512,334331,"United Kingdom - Financial Conduct Authority"
1993934,309443,"Finland - Financial Supervision Authority"
1993934,355041,"Singapore - Monetary Authority of Singapore"
1996835,209302,"United Kingdom - Financial Conduct Authority"
1995211,114359,"Hong Kong - Securities and Futures Commission"
1995211,114367,"United Kingdom - Financial Conduct Authority"
1995211,128401,"Guernsey - Guernsey Financial Services Commission"
1995211,191516,"Guernsey - Guernsey Financial Services Commission"
1995211,334218,"Luxembourg, Grand Duchy of - Commission to Surveillance of the Finance Sector"
1995211,397556,"Luxembourg, Grand Duchy of - Commission to Surveillance of the Finance Sector"
1995211,397796,"United Arab Emirates - Securities and Commodities Authority"
1997067,358268,"Cayman Islands - Cayman Islands Monetary Authority"
1996965,305036,"United Kingdom - Financial Conduct Authority"
1996965,305039,"China, People's Republic of - China Securities Regulatory Commission "
1996965,305042,"India - Securities and Exchange Board of India"
1996965,305043,"Other-PHILIPPINES - SECURITIES AND EXCHANGE COMISSION"
1996965,305043,"Hong Kong - Securities and Futures Commission"
1996965,305043,"India - Securities and Exchange Board of India"
1996965,305044,"Germany - German Federal Financial Supervisory Agency"
1996965,305045,"Hong Kong - Securities and Futures Commission"
1996965,305045,"Other-HONG KONG CHINA SECURITIES REGULATORY COMMISSION"
1996965,305047,"Ireland -  Central Bank of Ireland"
1996965,305050,"Japan - Financial Services Agency"
1996965,305053,"Malaysia - Securities Commission"
1996965,305054,"Other-TAIWAN - SECURITIES AND FUTURES BUREAU UNDER FINANCIAL SUPERVISORY COMMISSION"
1996965,305056,"Singapore - Monetary Authority of Singapore"
1996965,305058,"Switzerland - Swiss Financial Market Supervisory Authority"
1996965,392261,"Luxembourg, Grand Duchy of - Commission to Surveillance of the Finance Sector"
1997465,275313,"Cayman Islands - Cayman Islands Monetary Authority"
1996513,212237,"Jersey - Jersey Financial Services Commission"
1996513,355402,"Luxembourg, Grand Duchy of - Commission to Surveillance of the Finance Sector"
1993060,293217,"Australia - Australian Securities and Investments Commission"
1993060,293218,"Australia - Australian Securities and Investments Commission"
1993060,293220,"Dubai - Dubai Financial Services Authority"
1993060,293220,"Other-SOUTH AFRICA - FINANCIAL SECTOR CONDUCT AUTHORITY (FSCA)"
1993060,293220,"China, People's Republic of - China Securities Regulatory Commission "
1993060,293220,"Other-AUSTRALIA - AUSTRALIAN PRUDENTIAL REGULATORY AUTHORITY (APRA)"
1993060,293220,"Other-GERMANY - EUROPEAN ENERGY EXCHANGE (EEX)"
1993060,293220,"Other-GERMANY - BUNDESANSTALT FÜR FINANZDIENSTLEISTUNGSAUFSICHT (BAFIN)"
1993060,293220,"Other-CHINA - THE PEOPLE'S BANK OF CHINA"
1993060,293220,"Other-AUSTRALIA - ASX CLEAR PTY LIMITED"
1993060,293220,"Other-AUSTRALIA - ASX LIMITED (ASX)"
1993060,293220,"Other-AUSTRALIA - AUSTRALIAN FINANCIAL COMPLAINTS AUTHORITY (AFCA)"
1993060,293220,"Australia - Australian Securities and Investments Commission"
1993060,293220,"Other-AUSTRALIA - AUSTRALIAN SECURITIES EXCHANGE LIMITED (ASX 24)"
1993060,293220,"Other-SOUTH KOREA - BANK OF KOREA (BOK)"
1993060,293220,"Other-AUSTRALIA - ASX CLEAR (FUTURES) PTY LIMITED"
1993060,293220,"South Korea - Financial Supervisory Commission / Financial Supervisory Service"
1993060,293220,"Other-NETHERLANDS - ICE INDEX"
1993060,293220,"Canada - Ontario Securities Commission"
1993060,293220,"Other-AUSTRALIA - RESERVE BANK OF AUSTRALIA (RBA)"
1993060,293220,"India - Securities and Exchange Board of India"
1993060,293220,"Other-TAIWAN - CENTRAL BANK OF CHINA (CBC)"
1993060,293220,"Other-TAIWAN - TAIWAN STOCK EXCHANGE (TWSE)"
1993060,293220,"Thailand - Securities and Exchange Commission"
1993060,293220,"Other-BELGIUM - FINANCIAL SERVICES AND MARKETS AUTHORITY (FSMA)"
1993060,293222,"Australia - Australian Securities and Investments Commission"
1993060,293223,"Australia - Australian Securities and Investments Commission"
1993060,293225,"Australia - Australian Securities and Investments Commission"
1993060,293226,"Australia - Australian Securities and Investments Commission"
1993060,293227,"Australia - Australian Securities and Investments Commission"
1993060,333591,"Australia - Australian Securities and Investments Commission"
1993060,334367,"United Kingdom - Financial Conduct Authority"
1993060,355494,"Singapore - Monetary Authority of Singapore"
1993060,355494,"Australia - Australian Securities and Investments Commission"
1993060,378531,"Australia - Australian Securities and Investments Commission"
1994373,211010,"Australia - Australian Securities and Investments Commission"
1994373,211013,"Australia - Australian Securities and Investments Commission"
1994373,228385,"Australia - Australian Securities and Investments Commission"
1994373,270405,"Canada - Ontario Securities Commission"
1994373,270405,"Australia - Australian Securities and Investments Commission"
1994373,270405,"China, People's Republic of - China Securities Regulatory Commission "
1994373,270405,"Dubai - Dubai Financial Services Authority"
1994373,270405,"India - Securities and Exchange Board of India"
1994373,270405,"South Korea - Financial Supervisory Commission / Financial Supervisory Service"
1994373,270405,"Thailand - Securities and Exchange Commission"
1994373,270405,"Other-AUSTRALIA - ASX CLEAR (FUTURES) PTY LIMITED"
1994373,270405,"Other-AUSTRALIA - ASX CLEAR PTY LIMITED"
1994373,270405,"Other-AUSTRALIA - ASX LIMITED (ASX)"
1994373,270405,"Other-AUSTRALIA - AUSTRALIAN FINANCIAL COMPLAINTS AUTHORITY (AFCA)"
1994373,270405,"Other-AUSTRALIA - AUSTRALIAN SECURITIES EXCHANGE LIMITED (ASX 24)"
1994373,270405,"Other-BELGIUM - FINANCIAL SERVICES AND MARKETS AUTHORITY (FSMA)"
1994373,270405,"Other-NETHERLANDS - ICE INDEX"
1994373,270405,"Other-SOUTH AFRICA - FINANCIAL SECTOR CONDUCT AUTHORITY (FSCA)"
1994373,270405,"Other-SOUTH KOREA - BANK OF KOREA (BOK)"
1994373,270405,"Other-TAIWAN - CENTRAL BANK OF CHINA (CBC)"
1994373,270405,"Other-TAIWAN - TAIWAN STOCK EXCHANGE (TWSE)"
1994373,270405,"Other-AUSTRALIA - RESERVE BANK OF AUSTRALIA (RBA)"
1994373,270405,"Other-GERMANY - EUROPEAN ENERGY EXCHANGE (EEX)"
1994373,270405,"Other-CHINA - THE PEOPLE'S BANK OF CHINA"
1994373,270405,"Other-AUSTRALIAN PRUDENTIAL REGULATION AUTHORITY"
1994373,270405,"Other-GERMANY - BUNDESANSTALT FÜR FINANZDIENSTLEISTUNGSAUFSICHT (BAFIN)"
1994373,308602,"Australia - Australian Securities and Investments Commission"
1994373,308604,"Australia - Australian Securities and Investments Commission"
1994373,308608,"Australia - Australian Securities and Investments Commission"
1994373,334237,"United Kingdom - Financial Conduct Authority"
1994373,334239,"Australia - Australian Securities and Investments Commission"
1994373,355637,"Singapore - Monetary Authority of Singapore"
1994373,355637,"Australia - Australian Securities and Investments Commission"
1994373,355638,"Australia - Australian Securities and Investments Commission"
1994373,378528,"Australia - Australian Securities and Investments Commission"
1994373,397769,"Chile - Superintendent of Pension Fund Administrators"
1986937,294804,"Cayman Islands - Cayman Islands Monetary Authority"
1986937,294806,"Cayman Islands - Cayman Islands Monetary Authority"
1986937,294807,"Japan - Financial Services Agency"
1985379,297983,"Mauritius, Republic of - Financial Services Commission"
1996205,389376,"Singapore - Monetary Authority of Singapore"
1996205,389377,"Hong Kong - Securities and Futures Commission"
1996205,389378,"Thailand - Securities and Exchange Commission"
1996205,389379,"Japan - Financial Services Agency"
1996205,389380,"Australia - Australian Securities and Investments Commission"
1996205,389382,"United Kingdom - Financial Conduct Authority"
1996205,389383,"Australia - Australian Securities and Investments Commission"
1995333,291174,"United Kingdom - Financial Conduct Authority"
1996522,214468,"Switzerland - Swiss Financial Market Supervisory Authority"
1996522,214463,"Hong Kong - Securities and Futures Commission"
1996522,214463,"China, People's Republic of - China Securities Regulatory Commission "
1996522,214465,"United Kingdom - Financial Conduct Authority"
1996522,214466,"Jersey - Jersey Financial Services Commission"
1996522,214468,"Jersey - Jersey Financial Services Commission"
1996522,214468,"Other-ABU DHABI - FINANCIAL SERVICES REGULATORY AUTHORITY"
1996522,214468,"Dubai - Dubai Financial Services Authority"
1996522,348008,"Cayman Islands - Cayman Islands Monetary Authority"
1988026,396308,"Switzerland - Swiss Financial Market Supervisory Authority"
1988339,396553,"United Kingdom - Financial Conduct Authority"
2000379,309889,"Guernsey - Guernsey Financial Services Commission"
2000379,309891,"France - Financial Markets Authority"
2000379,309891,"Other-FRANCE - ACPR"
2000379,309892,"United Kingdom - Financial Conduct Authority"
1995380,222397,"Mauritius, Republic of - Financial Services Commission"
1995380,241029,"Australia - Australian Securities and Investments Commission"
1995380,241032,"Singapore - Monetary Authority of Singapore"
1995380,345144,"Mauritius, Republic of - Financial Services Commission"
1995380,346361,"United Kingdom - Financial Conduct Authority"
1995380,370338,"Mauritius, Republic of - Financial Services Commission"
1996692,165078,"Other-MALTA FINANCIAL SERVICES AUTHORITY"
1996692,165080,"United Kingdom - Financial Conduct Authority"
1996692,292083,"Other-MALTA FINANCIAL SERVICES AUTHORITY"
1995646,265703,"South Korea - Financial Supervisory Commission / Financial Supervisory Service"
1995646,265693,"Australia - Australian Securities and Investments Commission"
1995646,265695,"Germany - German Federal Financial Supervisory Agency"
1995646,265699,"United Kingdom - Financial Conduct Authority"
1995646,265703,"Singapore - Monetary Authority of Singapore"
1995646,265710,"Hong Kong - Securities and Futures Commission"
1995646,265713,"Japan - Financial Services Agency"
1995646,265718,"South Korea - Financial Supervisory Commission / Financial Supervisory Service"
1995646,265723,"Germany - German Federal Financial Supervisory Agency"
1995646,265723,"United Kingdom - Prudential Regulation Authority"
1995646,265723,"United Kingdom - Financial Conduct Authority"
1995646,265725,"Switzerland - Swiss Financial Market Supervisory Authority"
1995646,265726,"Canada - Quebec, Financial Markets Authority"
1995646,265726,"Canada - British Columbia Securities Commission"
1995646,265726,"Canada - Newfoundland and Labrador, Financial Services Regulation Division"
1995646,265726,"Canada - Ontario Securities Commission"
1995646,265730,"Luxembourg, Grand Duchy of - Commission to Surveillance of the Finance Sector"
1995646,265732,"United Kingdom - Financial Conduct Authority"
1995646,265771,"Germany - German Federal Financial Supervisory Agency"
1999225,378959,"Japan - Financial Services Agency"
1996959,248691,"United Kingdom - Financial Conduct Authority"
1996959,248820,"Jersey - Jersey Financial Services Commission"
1996959,271669,"Other-SAUDI ARABIAN GENERAL INVESTMENT AUTHORITY; SAUDI ARABI"
1996959,271673,"Singapore - Monetary Authority of Singapore"
1996959,290183,"Jersey - Jersey Financial Services Commission"
1996959,290185,"Jersey - Jersey Financial Services Commission"
1974935,308447,"United Kingdom - Financial Conduct Authority"
1974935,308448,"Luxembourg, Grand Duchy of - Commission to Surveillance of the Finance Sector"
1974935,308449,"Luxembourg, Grand Duchy of - Commission to Surveillance of the Finance Sector"
1974935,333706,"Luxembourg, Grand Duchy of - Commission to Surveillance of the Finance Sector"
2000803,393680,"Guernsey - Guernsey Financial Services Commission"
2000803,393681,"Guernsey - Guernsey Financial Services Commission"
1989841,108809,"United Kingdom - Financial Conduct Authority"
1989841,113079,"Guernsey - Guernsey Financial Services Commission"
1989841,117084,"Guernsey - Guernsey Financial Services Commission"
1989841,117089,"Guernsey - Guernsey Financial Services Commission"
1989841,148546,"Guernsey - Guernsey Financial Services Commission"
1989841,228705,"Guernsey - Guernsey Financial Services Commission"
1989841,228707,"Guernsey - Guernsey Financial Services Commission"
1989841,248795,"Guernsey - Guernsey Financial Services Commission"
1989841,248798,"Guernsey - Guernsey Financial Services Commission"
1989841,288986,"Guernsey - Guernsey Financial Services Commission"
1989841,288987,"Guernsey - Guernsey Financial Services Commission"
1989841,288988,"Guernsey - Guernsey Financial Services Commission"
1989841,334321,"Guernsey - Guernsey Financial Services Commission"
1989841,355608,"Guernsey - Guernsey Financial Services Commission"
1989841,355609,"Guernsey - Guernsey Financial Services Commission"
1989841,355610,"Guernsey - Guernsey Financial Services Commission"
1989841,355611,"Guernsey - Guernsey Financial Services Commission"
1989841,355612,"Guernsey - Guernsey Financial Services Commission"
1989841,355613,"Guernsey - Guernsey Financial Services Commission"
1989841,355615,"Guernsey - Guernsey Financial Services Commission"
1989841,378784,"Guernsey - Guernsey Financial Services Commission"
1989841,378785,"Guernsey - Guernsey Financial Services Commission"
1989841,378786,"Guernsey - Guernsey Financial Services Commission"
1989841,378787,"Guernsey - Guernsey Financial Services Commission"
1995323,292372,"Singapore - Monetary Authority of Singapore"
1995267,115036,"Hong Kong - Securities and Futures Commission"
1995267,192002,"Singapore - Monetary Authority of Singapore"
1995267,228857,"United Kingdom - Financial Conduct Authority"
1995267,248743,"Japan - Financial Services Agency"
1995267,248745,"Netherlands - The Netherlands Authority for the Financial Markets"
1995267,356212,"Luxembourg, Grand Duchy of - Commission to Surveillance of the Finance Sector"
1995267,378973,"United Kingdom - Financial Conduct Authority"
1995267,379072,"United Kingdom - Financial Conduct Authority"
1995259,379716,"Singapore - Monetary Authority of Singapore"
1995259,379718,"Netherlands - The Netherlands Authority for the Financial Markets"
1995259,379744,"Hong Kong - Securities and Futures Commission"
1995259,379761,"United Kingdom - Financial Conduct Authority"
1995259,380616,"Luxembourg, Grand Duchy of - Commission to Surveillance of the Finance Sector"
1993937,380330,"United Kingdom - Financial Conduct Authority"
1993937,380331,"Finland - Financial Supervision Authority"
1988542,117456,"Malaysia - Securities Commission"
1988542,117459,"Singapore - Monetary Authority of Singapore"
1996591,355322,"Luxembourg, Grand Duchy of - Commission to Surveillance of the Finance Sector"
1996591,355325,"Luxembourg, Grand Duchy of - Commission to Surveillance of the Finance Sector"
1997013,164775,"United Kingdom - Financial Conduct Authority"
1997013,267362,"United Kingdom - Financial Conduct Authority"
1993100,143022,"Singapore - Monetary Authority of Singapore"
1996565,114757,"France - Financial Markets Authority"
1996565,298421,"Luxembourg, Grand Duchy of - Commission to Surveillance of the Finance Sector"
1988307,186383,"United Kingdom - Financial Conduct Authority"
1988307,186384,"United Kingdom - Financial Conduct Authority"
1988307,186385,"United Kingdom - Financial Conduct Authority"
1997516,126048,"Hong Kong - Securities and Futures Commission"
1997516,126056,"Other-FINANCIAL MARKETS AUTHORITY (NEW ZEALAND)"
1993573,270834,"Luxembourg, Grand Duchy of - Commission to Surveillance of the Finance Sector"
1984706,191963,"Guernsey - Guernsey Financial Services Commission"
1984706,246722,"Guernsey - Guernsey Financial Services Commission"
1984706,289640,"Guernsey - Guernsey Financial Services Commission"
1984706,333846,"Guernsey - Guernsey Financial Services Commission"
1993404,276793,"Japan - Financial Services Agency"
1993404,351814,"Japan - Financial Services Agency"
1999008,378901,"Other-UNITED KINGDOM - FINANCIAL CONDUCT AUTHORITY (APPOINTED REPRESENTATIVE)"
1999008,378905,"United Kingdom - Financial Conduct Authority"
1999008,378906,"Other-UNITED KINGDOM - FINANCIAL CONDUCT AUTHORITY (APPOINTED REPRESENTATIVE)"
1999008,378907,"Other-UNITED KINGDOM - FINANCIAL CONDUCT AUTHORITY (APPOINTED REPRESENTATIVE)"
1999008,378908,"United Kingdom - Financial Conduct Authority"
1999008,378910,"Other-UNITED KINGDOM - FINANCIAL CONDUCT AUTHORITY (APPOINTED REPRESENTATIVE)"
1999008,378911,"United Kingdom - Financial Conduct Authority"
1999007,365836,"United Kingdom - Financial Conduct Authority"
1999007,365839,"United Kingdom - Financial Conduct Authority"
1999007,365840,"Other-UNITED KINGDOM- FINANCIAL CONDUCT AUTHORITY (APPOINTED REPRESENTATIVE)"
1999007,365841,"Other-OTHER - UNITED KINGDOM- FINANCIAL CONDUCT AUTHORITY (APPOINTED REPRESENTATIVE)"
1999007,365842,"Other-OTHER - UNITED KINGDOM- FINANCIAL CONDUCT AUTHORITY (APPOINTED REPRESENTATIVE)"
1999007,365843,"Other-UNITED KINGDOM- FINANCIAL CONDUCT AUTHORITY (APPOINTED REPRESENTATIVE)"
1999007,368380,"United Kingdom - Financial Conduct Authority"
1992420,191334,"Other-INDIA - RESERVE BANK OF INDIA"
1998038,382910,"Singapore - Monetary Authority of Singapore"
1998038,382911,"India - Securities and Exchange Board of India"
1998038,382912,"India - Securities and Exchange Board of India"
1998038,382914,"India - Securities and Exchange Board of India"
1998038,382915,"India - Securities and Exchange Board of India"
1998038,382917,"India - Securities and Exchange Board of India"
1998038,382917,"Other-THE RESERVE BANK OF INDIA"
1998038,383064,"India - Securities and Exchange Board of India"
1998038,383065,"India - Securities and Exchange Board of India"
1998038,397897,"Singapore - Monetary Authority of Singapore"
1997991,386853,"Cayman Islands - Cayman Islands Monetary Authority"
1997991,387556,"Hong Kong - Securities and Futures Commission"
1995167,319886,"Guernsey - Guernsey Financial Services Commission"
1998621,232019,"Other-ASSET MANAGEMENT AUTHORITY OF CHINA"
1998621,250431,"Mauritius, Republic of - Financial Services Commission"
1995167,319885,"United Kingdom - Financial Conduct Authority"
1995167,319887,"Guernsey - Guernsey Financial Services Commission"
1995167,319888,"Guernsey - Guernsey Financial Services Commission"
1995167,319889,"Guernsey - Guernsey Financial Services Commission"
1995167,319890,"Guernsey - Guernsey Financial Services Commission"
1995167,319891,"Guernsey - Guernsey Financial Services Commission"
1995167,319892,"Guernsey - Guernsey Financial Services Commission"
1995167,319893,"Guernsey - Guernsey Financial Services Commission"
1995167,319894,"Guernsey - Guernsey Financial Services Commission"
1995167,319895,"Guernsey - Guernsey Financial Services Commission"
1995167,319896,"Guernsey - Guernsey Financial Services Commission"
1995167,337576,"Guernsey - Guernsey Financial Services Commission"
1995167,349815,"Guernsey - Guernsey Financial Services Commission"
1997668,368289,"India - Securities and Exchange Board of India"
1997302,397786,"Australia - Australian Securities and Investments Commission"
1997302,397788,"Australia - Australian Securities and Investments Commission"
1997302,397789,"Australia - Australian Securities and Investments Commission"
1997302,397790,"Australia - Australian Securities and Investments Commission"
1997302,397797,"Australia - Australian Securities and Investments Commission"
1997302,397800,"Australia - Australian Securities and Investments Commission"
1997302,397822,"Australia - Australian Securities and Investments Commission"
1997302,397842,"Australia - Australian Securities and Investments Commission"
1998345,336990,"Japan - Financial Services Agency"
1999630,103137,"United Kingdom - Financial Conduct Authority"
1998272,332945,"India - Securities and Exchange Board of India"
1998272,332945,"Other-RESERVE BANK OF INDIA"
1998272,332946,"India - Securities and Exchange Board of India"
1998272,332947,"India - Securities and Exchange Board of India"
1998272,332950,"India - Securities and Exchange Board of India"
1998272,332951,"India - Securities and Exchange Board of India"
1998272,332953,"India - Securities and Exchange Board of India"
1998272,356158,"India - Securities and Exchange Board of India"
1998272,397924,"Singapore - Monetary Authority of Singapore"
1997464,210432,"Cayman Islands - Cayman Islands Monetary Authority"
1990408,211668,"United Kingdom - Financial Conduct Authority"
1990408,211705,"Other-SOUTH AFRICA - FINANCIAL SECTOR CONDUCT AUTHORITY"
1990408,211709,"Guernsey - Guernsey Financial Services Commission"
1990408,211710,"Australia - Australian Securities and Investments Commission"
1990408,211711,"Hong Kong - Securities and Futures Commission"
1990408,211713,"Singapore - Monetary Authority of Singapore"
1990408,211714,"United Kingdom - Financial Conduct Authority"
1990408,211721,"Guernsey - Guernsey Financial Services Commission"
1990408,211773,"Other-SOUTH AFRICA - FINANCIAL SECTOR CONDUCT AUTHORITY"
1990408,213950,"Guernsey - Guernsey Financial Services Commission"
1998356,168613,"United Kingdom - Financial Conduct Authority"
2000558,356837,"Ireland -  Central Bank of Ireland"
2000558,356838,"Jersey - Jersey Financial Services Commission"
2000558,356839,"Jersey - Jersey Financial Services Commission"
2000558,356840,"Luxembourg, Grand Duchy of - Commission to Surveillance of the Finance Sector"
2000558,356841,"Luxembourg, Grand Duchy of - Commission to Surveillance of the Finance Sector"
2000558,356842,"Luxembourg, Grand Duchy of - Commission to Surveillance of the Finance Sector"
2000558,356843,"Luxembourg, Grand Duchy of - Commission to Surveillance of the Finance Sector"
2000558,356844,"Luxembourg, Grand Duchy of - Commission to Surveillance of the Finance Sector"
1999221,358268,"Cayman Islands - Cayman Islands Monetary Authority"
1998299,290323,"Jersey - Jersey Financial Services Commission"
1998299,355691,"Jersey - Jersey Financial Services Commission"
1998682,364836,"Guernsey - Guernsey Financial Services Commission"
1998682,364993,"Guernsey - Guernsey Financial Services Commission"
1979584,356305,"Ireland -  Central Bank of Ireland"
