"FilingID","ReferenceID","Name of Prime Broker","SEC Number","CRD Number","City","State","Country","Custodian"
1980399,484868,"MORGAN STANLEY & CO. INTERNATIONAL PLC","",,"LONDON","","United Kingdom","Y"
1980399,484868,"GOLDMAN SACHS INTERNATIONAL","",,"LONDON","","United Kingdom","Y"
1987601,245907,"GOLDMAN SACHS INTERNATIONAL","",,"LONDON","","United Kingdom","Y"
1987601,245907,"J.P. MORGAN SECURITIES PLC","",,"LONDON","","United Kingdom","Y"
1987601,245907,"MORGAN STANLEY & CO. INTERNATIONAL PLC","",,"LONDON","","United Kingdom","Y"
1987601,245906,"MERILL LYNCH INTERNATIONAL","",,"LONDON","","United Kingdom","Y"
1987601,245906,"GOLDMAN SACHS INTERNATIONAL","",,"LONDON","","United Kingdom","Y"
1988475,43517,"WELLS FARGO PRIME SERVICES, LLC","8-66677",133068,"NEW YORK","New York","United States","Y"
1988475,43518,"WELLS FARGO PRIME SERVICES, LLC","8-66677",133068,"NEW YORK","New York","United States","Y"
1988475,43518,"CLEAR STREET LLC","8-69972",288933,"NEW YORK","New York","United States","Y"
1988475,43517,"CLEAR STREET LLC","8-69972",288933,"NEW YORK","New York","United States","Y"
1988475,61125,"CLEAR STREET LLC","8-69972",288933,"NEW YORK","New York","United States","Y"
1973348,52082,"RAVENSCROFT LIMITED","",,"ST PETER PORT","","Guernsey","Y"
1973348,201813,"JEFFERIES LLC","8-15074",2347,"NEW YORK","New York","United States","N"
1989607,422929,"MAREX PRIME SERVICES LIMITED","",,"LONDON","","United Kingdom","N"
1990196,41724,"MORGAN STANLEY","8-68191",149777,"LONDON","","United Kingdom","Y"
1990196,250821,"MORGAN STANLEY","8-68191",149777,"NEW YORK","New York","United States","Y"
1990196,41724,"CITIGROUP GLOBAL MARKETS INC.","8-8177",7059,"NEW YORK","New York","United States","Y"
1990196,250821,"CITIGROUP GLOBAL MARKETS INC.","8-8177",7059,"NEW YORK","New York","United States","Y"
1990196,41687,"CITIGROUP GLOBAL MARKETS INC.","8-8177",7059,"NEW YORK","New York","United States","N"
1990196,41661,"UBS FINANCIAL SERVICES INC.","8-16267",8174,"LONDON","","United Kingdom","Y"
1990196,41687,"CREDIT SUISSE SECURITIES (USA) LLC","8-422",816,"NEW YORK","New York","United States","N"
1990196,41724,"J.P. MORGAN SECURITIES INC.","8-36950",18718,"LONDON","","United Kingdom","Y"
1990196,41661,"UBS SECURITIES LLC","8-22651",7654,"NEW YORK","New York","United States","Y"
1990196,41724,"UBS SECURITIES LLC","8-22651",7654,"LONDON","","United Kingdom","Y"
1990196,41724,"UBS SECURITIES LLC","8-22651",7654,"NEW YORK","New York","United States","Y"
1990196,41661,"BNP PARIBAS BROKERAGE SERVICES, INC.","8-44765",31394,"LONDON","","United Kingdom","Y"
1990196,41661,"MERRILL LYNCH, PIERCE, FENNER & SMITH INCORPORATED","8-7221",7691,"LONDON","","United Kingdom","Y"
1990196,41687,"BNP PARIBAS BROKERAGE SERVICES, INC.","8-44765",31394,"LONDON","","United Kingdom","Y"
1990196,250821,"UBS SECURITIES LLC","8-22651",7654,"LONDON","","United Kingdom","Y"
1992661,487218,"INTERACTIVE BROKERS LLC","8-47257",36418,"GREENWICH","Connecticut","United States","Y"
1989768,209180,"NORTH CAPITAL PRIVATE SECURITIES CORPORATION","8-68648",154559,"SALT LAKE CITY","Utah","United States","N"
1989768,209183,"NORTH CAPITAL PRIVATE SECURITIES CORPORATION","8-68648",154559,"SALT LAKE CITY","Utah","United States","N"
1989768,209181,"NORTH CAPITAL PRIVATE SECURITIES CORPORATION","8-68648",154559,"SALT LAKE CITY","Utah","United States","N"
1986952,212239,"J.P. MORGAN SECURITIES LLC","8-35008",79,"NEW YORK","New York","United States","Y"
1986952,120734,"J.P. MORGAN SECURITIES LLC","8-35008",79,"NEW YORK","New York","United States","Y"
1986952,212239,"GOLDMAN SACHS & CO. LLC","8-129",361,"NEW YORK","New York","United States","Y"
1986952,212239,"MORGAN STANLEY & CO. LLC","8-15869",8209,"NEW YORK","New York","United States","Y"
1986952,120734,"MORGAN STANLEY & CO.","",,"LONDON","","United Kingdom","Y"
1986952,120734,"GOLDMAN SACHS INTERNATIONAL","",,"LONDON","","United Kingdom","Y"
1988351,486195,"INTERACTIVE BROKERS LLC","8-47257",36418,"GREENWICH","Connecticut","United States","Y"
1976062,231114,"MORGAN STANLEY AND CO. INTERNATIONAL PLC","",,"LONDON","","United Kingdom","Y"
1976062,231114,"GOLDMAN SACHS INTERNATIONAL","",,"LONDON","","United Kingdom","Y"
1976062,231114,"UBS AG","",,"LONDON","","United Kingdom","Y"
1976062,231114,"JP MORGAN SECURITIES PLC","",,"LONDON","","United Kingdom","Y"
1988254,486203,"INTERACTIVE BROKERS LLC","8-47257",36418,"GREENWICH","Connecticut","United States","Y"
1988933,363808,"MORGAN STANLEY & CO. LLC","8-15869",8209,"NEW YORK","New York","United States","Y"
1988933,363808,"GOLDMAN SACHS & CO. LLC","8-129",361,"NEW YORK","New York","United States","Y"
1991734,210955,"MERRILL LYNCH INTERNATIONAL","",,"LONDON","","United Kingdom","Y"
1991734,210955,"MORGAN STANLEY & CO. INTERNATIONAL PLC","",,"LONDON","","United Kingdom","Y"
1990426,266956,"GOLDMAN SACHS INTERNATIONAL","",,"LONDON","","United Kingdom","Y"
1990426,266956,"MORGAN STANLEY & CO. INTERNATIONAL PLC.","",,"LONDON","","United Kingdom","Y"
1975685,422019,"BANK OF AMERICA","",,"LONDON","","United Kingdom","Y"
1975685,422019,"MORGAN STANLEY AND CO. INTERNATIONAL PLC","",,"LONDON","","United Kingdom","Y"
1975685,422019,"UBS AG","",,"LONDON","","United Kingdom","Y"
1975685,422019,"JP MORGAN SECURITIES PLC","",,"LONDON","","United Kingdom","Y"
1975685,422019,"GOLDMAN SACHS INTERNATIONAL","",,"LONDON","","United Kingdom","Y"
1975685,66759,"BANK OF AMERICA","",,"LONDON","","United Kingdom","Y"
1975685,66759,"MORGAN STANLEY AND CO. INTERNATIONAL PLC","",,"LONDON","","United Kingdom","Y"
1975685,66759,"UBS AG","",,"LONDON","","United Kingdom","Y"
1975685,66759,"JP MORGAN SECURITIES PLC","",,"LONDON","","United Kingdom","Y"
1975685,66759,"GOLDMAN SACHS INTERNATIONAL","",,"LONDON","","United Kingdom","Y"
1985350,268847,"MORGAN STANLEY & CO. INTERNATIONAL PLC","",,"LONDON","","United Kingdom","Y"
1985350,268847,"UBS AG","",,"LONDON","","United Kingdom","Y"
1955867,426036,"MORGAN STANLEY & CO. INTERNATIONAL PLC","",,"LONDON","","United Kingdom","Y"
1955867,426036,"UBS AG","",,"LONDON","","United Kingdom","Y"
1988475,41026,"CLEAR STREET LLC","8-69972",288933,"NEW YORK","New York","United States","Y"
1983581,44680,"BTIG, LLC","8-65473",122225,"SAN FRANCISCO","California","United States","N"
1986733,422177,"INTERACTIVE BROKERS LLC","",,"GREENWICH","Connecticut","United States","Y"
1986733,422177,"M. S. HOWELLS & CO.","8-52558",104100,"NEW YORK","New York","United States","N"
1988548,231824,"INTERACTIVE BROKERS LLC","8-47257",36418,"GREENWICH","Connecticut","United States","Y"
1988548,231824,"M. S. HOWELLS & CO.","8-52558",104100,"SCOTTSDALE","Arizona","United States","N"
1982793,252677,"MERRILL LYNCH INTERNATIONAL","",,"LONDON","","United Kingdom","Y"
1982793,167320,"UBS AG","",,"LONDON","","United Kingdom","Y"
1982793,187514,"MERRILL LYNCH INTERNATIONAL","8-162416",,"LONDON","","United Kingdom","Y"
1982793,167320,"MERRILL LYNCH INTERNATIONAL","8-162416",,"LONDON","","United Kingdom","Y"
1982793,187514,"UBS AG","",,"LONDON","","United Kingdom","Y"
1982793,167320,"GOLDMAN SACHS INTERNATIONAL","",,"LONDON","","United Kingdom","Y"
1982793,167320,"MORGAN STANLEY","",,"LONDON","","United Kingdom","N"
1982793,187514,"GOLDMAN SACHS INTERNATIONAL","",,"LONDON","","United Kingdom","Y"
1982793,187514,"JP MORGAN SECURITIES PLC","",,"LONDON","","United Kingdom","Y"
1982793,167320,"JP MORGAN SECURITIES PLC","",,"LONDON","","United Kingdom","Y"
1989533,314578,"NOMURA INTERNATIONAL PLC","",,"LONDON","","United Kingdom","N"
1989533,314578,"MORGAN STANLEY & CO. INTERNATIONAL PLC","",,"LONDON","","United Kingdom","Y"
1989533,421626,"MORGAN STANLEY & CO. INTERNATIONAL PLC","",,"LONDON","","United Kingdom","Y"
1989355,42571,"BTIG, LLC","8-65473",122225,"SAN FRANCISCO","California","United States","N"
1988105,425907,"COINBASE, INC.","",,"NEW YORK","New York","United States","Y"
1988105,425907,"MORGAN STANLEY & CO. LLC","8-15869",8209,"NEW YORK","New York","United States","Y"
1987036,433086,"MAREX CAPITAL MARKETS INC.","8-69039",161014,"NEW YORK","New York","United States","Y"
1987036,278293,"MORGAN STANLEY","8-68191",149777,"NEW YORK","New York","United States","Y"
1985554,46886,"UBS AG","",,"LONDON","","United Kingdom","Y"
1985554,46886,"MORGAN STANLEY INTERNATIONAL","",,"LONDON","","United Kingdom","Y"
1985554,46886,"GOLDMAN SACHS INTERNATIONAL","",,"LONDON","","United Kingdom","Y"
1982168,279230,"SOLIOS INC., D/B/A FALCONX","",,"TA' XBIEX","","Malta","N"
1982168,279200,"SOLIOS INC., D/B/A FALCONX","",,"TA' XBIEX","","Malta","N"
1982168,279230,"BLOCKCHAIN.COM PTE. LTD","",,"DOWNTOWN CORE","","Singapore","N"
1982168,279200,"BLOCKCHAIN.COM PTE. LTD","",,"DOWNTOWN CORE","","Singapore","N"
1987705,479964,"BANCO DE INVESTIMENTO GLOBAL, SA","",,"LISBON","","Portugal","N"
1986684,419844,"JONESTRADING","8-26089",6888,"THOUSAND OAKS","California","United States","Y"
1986553,361982,"MORGAN STANLEY & CO INTERNATIONAL PLC","",,"LONDON","","United Kingdom","Y"
1986553,438389,"MORGAN STANLEY & CO. INTERNATIONAL PLC","",,"LONDON","","United Kingdom","Y"
1986553,438389,"GOLDMAN SACHS INTERNATIONAL LIMITED","",,"LONDON","","United Kingdom","Y"
1986553,438389,"J.P. MORGAN SECURITIES PLC","",,"LONDON","","United Kingdom","Y"
1986553,361982,"GOLDMAN SACHS INTERNATIONAL LIMITED","",,"LONDON","","United Kingdom","Y"
1986553,361982,"J.P. MORGAN SECURITIES PLC","",,"LONDON","","United Kingdom","Y"
1983210,485477,"J.P. MORGAN SE","",,"FRANKFURT","","Germany","Y"
1983210,485477,"MORGAN STANLEY & CO. INTERNATIONAL PLC","",,"LONDON","","United Kingdom","Y"
1988258,244826,"GOLDMAN SACHS INTERNATIONAL","",,"LONDON","","United Kingdom","Y"
1988258,246854,"GOLDMAN SACHS INTERNATIONAL","",,"LONDON","","United Kingdom","Y"
1988258,244826,"UBS AG","",,"LONDON","","United Kingdom","Y"
1987466,486157,"INTERACTIVE BROKERS LLC","8-47257",36418,"GREENWICH","Connecticut","United States","N"
1987679,177958,"SOCIETE GENERALE INTERNATIONAL LIMITED","",,"LONDON","","United Kingdom","Y"
1987679,177958,"SG AMERICAS SECURITIES, LLC","8-66125",128351,"NEW YORK","New York","United States","Y"
1987679,193898,"SOCIETE GENERALE INTERNATIONAL LIMITED","",,"LONDON","","United Kingdom","Y"
1987679,193898,"SG AMERICAS SECURITIES, LLC","8-66125",128351,"NEW YORK","New York","United States","Y"
1987679,193899,"SOCIETE GENERALE INTERNATIONAL LIMITED","",,"LONDON","","United Kingdom","Y"
1987679,193899,"SG AMERICAS SECURITIES, LLC","8-66125",128351,"NEW YORK","New York","United States","Y"
1987679,181241,"SOCIETE GENERALE INTERNATIONAL LIMITED","",,"LONDON","","United Kingdom","Y"
1987679,181241,"SG AMERICAS SECURITIES, LLC","8-66125",128351,"NEW YORK","New York","United States","Y"
1987679,231476,"SG AMERICAS SECURITIES, LLC","8-66125",128351,"NEW YORK","New York","United States","Y"
1987679,231474,"SG AMERICAS SECURITIES, LLC","8-66125",128351,"NEW YORK","New York","United States","Y"
1965147,214548,"MORGAN STANLEY","8-68191",149777,"WALNUT CREEK","California","United States","Y"
1965147,214542,"MORGAN STANLEY","8-68191",149777,"WALNUT CREEK","California","United States","Y"
1965147,214543,"MORGAN STANLEY","8-68191",149777,"WALNUT CREEK","California","United States","Y"
1965147,254746,"MORGAN STANLEY","8-68191",149777,"NEW YORK","New York","United States","Y"
1985420,311934,"INTERACTIVE BROKERS LLC","8-47257",36418,"GREENWICH","Connecticut","United States","Y"
1978876,35401,"RBC DOMINION SECURITIES INC.","",,"TORONTO","","Canada","Y"
1987451,357179,"GOLDMAN SACHS & CO. LLC","8-129",361,"NEW YORK","New York","United States","Y"
1974879,202058,"MORGAN STANLEY","8-68191",149777,"NEW YORK CITY","New York","United States","Y"
1989501,33862,"BNP PARIBAS","",,"LONDON","","United Kingdom","Y"
1989501,33862,"CITIGROUP GLOBAL MARKETS LIMITED","",,"LONDON","","United Kingdom","Y"
1989501,33862,"GOLDMAN SACHS INTERNATIONAL","",,"LONDON","","United Kingdom","Y"
1989501,33862,"MERRILL LYNCH INTERNATIONAL","",,"LONDON","","United Kingdom","Y"
1989501,33862,"MORGAN STANLEY & CO. INTERNATIONAL PLC","",,"LONDON","","United Kingdom","Y"
1989501,33862,"J.P. MORGAN SECURITIES PLC","",,"LONDON","","United Kingdom","Y"
1983258,285046,"GOLDMAN SACHS INTERNATIONAL","",,"LONDON","","United Kingdom","Y"
1983258,285046,"MERRILL LYNCH INTERNATIONAL","",,"LONDON","","United Kingdom","Y"
1983258,285046,"MORGAN STANLEY INTERNATIONAL PLC","",,"LONDON","","United Kingdom","Y"
1989302,364296,"JP MORGAN SECURITIES PLC","",,"LONDON","","United Kingdom","Y"
1989302,364296,"BNP PARIBAS, LONDON BRANCH","",,"LONDON","","United Kingdom","Y"
1989022,192156,"TD PRIME SERVICES LLC","8-3337",1914,"NEW YORK","New York","United States","Y"
1987795,237864,"RAYMOND JAMES & ASSOCIATES, INC.","8-10999",705,"NEW YORK","New York","United States","Y"
1987795,237864,"MERRILL LYNCH, PIERCE, FENNER & SMITH INCORPORATED","8-7221",7691,"NEW YORK","New York","United States","Y"
1987795,195398,"RAYMOND JAMES & ASSOCIATES, INC.","8-10999",705,"NEW YORK","New York","United States","Y"
1987795,195398,"MERRILL LYNCH, PIERCE, FENNER & SMITH INCORPORATED","8-7221",7691,"NEW YORK","New York","United States","Y"
1988252,367377,"BANCO BTG PACTUAL S.A.","",,"RIO DE JANEIRO","","Brazil","Y"
1988252,367332,"BANCO BTG PACTUAL S.A.","",,"RIO DE JANEIRO","","Brazil","Y"
1988252,367335,"BANCO BTG PACTUAL S.A.","",,"RIO DE JANEIRO","","Brazil","Y"
1988252,367275,"BANCO BTG PACTUAL S.A.","",,"RIO DE JANEIRO","","Brazil","Y"
1988252,468424,"BANCO BTG PACTUAL S.A.","",,"RIO DE JANEIRO","","Brazil","Y"
1988252,468578,"BANCO BTG PACTUAL S.A.","",,"RIO DE JANEIRO","","Brazil","Y"
1988252,477046,"BANCO BTG PACTUAL S.A.","",,"RIO DE JANEIRO","","Brazil","Y"
1977800,67279,"MORGAN STANLEY & CO. INTERNATIONAL PLC","",,"LONDON","","United Kingdom","Y"
1977800,309356,"MORGAN STANLEY & CO. INTERNATIONAL PLC","",,"LONDON","","United Kingdom","Y"
1977800,190142,"MORGAN STANLEY & CO. INTERNATIONAL PLC","",,"LONDON","","United Kingdom","Y"
1977800,227300,"MORGAN STANLEY & CO. INTERNATIONAL PLC","",,"LONDON","","United Kingdom","Y"
1977800,67279,"CITIGROUP GLOBAL MARKETS LIMITED","",,"LONDON","","United Kingdom","Y"
1977800,67281,"MORGAN STANLEY & CO. INTERNATIONAL PLC","",,"LONDON","","United Kingdom","Y"
1988475,61125,"WELLS FARGO PRIME SERVICES, LLC","8-66677",133068,"NEW YORK","New York","United States","Y"
1988475,41026,"WELLS FARGO PRIME SERVICES, LLC","8-66677",133068,"NEW YORK","New York","United States","N"
1991746,193850,"RAND MERCHANT BANK (DIVISION OF FIRSTRAND BANK LIMITED)","",,"SANDOWN","","South Africa","Y"
1991746,245714,"RAND MERCHANT BANK (DIVISION OF FIRSTRAND BANK LIMITED)","",,"SANDOWN","","South Africa","Y"
1991746,420584,"RAND MERCHANT BANK (DIVISION OF FIRSTRAND BANK LIMITED)","",,"SANDOWN","","South Africa","Y"
1990120,309616,"UBS AG","",,"LONDON","","United Kingdom","Y"
1990120,308708,"UBS AG","",,"LONDON","","United Kingdom","Y"
1990120,308708,"J.P. MORGAN SECURITIES PLC","",,"LONDON","","United Kingdom","Y"
1990120,308708,"CITIGROUP GLOBAL MARKETS LTD","",,"LONDON","","United Kingdom","Y"
1990120,308708,"MERRILL LYNCH INTERNATIONAL","",,"LONDON","","United Kingdom","Y"
1990120,308708,"MORGAN STANLEY & CO. INTERNATIONAL PLC","",,"LONDON","","United Kingdom","Y"
1990120,309315,"J.P. MORGAN SECURITIES PLC","",,"LONDON","","United Kingdom","Y"
1990120,309315,"GOLDMAN SACHS INTERNATIONAL","",,"LONDON","","United Kingdom","Y"
1990120,308708,"GOLDMAN SACHS INTERNATIONAL","",,"LONDON","","United Kingdom","Y"
1990120,309616,"J.P. MORGAN SECURITIES PLC","",,"LONDON","","United Kingdom","Y"
1990120,309616,"GOLDMAN SACHS INTERNATIONAL","",,"LONDON","","United Kingdom","Y"
1990120,309616,"CITIGROUP GLOBAL MARKETS LIMITED","",,"LONDON","","United Kingdom","Y"
1990120,309616,"MORGAN STANLEY & CO. INTERNATIONAL PLC","",,"LONDON","","United Kingdom","Y"
1990120,309616,"MERRILL LYNCH INTERNATIONAL","",,"LONDON","","United Kingdom","Y"
1990120,309315,"MERILL LYNCH INTERNATIONAL","",,"LONDON","","United Kingdom","Y"
1990120,309315,"MORGAN STANLEY & CO. INTERNATIONAL PLC","",,"LONDON","","United Kingdom","Y"
1990120,309315,"UBS AG","",,"LONDON","","United Kingdom","Y"
1990120,309315,"CITIGROUP GLOBAL MARKETS LIMITED","",,"LONDON","","United Kingdom","Y"
1990139,286310,"RHB INVESTMENT BANK BERHAD","",,"KUALA LUMPUR","","Malaysia","N"
1990139,77731,"PT MANDIRI SEKURITAS","",,"JAKARTA","","Indonesia","N"
1990139,164164,"CGS-CIMB SECURITIES SDN BHD","",,"KUALA LUMPUR","","Malaysia","N"
1990139,57744,"PT MANDIRI SEKURITAS","",,"JAKARTA","","Indonesia","N"
1990139,216815,"CGS-CIMB SECURITIES SDN BHD","",,"KUALA LUMPUR","","Malaysia","N"
1990139,476085,"CSG-CIMB SECURITIES SDN BHD","",,"KUALA LUMPUR","","Malaysia","N"
1992272,211425,"JONESTRADING","8-26089",6888,"NEW YORK","New York","United States","N"
1981031,373334,"JEFFERIES LLC","8-15074",2347,"NEW YORK","New York","United States","Y"
1988158,426036,"MORGAN STANLEY & CO. INTERNATIONAL PLC","",,"LONDON","","United Kingdom","Y"
1988158,426036,"UBS AG","",,"LONDON","","United Kingdom","Y"
1976288,484610,"UBS SECURITIES LLC","8-22651",7654,"NEW YORK","New York","United States","Y"
1992090,371957,"GOLDMAN SACHS & CO. LLC","8-129",361,"NEW YORK","New York","United States","Y"
1992090,371957,"MORGAN STANLEY & CO. LLC","8-15869",8209,"NEW YORK","New York","United States","Y"
1992090,371957,"BNP PARIBAS","",,"LONDON","","United Kingdom","Y"
1991821,227990,"GOLDMAN SACHS INTERNATIONAL","",,"LONDON","","United Kingdom","Y"
1990450,426371,"CITIC SECURITIES INTERNATIONAL CAPITAL MANAGEMENT LIMITED","",,"HONG KONG","","Hong Kong","Y"
1977356,249031,"GOLDMAN SACHS & CO. LLC","8-129",361,"NEW YORK","New York","United States","Y"
1986555,252056,"GAR WOOD SECURITIES, LLC","8-67143",138033,"NAPERVILLE","Illinois","United States","N"
1982919,245566,"JEFFERIES LLC","8-15074",2347,"NEW YORK","New York","United States","Y"
1986692,427459,"MORGAN STANLEY & CO. LLC","8-15869",8209,"NEW YORK","New York","United States","Y"
1986692,427459,"GOLDMAN SACHS & CO. LLC","8-129",361,"NEW YORK","New York","United States","Y"
1981471,254176,"MERRILL LYNCH INTERNATIONAL","",,"LONDON","","United Kingdom","Y"
1981471,254176,"MORGAN STANLEY & CO. INTERNATIONAL PLC","",,"LONDON","","United Kingdom","Y"
1979977,364137,"TD SECURITIES INC.","",,"TORONTO","","Canada","Y"
1979977,364137,"MORGAN STANLEY & CO. INTERNATIONAL PLC","",,"LONDON","","United Kingdom","Y"
1980997,250009,"ICICI BANK LTD.","",,"MUMBAI","","India","Y"
1992484,42782,"MORGAN STANLEY & CO. LLC","8-15869",8209,"BOSTON","Massachusetts","United States","Y"
1992484,42794,"MORGAN STANLEY & CO. LLC","8-15869",8209,"BOSTON","Massachusetts","United States","Y"
1993820,179420,"BTIG, LLC","8-65473",122225,"SAN FRANCISCO","California","United States","N"
1994272,2283,"GOLDMAN SACHS & CO. LLC","8-129",361,"NEW YORK","New York","United States","Y"
1992527,42323,"NOMURA INTERNATIONAL PLC","",,"LONDON","","United Kingdom","Y"
1992406,369067,"MORGAN STANLEY & CO. LLC","",,"NEW YORK","New York","United States","Y"
1987455,280041,"GOLDMAN SACHS INTERNATIONAL PLC","",,"LONDON","","United Kingdom","Y"
1989811,310000,"FIRSTRAND BANK LIMITED","",,"SANDTON","","South Africa","N"
1993692,256250,"INTERACTIVE BROKERS LLC","8-47257",36418,"GREENWICH","Connecticut","United States","Y"
1993692,256236,"INTERACTIVE BROKERS LLC","8-47257",36418,"GREENWICH","Connecticut","United States","Y"
1993676,435849,"MORGAN STANLEY & CO. INTERNATIONAL PLC","",,"LONDON, GREATER LONDON","","United Kingdom","N"
1992098,487163,"UBS AG","",,"LONDON","","United Kingdom","Y"
1992098,215327,"UBS AG","",,"LONDON","","United Kingdom","Y"
1992098,215327,"GOLDMAN SACHS INTERNATIONAL","",,"LONDON","","United Kingdom","Y"
1992098,215322,"GOLDMAN SACHS INTERNATIONAL","",,"LONDON","","United Kingdom","Y"
1990121,319909,"STANDARD CHARTERED BANK (SINGAPORE) LIMITED","",,"SINGAPORE","","Singapore","Y"
1990121,319909,"SOCIETE GENERALE SCF SA","",,"PARIS","","France","Y"
1990121,319904,"STANDARD CHARTERED BANK (SINGAPORE) LIMITED","",,"SINGAPORE","","Singapore","Y"
1990121,319904,"SOCIETE GENERALE SCF SA","",,"PARIS","","France","Y"
1990309,285625,"GOLDMAN SACHS & CO. LLC","8-129",361,"NEW YORK","New York","United States","Y"
1990309,285625,"J.P. MORGAN SECURITIES LLC","8-35008",79,"NEW YORK","New York","United States","Y"
1987606,288406,"JEFFERIES LLC","8-15074",2347,"NEW YORK","New York","United States","Y"
1987606,288406,"COINBASE, INC.","",,"SAN FRANCISCO","California","United States","Y"
1994083,267303,"INTERACTIVE BROKERS LLC","8-47257",36418,"GREENWICH","Connecticut","United States","Y"
1994083,231690,"MORGAN STANLEY","8-68191",149777,"PURCHASE","New York","United States","Y"
1994083,231690,"J.P. MORGAN SECURITIES LLC","8-35008",79,"SAN FRANCISCO","California","United States","Y"
1992561,487204,"MORGAN STANLEY & CO. LLC","8-15869",8209,"NEW YORK","New York","United States","Y"
1992561,487203,"MORGAN STANLEY & CO. LLC","8-15869",8209,"NEW YORK","New York","United States","Y"
1992561,487202,"MORGAN STANLEY & CO. LLC","8-15869",8209,"NEW YORK","New York","United States","Y"
1994081,487383,"RJO O'BRIEN","",,"CHICAGO","Illinois","United States","Y"
1994081,420939,"RJ O'BRIEN","",,"CHICAGO","Illinois","United States","Y"
1933444,437112,"UBS AG","",,"LONDON","","United Kingdom","Y"
1933444,437112,"MORGAN STANLEY & CO. INTERNATIONAL PLC","",,"LONDON","","United Kingdom","Y"
1933444,437113,"MORGAN STANLEY & CO. INTERNATIONAL PLC","",,"LONDON","","United Kingdom","Y"
1933444,437113,"UBS AG","",,"LONDON","","United Kingdom","Y"
1933444,437111,"MORGAN STANLEY & CO. INTERNATIONAL PLC","",,"LONDON","","United Kingdom","Y"
1933444,437111,"UBS AG","",,"LONDON","","United Kingdom","Y"
1993731,487400,"BNP PARIBAS, NEW YORK","",,"NEW YORK","New York","United States","Y"
1993731,487400,"MERRILL LYNCH INTERNATIONAL","",,"LONDON","","United Kingdom","Y"
1993731,487400,"MORGAN STANLEY & CO INTL PLC","",,"LONDON","","United Kingdom","Y"
1993731,487400,"CITIGROUP GLOBAL MARKETS LIMITED","",,"LONDON","","United Kingdom","Y"
1993731,487400,"UBS AG LONDON","",,"LONDON","","United Kingdom","Y"
1993731,487400,"BARCLAYS CAPITAL INC","",,"NEW YORK","New York","United States","Y"
1993731,487400,"GOLDMAN SACHS INTERNATIONAL","",,"LONDON","","United Kingdom","Y"
1993731,487400,"J.P. MORGAN SECURITIES LLC","",,"NEW YORK","New York","United States","Y"
1993731,487399,"BNP PARIBAS, NEW YORK","",,"NEW YORK","New York","United States","Y"
1993731,487399,"HSBC BANK PLC","",,"LONDON","","United Kingdom","Y"
1993731,487399,"MERRILL LYNCH INTERNATIONAL","",,"LONDON","","United Kingdom","Y"
1993731,487399,"CITIGROUP GLOBAL MARKETS LIMITED","",,"LONDON","","United Kingdom","Y"
1993731,487399,"J.P. MORGAN SECURITIES LLC","",,"NEW YORK","New York","United States","Y"
1993731,487399,"UBS AG LONDON","",,"LONDON","","United Kingdom","Y"
1993731,487399,"BARCLAYS BANK PLC","",,"LONDON","","United Kingdom","Y"
1993731,487399,"MORGAN STANLEY & CO INTL PLC","",,"LONDON","","United Kingdom","Y"
1993731,487399,"GOLDMAN SACHS INTERNATIONAL","",,"LONDON","","United Kingdom","Y"
1993731,487399,"JP MORGAN SECURITIES LTD","",,"LONDON","","United Kingdom","Y"
1993731,487399,"BARCLAYS CAPITAL INC","",,"NEW YORK","New York","United States","Y"
1993731,487400,"BARCLAYS BANK PLC","",,"LONDON","","United Kingdom","Y"
1993731,487400,"JP MORGAN SECURITIES LTD","",,"LONDON","","United Kingdom","Y"
1993731,487400,"HSBC BANK PLC","",,"LONDON","","United Kingdom","Y"
1994028,436934,"BARCLAYS BANK PLC","",,"LONDON","","United Kingdom","Y"
1994028,436934,"BARCLAYS CAPITAL INC.","",,"NEW YORK","New York","United States","Y"
1994028,436934,"CITIGROUP GLOBAL MARKETS LIMITED IPB","",,"LONDON","","United Kingdom","Y"
1994028,436934,"UBS AG LONDON","",,"LONDON","","United Kingdom","Y"
1994028,436934,"MERRILL LYNCH BANK OF AMERICA SECURITIES","",,"NEW YORK","New York","United States","Y"
1994028,436934,"MERRILL LYNCH INTERNATIONAL","",,"LONDON","","United Kingdom","Y"
1994028,436934,"MORGAN STANLEY & CO INTERNATIONAL PLC","",,"LONDON","","United Kingdom","Y"
1994028,436934,"JP MORGAN SECURITIES LTD","",,"LONDON","","United Kingdom","Y"
1994028,436925,"BARCLAYS BANK PLC","",,"LONDON","","United Kingdom","Y"
1994028,436925,"BNP PARIBAS, NEW YORK","",,"NEW YORK","New York","United States","Y"
1994028,436925,"CITIGROUP GLOBAL MARKETS LIMITED IPB","",,"LONDON","","United Kingdom","Y"
1994028,436925,"UBS AG LONDON","",,"LONDON","","United Kingdom","Y"
1994028,436925,"GOLDMAN SACHS INTERNATIONAL","",,"LONDON","","United Kingdom","Y"
1994028,436925,"HSBC BANK PLC","",,"LONDON","","United Kingdom","Y"
1994028,436925,"JP MORGAN SECURITIES LLC","",,"NEW YORK","New York","United States","Y"
1994028,436925,"JP MORGAN SECURITIES LTD","",,"LONDON","","United Kingdom","Y"
1994028,436934,"BNP PARIBAS, NEW YORK","",,"NEW YORK","New York","United States","Y"
1994028,436934,"HSBC BANK PLC","",,"LONDON","","United Kingdom","Y"
1994028,436934,"JP MORGAN SECURITIES LLC","",,"NEW YORK","New York","United States","Y"
1994028,436934,"GOLDMAN SACHS INTERNATIONAL","",,"LONDON","","United Kingdom","Y"
1994028,436925,"MERRILL LYNCH INTERNATIONAL","",,"LONDON","","United Kingdom","Y"
1994028,436925,"MERRILL LYNCH BANK OF AMERICA SECURITIES","",,"NEW YORK","New York","United States","Y"
1994028,436925,"MORGAN STANLEY & CO INTERNATIONAL PLC","",,"LONDON","","United Kingdom","Y"
1993837,487438,"JP MORGAN SECURITIES LTD","",,"LONDON","","United Kingdom","Y"
1993837,487438,"GOLDMAN SACHS INTERNATIONAL","",,"LONDON","","United Kingdom","Y"
1993837,487438,"HSBC BANK PLC","",,"LONDON","","United Kingdom","Y"
1993837,487439,"MERRILL LYNCH INTERNATIONAL","",,"LONDON","","United Kingdom","Y"
1993837,487439,"BNP PARIBAS, NEW YORK","",,"NEW YORK","New York","United States","Y"
1993837,487464,"UBS AG LONDON","",,"LONDON","","United Kingdom","Y"
1993837,487464,"HSBC BANK PLC","",,"LONDON","","United Kingdom","Y"
1993837,487445,"MORGAN STANLEY & CO INTL PLC","",,"LONDON","","United Kingdom","Y"
1993837,487445,"JP MORGAN SECURITIES LTD","",,"LONDON","","United Kingdom","Y"
1993837,487445,"MERRILL LYNCH BANK OF AMERICA SECURITIES","",,"NEW YORK","New York","United States","Y"
1993837,487445,"J.P. MORGAN SECURITIES LLC","",,"NEW YORK","New York","United States","Y"
1993837,487445,"UBS AG LONDON","",,"LONDON","","United Kingdom","Y"
1993837,487445,"BNP PARIBAS, NEW YORK","",,"NEW YORK","New York","United States","Y"
1993837,487445,"BARCLAYS BANK PLC","",,"LONDON","","United Kingdom","Y"
1993837,487445,"HSBC BANK PLC","",,"LONDON","","United Kingdom","Y"
1993837,487464,"J.P. MORGAN SECURITIES LLC","",,"NEW YORK","New York","United States","Y"
1993837,487464,"GOLDMAN SACHS INTERNATIONAL","",,"LONDON","","United Kingdom","Y"
1993837,487464,"BARCLAYS BANK PLC","",,"LONDON","","United Kingdom","Y"
1993837,487465,"CITIGROUP GLOBAL MARKETS LIMITED","",,"LONDON","","United Kingdom","Y"
1993837,487465,"J.P. MORGAN SECURITIES LLC","",,"NEW YORK","New York","United States","Y"
1993837,487465,"MERRILL LYNCH BANK OF AMERICA SECURITIES","",,"NEW YORK","New York","United States","Y"
1993837,487465,"MERRILL LYNCH INTERNATIONAL","",,"LONDON","","United Kingdom","Y"
1993837,487465,"GOLDMAN SACHS INTERNATIONAL","",,"LONDON","","United Kingdom","Y"
1993837,487465,"JP MORGAN SECURITIES LTD","",,"LONDON","","United Kingdom","Y"
1993837,487465,"UBS AG LONDON","",,"LONDON","","United Kingdom","Y"
1993837,487465,"BARCLAYS BANK PLC","",,"LONDON","","United Kingdom","Y"
1993837,487465,"MORGAN STANLEY & CO INTL PLC","",,"LONDON","","United Kingdom","Y"
1993837,487465,"BNP PARIBAS, NEW YORK","",,"NEW YORK","New York","United States","Y"
1993837,487465,"HSBC BANK PLC","",,"LONDON","","United Kingdom","Y"
1993837,487487,"MERRILL LYNCH INTERNATIONAL","",,"LONDON","","United Kingdom","Y"
1993837,487487,"CITIGROUP GLOBAL MARKETS LIMITED","",,"LONDON","","United Kingdom","Y"
1993837,487487,"MERRILL LYNCH BANK OF AMERICA SECURITIES","",,"NEW YORK","New York","United States","Y"
1993837,487487,"HSBC BANK PLC","",,"LONDON","","United Kingdom","Y"
1993837,487487,"JP MORGAN SECURITIES LTD","",,"LONDON","","United Kingdom","Y"
1993837,487488,"J.P. MORGAN SECURITIES LLC","",,"NEW YORK","New York","United States","Y"
1993837,487488,"CITIGROUP GLOBAL MARKETS LIMITED","",,"LONDON","","United Kingdom","Y"
1993837,487488,"JP MORGAN SECURITIES LTD","",,"LONDON","","United Kingdom","Y"
1993837,487488,"UBS AG LONDON","",,"LONDON","","United Kingdom","Y"
1993837,487440,"HSBC BANK PLC","",,"LONDON","","United Kingdom","Y"
1993837,487440,"UBS AG LONDON","",,"LONDON","","United Kingdom","Y"
1993837,487440,"J.P. MORGAN SECURITIES LLC","",,"NEW YORK","New York","United States","Y"
1993837,487440,"MORGAN STANLEY & CO INTL PLC","",,"LONDON","","United Kingdom","Y"
1993837,487440,"BARCLAYS CAPITAL INC","",,"NEW YORK","New York","United States","Y"
1993837,487440,"GOLDMAN SACHS INTERNATIONAL","",,"LONDON","","United Kingdom","Y"
1993837,487440,"CITIGROUP GLOBAL MARKETS LIMITED","",,"LONDON","","United Kingdom","Y"
1993837,487440,"BARCLAYS BANK PLC","",,"LONDON","","United Kingdom","Y"
1993837,487440,"MERRILL LYNCH INTERNATIONAL","",,"LONDON","","United Kingdom","Y"
1993837,487440,"MERRILL LYNCH BANK OF AMERICA SECURITIES","",,"NEW YORK","New York","United States","Y"
1993837,487442,"JP MORGAN SECURITIES LTD","",,"LONDON","","United Kingdom","Y"
1993837,487443,"MERRILL LYNCH BANK OF AMERICA SECURITIES","",,"NEW YORK","New York","United States","Y"
1993837,487446,"MORGAN STANLEY & CO INTL PLC","",,"LONDON","","United Kingdom","Y"
1993837,487446,"BNP PARIBAS, NEW YORK","",,"NEW YORK","New York","United States","Y"
1993837,487446,"BARCLAYS CAPITAL INC","",,"NEW YORK","New York","United States","Y"
1993837,487446,"HSBC BANK PLC","",,"LONDON","","United Kingdom","Y"
1993837,487446,"MERRILL LYNCH BANK OF AMERICA SECURITIES","",,"NEW YORK","New York","United States","Y"
1993837,487446,"BARCLAYS BANK PLC","",,"LONDON","","United Kingdom","Y"
1993837,487446,"CITIGROUP GLOBAL MARKETS LIMITED","",,"LONDON","","United Kingdom","Y"
1993837,487446,"UBS AG LONDON","",,"LONDON","","United Kingdom","Y"
1993837,487446,"J.P. MORGAN SECURITIES LLC","",,"NEW YORK","New York","United States","Y"
1993837,487450,"MERRILL LYNCH INTERNATIONAL","",,"LONDON","","United Kingdom","Y"
1993837,487450,"BNP PARIBAS, NEW YORK","",,"NEW YORK","New York","United States","Y"
1993837,487452,"BNP PARIBAS, NEW YORK","",,"NEW YORK","New York","United States","Y"
1993837,487452,"UBS AG LONDON","",,"LONDON","","United Kingdom","Y"
1993837,487452,"MERRILL LYNCH INTERNATIONAL","",,"LONDON","","United Kingdom","Y"
1993837,487452,"J.P. MORGAN SECURITIES LLC","",,"NEW YORK","New York","United States","Y"
1993837,487452,"BARCLAYS CAPITAL INC","",,"NEW YORK","New York","United States","Y"
1993837,487452,"MORGAN STANLEY & CO INTL PLC","",,"LONDON","","United Kingdom","Y"
1993837,487452,"CITIGROUP GLOBAL MARKETS LIMITED","",,"LONDON","","United Kingdom","Y"
1993837,487452,"HSBC BANK PLC","",,"LONDON","","United Kingdom","Y"
1993837,487452,"GOLDMAN SACHS INTERNATIONAL","",,"LONDON","","United Kingdom","Y"
1993837,487452,"JP MORGAN SECURITIES LTD","",,"LONDON","","United Kingdom","Y"
1993837,487453,"HSBC BANK PLC","",,"LONDON","","United Kingdom","Y"
1993837,487453,"JP MORGAN SECURITIES LTD","",,"LONDON","","United Kingdom","Y"
1993837,487453,"MORGAN STANLEY & CO INTL PLC","",,"LONDON","","United Kingdom","Y"
1993837,487464,"MERRILL LYNCH INTERNATIONAL","",,"LONDON","","United Kingdom","Y"
1993837,487464,"JP MORGAN SECURITIES LTD","",,"LONDON","","United Kingdom","Y"
1993837,487464,"CITIGROUP GLOBAL MARKETS LIMITED","",,"LONDON","","United Kingdom","Y"
1993837,487464,"MORGAN STANLEY & CO INTL PLC","",,"LONDON","","United Kingdom","Y"
1993837,487464,"BARCLAYS CAPITAL INC","",,"NEW YORK","New York","United States","Y"
1993837,487464,"MERRILL LYNCH BANK OF AMERICA SECURITIES","",,"NEW YORK","New York","United States","Y"
1993837,487464,"BNP PARIBAS, NEW YORK","",,"NEW YORK","New York","United States","Y"
1993837,487466,"CITIGROUP GLOBAL MARKETS LIMITED","",,"LONDON","","United Kingdom","Y"
1993837,487466,"BARCLAYS BANK PLC","",,"LONDON","","United Kingdom","Y"
1993837,487466,"GOLDMAN SACHS INTERNATIONAL","",,"LONDON","","United Kingdom","Y"
1993837,487466,"JP MORGAN SECURITIES LTD","",,"LONDON","","United Kingdom","Y"
1993837,487466,"MORGAN STANLEY & CO INTL PLC","",,"LONDON","","United Kingdom","Y"
1993837,487466,"MERRILL LYNCH BANK OF AMERICA SECURITIES","",,"NEW YORK","New York","United States","Y"
1993837,487466,"HSBC BANK PLC","",,"LONDON","","United Kingdom","Y"
1993837,487466,"BNP PARIBAS, NEW YORK","",,"NEW YORK","New York","United States","Y"
1993837,487466,"UBS AG LONDON","",,"LONDON","","United Kingdom","Y"
1993837,487466,"MERRILL LYNCH INTERNATIONAL","",,"LONDON","","United Kingdom","Y"
1993837,487459,"J.P. MORGAN SECURITIES LLC","",,"NEW YORK","New York","United States","Y"
1993837,487459,"GOLDMAN SACHS INTERNATIONAL","",,"LONDON","","United Kingdom","Y"
1993837,487459,"MERRILL LYNCH INTERNATIONAL","",,"LONDON","","United Kingdom","Y"
1993837,487459,"HSBC BANK PLC","",,"LONDON","","United Kingdom","Y"
1993837,487459,"BARCLAYS BANK PLC","",,"LONDON","","United Kingdom","Y"
1993837,487459,"MORGAN STANLEY & CO INTL PLC","",,"LONDON","","United Kingdom","Y"
1993837,487459,"MERRILL LYNCH BANK OF AMERICA SECURITIES","",,"NEW YORK","New York","United States","Y"
1993837,487459,"JP MORGAN SECURITIES LTD","",,"LONDON","","United Kingdom","Y"
1993837,487459,"BNP PARIBAS, NEW YORK","",,"NEW YORK","New York","United States","Y"
1993837,487459,"CITIGROUP GLOBAL MARKETS LIMITED","",,"LONDON","","United Kingdom","Y"
1993837,487461,"MORGAN STANLEY & CO INTL PLC","",,"LONDON","","United Kingdom","Y"
1993837,487462,"UBS AG LONDON","",,"LONDON","","United Kingdom","Y"
1993837,487462,"BNP PARIBAS, NEW YORK","",,"NEW YORK","New York","United States","Y"
1993837,487462,"MORGAN STANLEY & CO INTL PLC","",,"LONDON","","United Kingdom","Y"
1993837,487462,"HSBC BANK PLC","",,"LONDON","","United Kingdom","Y"
1993837,487462,"CITIGROUP GLOBAL MARKETS LIMITED","",,"LONDON","","United Kingdom","Y"
1993837,487462,"JP MORGAN SECURITIES LTD","",,"LONDON","","United Kingdom","Y"
1993837,487411,"JP MORGAN SECURITIES LTD","",,"LONDON","","United Kingdom","Y"
1993837,487411,"BNP PARIBAS, NEW YORK","",,"NEW YORK","New York","United States","Y"
1993837,487411,"CITIGROUP GLOBAL MARKETS LIMITED","",,"LONDON","","United Kingdom","Y"
1993837,487411,"BARCLAYS BANK PLC","",,"LONDON","","United Kingdom","Y"
1993837,487411,"UBS AG LONDON","",,"LONDON","","United Kingdom","Y"
1993837,487490,"MORGAN STANLEY & CO INTL PLC","",,"LONDON","","United Kingdom","Y"
1993837,487456,"J.P. MORGAN SECURITIES LLC","",,"NEW YORK","New York","United States","Y"
1993837,487457,"HSBC BANK PLC","",,"LONDON","","United Kingdom","Y"
1993837,487457,"GOLDMAN SACHS INTERNATIONAL","",,"LONDON","","United Kingdom","Y"
1993837,487457,"MORGAN STANLEY & CO INTL PLC","",,"LONDON","","United Kingdom","Y"
1993837,487458,"MERRILL LYNCH BANK OF AMERICA SECURITIES","",,"NEW YORK","New York","United States","Y"
1993837,487458,"CITIGROUP GLOBAL MARKETS LIMITED","",,"LONDON","","United Kingdom","Y"
1993837,487458,"MERRILL LYNCH INTERNATIONAL","",,"LONDON","","United Kingdom","Y"
1993837,487458,"J.P. MORGAN SECURITIES LLC","",,"NEW YORK","New York","United States","Y"
1993837,487458,"MORGAN STANLEY & CO INTL PLC","",,"LONDON","","United Kingdom","Y"
1993837,487458,"BNP PARIBAS, NEW YORK","",,"NEW YORK","New York","United States","Y"
1993837,487458,"UBS AG LONDON","",,"LONDON","","United Kingdom","Y"
1993837,487459,"UBS AG LONDON","",,"LONDON","","United Kingdom","Y"
1993837,487459,"BARCLAYS CAPITAL INC","",,"NEW YORK","New York","United States","Y"
1993837,487461,"GOLDMAN SACHS INTERNATIONAL","",,"LONDON","","United Kingdom","Y"
1993837,487461,"BNP PARIBAS, NEW YORK","",,"NEW YORK","New York","United States","Y"
1993837,487462,"BARCLAYS BANK PLC","",,"LONDON","","United Kingdom","Y"
1993837,487462,"GOLDMAN SACHS INTERNATIONAL","",,"LONDON","","United Kingdom","Y"
1993837,487462,"MERRILL LYNCH INTERNATIONAL","",,"LONDON","","United Kingdom","Y"
1993837,487462,"MERRILL LYNCH BANK OF AMERICA SECURITIES","",,"NEW YORK","New York","United States","Y"
1993837,487462,"BARCLAYS CAPITAL INC","",,"NEW YORK","New York","United States","Y"
1993837,487462,"J.P. MORGAN SECURITIES LLC","",,"NEW YORK","New York","United States","Y"
1993837,487463,"JP MORGAN SECURITIES LTD","",,"LONDON","","United Kingdom","Y"
1993837,487487,"MORGAN STANLEY & CO INTL PLC","",,"LONDON","","United Kingdom","Y"
1993837,487487,"J.P. MORGAN SECURITIES LLC","",,"NEW YORK","New York","United States","Y"
1993837,487487,"BARCLAYS BANK PLC","",,"LONDON","","United Kingdom","Y"
1993837,487487,"UBS AG LONDON","",,"LONDON","","United Kingdom","Y"
1993837,487487,"GOLDMAN SACHS INTERNATIONAL","",,"LONDON","","United Kingdom","Y"
1993837,487487,"BNP PARIBAS, NEW YORK","",,"NEW YORK","New York","United States","Y"
1993837,487488,"MORGAN STANLEY & CO INTL PLC","",,"LONDON","","United Kingdom","Y"
1993837,487488,"BNP PARIBAS, NEW YORK","",,"NEW YORK","New York","United States","Y"
1993837,487488,"GOLDMAN SACHS INTERNATIONAL","",,"LONDON","","United Kingdom","Y"
1993837,487488,"HSBC BANK PLC","",,"LONDON","","United Kingdom","Y"
1993837,487490,"CITIGROUP GLOBAL MARKETS INC.","",,"NEW YORK","New York","United States","Y"
1993837,487456,"BARCLAYS CAPITAL INC","",,"NEW YORK","New York","United States","Y"
1993837,487456,"BNP PARIBAS, NEW YORK","",,"NEW YORK","New York","United States","Y"
1993837,487456,"UBS AG LONDON","",,"LONDON","","United Kingdom","Y"
1993837,487456,"BARCLAYS BANK PLC","",,"LONDON","","United Kingdom","Y"
1993837,487457,"JP MORGAN SECURITIES LTD","",,"LONDON","","United Kingdom","Y"
1993837,487457,"UBS AG LONDON","",,"LONDON","","United Kingdom","Y"
1993837,487457,"BNP PARIBAS, NEW YORK","",,"NEW YORK","New York","United States","Y"
1993837,487457,"MERRILL LYNCH BANK OF AMERICA SECURITIES","",,"NEW YORK","New York","United States","Y"
1993837,487457,"MERRILL LYNCH INTERNATIONAL","",,"LONDON","","United Kingdom","Y"
1993837,487457,"J.P. MORGAN SECURITIES LLC","",,"NEW YORK","New York","United States","Y"
1993837,487457,"CITIGROUP GLOBAL MARKETS LIMITED","",,"LONDON","","United Kingdom","Y"
1993837,487411,"GOLDMAN SACHS INTERNATIONAL","",,"LONDON","","United Kingdom","Y"
1993837,487490,"GOLDMAN SACHS INTERNATIONAL","",,"LONDON","","United Kingdom","Y"
1993837,487411,"MERRILL LYNCH INTERNATIONAL","",,"LONDON","","United Kingdom","Y"
1993837,487411,"HSBC BANK PLC","",,"LONDON","","United Kingdom","Y"
1993837,487411,"MORGAN STANLEY & CO INTL PLC","",,"LONDON","","United Kingdom","Y"
1993837,487447,"NORDEA BANK ABP","",,"STOCKHOLM","","Sweden","Y"
1993837,487448,"GOLDMAN SACHS INTERNATIONAL","",,"LONDON","","United Kingdom","Y"
1993837,487450,"MORGAN STANLEY & CO INTL PLC","",,"LONDON","","United Kingdom","Y"
1993837,487451,"BANK OF AMERICA NA, LONDON BRANCH","",,"LONDON","","United Kingdom","Y"
1993837,487451,"NORDEA BANK ABP","",,"STOCKHOLM","","Sweden","Y"
1993837,487452,"BARCLAYS BANK PLC","",,"LONDON","","United Kingdom","Y"
1993837,487453,"CITIGROUP GLOBAL MARKETS LIMITED","",,"LONDON","","United Kingdom","Y"
1993837,487453,"BARCLAYS CAPITAL INC","",,"NEW YORK","New York","United States","Y"
1993837,487453,"MERRILL LYNCH INTERNATIONAL","",,"LONDON","","United Kingdom","Y"
1993837,487453,"MERRILL LYNCH BANK OF AMERICA SECURITIES","",,"NEW YORK","New York","United States","Y"
1993837,487453,"GOLDMAN SACHS INTERNATIONAL","",,"LONDON","","United Kingdom","Y"
1993837,487453,"UBS AG LONDON","",,"LONDON","","United Kingdom","Y"
1993837,487453,"BNP PARIBAS, NEW YORK","",,"NEW YORK","New York","United States","Y"
1993837,487453,"BARCLAYS BANK PLC","",,"LONDON","","United Kingdom","Y"
1993837,487454,"BNP PARIBAS, NEW YORK","",,"NEW YORK","New York","United States","Y"
1993837,487454,"J.P. MORGAN SECURITIES LLC","",,"NEW YORK","New York","United States","Y"
1993837,487454,"MERRILL LYNCH BANK OF AMERICA SECURITIES","",,"NEW YORK","New York","United States","Y"
1993837,487454,"JP MORGAN SECURITIES LTD","",,"LONDON","","United Kingdom","Y"
1993837,487454,"GOLDMAN SACHS INTERNATIONAL","",,"LONDON","","United Kingdom","Y"
1993837,487454,"MERRILL LYNCH INTERNATIONAL","",,"LONDON","","United Kingdom","Y"
1993837,487454,"BARCLAYS BANK PLC","",,"LONDON","","United Kingdom","Y"
1993837,487454,"MORGAN STANLEY & CO INTL PLC","",,"LONDON","","United Kingdom","Y"
1993837,487454,"CITIGROUP GLOBAL MARKETS LIMITED","",,"LONDON","","United Kingdom","Y"
1993837,487454,"BARCLAYS CAPITAL INC","",,"NEW YORK","New York","United States","Y"
1993837,487455,"MORGAN STANLEY & CO INTL PLC","",,"LONDON","","United Kingdom","Y"
1993837,487455,"GOLDMAN SACHS INTERNATIONAL","",,"LONDON","","United Kingdom","Y"
1993837,487455,"MERRILL LYNCH BANK OF AMERICA SECURITIES","",,"NEW YORK","New York","United States","Y"
1993837,487455,"J.P. MORGAN SECURITIES LLC","",,"NEW YORK","New York","United States","Y"
1993837,487455,"BNP PARIBAS, NEW YORK","",,"NEW YORK","New York","United States","Y"
1993837,487455,"CITIGROUP GLOBAL MARKETS LIMITED","",,"LONDON","","United Kingdom","Y"
1993837,487455,"BARCLAYS BANK PLC","",,"LONDON","","United Kingdom","Y"
1993837,487455,"JP MORGAN SECURITIES LTD","",,"LONDON","","United Kingdom","Y"
1993837,487455,"UBS AG LONDON","",,"LONDON","","United Kingdom","Y"
1993837,487455,"HSBC BANK PLC","",,"LONDON","","United Kingdom","Y"
1993837,487455,"MERRILL LYNCH INTERNATIONAL","",,"LONDON","","United Kingdom","Y"
1993837,487456,"MERRILL LYNCH INTERNATIONAL","",,"LONDON","","United Kingdom","Y"
1993837,487456,"HSBC BANK PLC","",,"LONDON","","United Kingdom","Y"
1993837,487456,"JP MORGAN SECURITIES LTD","",,"LONDON","","United Kingdom","Y"
1993837,487456,"CITIGROUP GLOBAL MARKETS LIMITED","",,"LONDON","","United Kingdom","Y"
1993837,487456,"MORGAN STANLEY & CO INTL PLC","",,"LONDON","","United Kingdom","Y"
1993837,487456,"GOLDMAN SACHS INTERNATIONAL","",,"LONDON","","United Kingdom","Y"
1993837,487456,"MERRILL LYNCH BANK OF AMERICA SECURITIES","",,"NEW YORK","New York","United States","Y"
1993837,487457,"BARCLAYS BANK PLC","",,"LONDON","","United Kingdom","Y"
1993837,487457,"BARCLAYS CAPITAL INC","",,"NEW YORK","New York","United States","Y"
1993837,487458,"JP MORGAN SECURITIES LTD","",,"LONDON","","United Kingdom","Y"
1993837,487458,"BARCLAYS CAPITAL INC","",,"NEW YORK","New York","United States","Y"
1993837,487458,"BARCLAYS BANK PLC","",,"LONDON","","United Kingdom","Y"
1993837,487458,"GOLDMAN SACHS INTERNATIONAL","",,"LONDON","","United Kingdom","Y"
1993837,487458,"HSBC BANK PLC","",,"LONDON","","United Kingdom","Y"
1993837,487440,"JP MORGAN SECURITIES LTD","",,"LONDON","","United Kingdom","Y"
1993837,487443,"MORGAN STANLEY & CO INTL PLC","",,"LONDON","","United Kingdom","Y"
1993837,487440,"BNP PARIBAS, NEW YORK","",,"NEW YORK","New York","United States","Y"
1993837,487443,"MERRILL LYNCH INTERNATIONAL","",,"LONDON","","United Kingdom","Y"
1993837,487443,"J.P. MORGAN SECURITIES LLC","",,"NEW YORK","New York","United States","Y"
1993837,487443,"HSBC BANK PLC","",,"LONDON","","United Kingdom","Y"
1993837,487443,"JP MORGAN SECURITIES LTD","",,"LONDON","","United Kingdom","Y"
1993837,487443,"BNP PARIBAS, NEW YORK","",,"NEW YORK","New York","United States","Y"
1990529,248624,"EMKAY GLOBAL FINANCIAL SERVICES LIMITED","",,"MUMBAI","","India","N"
1990529,248624,"KOTAK SECURITIES LIMITED","",,"MUMBAI","","India","N"
1993246,368635,"J.P. MORGAN SECURITIES LLC","",,"NEW YORK","New York","United States","Y"
1993246,368635,"BOFA SECURITIES, INC.","",,"NEW YORK","New York","United States","Y"
1979521,484958,"GOLDMAN SACHS INTERNATIONAL","",,"LONDON","","United Kingdom","N"
1979521,484958,"MORGAN STANLEY & CO. INTERNATIONAL PLC","",,"LONDON","","United Kingdom","N"
1993837,487443,"BARCLAYS CAPITAL INC","",,"NEW YORK","New York","United States","Y"
1993837,487443,"GOLDMAN SACHS INTERNATIONAL","",,"LONDON","","United Kingdom","Y"
1993837,487443,"UBS AG LONDON","",,"LONDON","","United Kingdom","Y"
1993837,487443,"BARCLAYS BANK PLC","",,"LONDON","","United Kingdom","Y"
1993837,487443,"CITIGROUP GLOBAL MARKETS LIMITED","",,"LONDON","","United Kingdom","Y"
1993837,487445,"BARCLAYS CAPITAL INC","",,"NEW YORK","New York","United States","Y"
1993837,487445,"MERRILL LYNCH INTERNATIONAL","",,"LONDON","","United Kingdom","Y"
1993837,487445,"GOLDMAN SACHS INTERNATIONAL","",,"LONDON","","United Kingdom","Y"
1993837,487445,"CITIGROUP GLOBAL MARKETS LIMITED","",,"LONDON","","United Kingdom","Y"
1993837,487446,"GOLDMAN SACHS INTERNATIONAL","",,"LONDON","","United Kingdom","Y"
1993837,487446,"JP MORGAN SECURITIES LTD","",,"LONDON","","United Kingdom","Y"
1993837,487446,"MERRILL LYNCH INTERNATIONAL","",,"LONDON","","United Kingdom","Y"
1993837,487449,"SKANDINAVISKA ENSKILDA BANKEN AB","",,"STOCKHOLM","","Sweden","Y"
1993837,487450,"GOLDMAN SACHS INTERNATIONAL","",,"LONDON","","United Kingdom","Y"
1993837,487450,"HSBC BANK PLC","",,"LONDON","","United Kingdom","Y"
1993837,487450,"UBS AG LONDON","",,"LONDON","","United Kingdom","Y"
1993837,487450,"JP MORGAN SECURITIES LTD","",,"LONDON","","United Kingdom","Y"
1993837,487450,"J.P. MORGAN SECURITIES LLC","",,"NEW YORK","New York","United States","Y"
1993837,487450,"CITIGROUP GLOBAL MARKETS LIMITED","",,"LONDON","","United Kingdom","Y"
1993837,487450,"MERRILL LYNCH BANK OF AMERICA SECURITIES","",,"NEW YORK","New York","United States","Y"
1993837,487454,"UBS AG LONDON","",,"LONDON","","United Kingdom","Y"
1993837,487454,"HSBC BANK PLC","",,"LONDON","","United Kingdom","Y"
1993837,487412,"BARCLAYS BANK PLC","",,"LONDON","","United Kingdom","Y"
1993837,487412,"JP MORGAN SECURITIES LTD","",,"LONDON","","United Kingdom","Y"
1993837,487412,"CITIGROUP GLOBAL MARKETS LIMITED","",,"LONDON","","United Kingdom","Y"
1993837,487412,"MERRILL LYNCH INTERNATIONAL","",,"LONDON","","United Kingdom","Y"
1993837,487412,"BNP PARIBAS, NEW YORK","",,"NEW YORK","New York","United States","Y"
1993837,487412,"GOLDMAN SACHS INTERNATIONAL","",,"LONDON","","United Kingdom","Y"
1993837,487412,"HSBC BANK PLC","",,"LONDON","","United Kingdom","Y"
1993837,487412,"MORGAN STANLEY & CO INTL PLC","",,"LONDON","","United Kingdom","Y"
1993837,487412,"UBS AG LONDON","",,"LONDON","","United Kingdom","Y"
1993837,487413,"UBS AG LONDON","",,"LONDON","","United Kingdom","Y"
1993837,487413,"HSBC BANK PLC","",,"LONDON","","United Kingdom","Y"
1993837,487413,"BNP PARIBAS, NEW YORK","",,"NEW YORK","New York","United States","Y"
1993837,487413,"MORGAN STANLEY & CO INTL PLC","",,"LONDON","","United Kingdom","Y"
1993837,487413,"GOLDMAN SACHS INTERNATIONAL","",,"LONDON","","United Kingdom","Y"
1993837,487413,"MERRILL LYNCH INTERNATIONAL","",,"LONDON","","United Kingdom","Y"
1993837,487413,"BARCLAYS BANK PLC","",,"LONDON","","United Kingdom","Y"
1993837,487413,"JP MORGAN SECURITIES LTD","",,"LONDON","","United Kingdom","Y"
1993837,487413,"CITIGROUP GLOBAL MARKETS LIMITED","",,"LONDON","","United Kingdom","Y"
1993837,487438,"J.P. MORGAN SECURITIES LLC","",,"NEW YORK","New York","United States","Y"
1993837,487439,"JP MORGAN SECURITIES LTD","",,"LONDON","","United Kingdom","Y"
1993837,487438,"BNP PARIBAS, NEW YORK","",,"NEW YORK","New York","United States","Y"
1993837,487439,"CITIGROUP GLOBAL MARKETS LIMITED","",,"LONDON","","United Kingdom","Y"
1993837,487439,"HSBC BANK PLC","",,"LONDON","","United Kingdom","Y"
1993837,487439,"GOLDMAN SACHS INTERNATIONAL","",,"LONDON","","United Kingdom","Y"
1993837,487439,"MORGAN STANLEY & CO INTL PLC","",,"LONDON","","United Kingdom","Y"
1993837,487439,"BARCLAYS BANK PLC","",,"LONDON","","United Kingdom","Y"
1993837,487439,"J.P. MORGAN SECURITIES LLC","",,"NEW YORK","New York","United States","Y"
1993837,487439,"UBS AG LONDON","",,"LONDON","","United Kingdom","Y"
1992997,69074,"UBS SECURITIES LLC","8-22651",7654,"NEW YORK","New York","United States","Y"
1992997,69012,"UBS SECURITIES LLC","8-22651",7654,"NEW YORK","New York","United States","Y"
