"FilingID","Initial/Amended","11.H(1)(a)","11.H(1)(b)","11.H(1)(c)","11.H(2)","Filed Against","ReferenceID","Remove-Affiliate","Remove-Expired","Remove-Filed in Error","Error Explantion","Affiliate Submitted","Initiated By","Relief Sought","Other Relief Sought","Filing Date","Filing Date Exact","Filing Date Explanation","Principal Product","Other Product","Court","Employing Firm","Allegations","Status","Appeal Details","Date Served","Date Served Exact","Date Served Explanation","Resolution Type","Resolution Date","Resolution Date Exact","Resolution Date Explanation","Monetary Sanction","Monetary Amount","Revocation/Expulsion/Denial","Censure","Bar","Disgorgement/Restitution","Cease and Desist/Injunction","Suspension","Other Sanctions","Sanction Detail","Summary"
1925410,"AMENDED","Y","","","","Affiliates","1686175","Y","","","","Y","","","","","","","","","","","","","","","","","","","","","","","","","","","","","","",""
1936518,"AMENDED","","","","Y","Affiliates","1691990","","","","","Y","","","","","","","","","","","","","","","","","","","","","","","","","","","","","","",""
1936518,"AMENDED","","Y","","","Affiliates","1691991","","","","","Y","AUSTRALIAN SECURITIES AND INVESTMENTS COMMISSION","Civil Penalty(ies)/Fine(s)","ADVERSE PUBLICITY NOTICE","07/24/2023","Y","","Mutual Fund(s)","","SERVED BY FEDERAL COURT OF AUSTRALIA, VICTORIA CASE# - VID563/2023","NA","ON 25 JULY 2023, ASIC LODGED CIVIL PENALTY PROCEEDINGS IN THE FEDERAL COURT OF AUSTRALIA AGAINST VANGUARD INVESTMENTS AUSTRALIA LTD (VIA), ALLEGING MISREPRESENTATIONS IN RELATION TO CLAIMS ABOUT CERTAIN ENVIRONMENTAL, SOCIAL AND GOVERNANCE (ESG) EXCLUSIONARY SCREENS APPLIED TO INVESTMENTS IN THE VANGUARD ETHICALLY CONSCIOUS GLOBAL AGGREGATE BOND INDEX AND ETF. ASIC ALLEGED THAT THE DESCRIPTION OF THE EXCLUSIONARY SCREENS IN THE PRODUCT DISCLOSURE STATEMENTS (PDS) DID NOT PROVIDE A SUFFICIENTLY DETAILED EXPLANATION THAT CERTAIN COMPANY DEBT ISSUERS LACKING ESG RESEARCH COVERAGE WERE INCLUDED IN THE BENCHMARK SUCH THAT THE FUND AND ETF HAD EXPOSURE TO CERTAIN SECURITIES THAT MAY NOT HAVE REASONABLY EXPECTED BY INVESTORS. IN ADDITION, ANCILLIARY STATEMENTS MADE BY VIA, IN THE FORM OF A MEDIA RELEASE AND TWO INDUSTRY PRESENTATIONS, WERE ALLEGED TO NOT ADEQUATELY DISCLOSE THE LIMITATIONS OF THE EXCLUSIONARY SCREENS APPLIED TO THE PRODUCTS.","Final","NA","","Y","","Judgment Rendered","09/25/2024","Y","","Y","8772000","","","","","","","VIA TO PUBLISH A WRITTEN ADVERSE PUBLICITY NOTICE SPECIFIED IN THE ANNEXURE TO THE ORDERS; AND MAINTAIN THE PRESCRIBED NOTICE UNTIL 25 SEPTEMBER 2025 (12 MONTHS FROM THE DATE OF THE ORDERS)","N/A","ON 25 JULY 2023, ASIC LODGED CIVIL PENALTY PROCEEDINGS IN THE FEDERAL COURT OF AUSTRALIA AGAINST VANGUARD INVESTMENTS AUSTRALIA LTD (VIA), ALLEGING MISREPRESENTATIONS IN RELATION TO CLAIMS ABOUT CERTAIN ENVIRONMENTAL, SOCIAL AND GOVERNANCE (ESG) EXCLUSIONARY SCREENS APPLIED TO INVESTMENTS IN THE VANGUARD ETHICALLY CONSCIOUS GLOBAL AGGREGATE BOND INDEX AND ETF. ASIC ALLEGED THAT THE DESCRIPTION OF THE EXCLUSIONARY SCREENS IN THE PRODUCT DISCLOSURE STATEMENTS (PDS) DID NOT PROVIDE A SUFFICIENTLY DETAILED EXPLANATION THAT CERTAIN COMPANY DEBT ISSUERS LACKING ESG RESEARCH COVERAGE WERE INCLUDED IN THE BENCHMARK SUCH THAT THE FUND AND ETF HAD EXPOSURE TO CERTAIN SECURITIES THAT MAY NOT HAVE REASONABLY EXPECTED BY INVESTORS. IN ADDITION, ANCILLIARY STATEMENTS MADE BY VIA, IN THE FORM OF A MEDIA RELEASE AND TWO INDUSTRY PRESENTATIONS, WERE ALLEGED TO NOT ADEQUATELY DISCLOSE THE LIMITATIONS OF THE EXCLUSIONARY SCREENS APPLIED TO THE PRODUCTS.   IN CONSIDERING THE FACTS, JUSTICE O'BRYAN OF THE FEDERAL COURT ISSUED A REASONS FOR JUDGEMENT AND ORDERS ON 25 SEPTEMBER 2024, THAT OBLIGATES:1) VIA TO PAY PECUNIARY PENALTY TO THE COMMONWEALTH OF AUSTRALIA OF AUD$12.9 MILLION WHICH WAS PAID IN FULL ON 14 OCTOBER 2024;2) VIA TO PUBLISH ADVERSE PUBLICITY NOTICES AS PRESCRIBED BY THE ANNEXURE ACCOMPANYING THE ORDERS BY 25 OCTOBER 2024 ON SPECIFIED INTERNET WEB ADDRESSES UNTIL AT LEAST 25 SEPTEMBER 2025; AND3) ASIC TO PAY VIA'S COSTS OF AND INCIDENTAL TO THE HEARING ON 8 MARCH 2024 AND VIA TO OTHERWISE PAY THE COSTS OF THE PROCEEDINGS."
1936535,"AMENDED","","","","Y","Affiliates","1692030","","","","","Y","","","","","","","","","","","","","","","","","","","","","","","","","","","","","","",""
1936535,"AMENDED","","Y","","","Affiliates","1692031","","","","","Y","AUSTRALIAN SECURITIES AND INVESTMENTS COMMISSION","Civil Penalty(ies)/Fine(s)","ADVERSE PUBLICITY NOTICE","07/24/2023","Y","","Mutual Fund(s)","","SERVED BY FEDERAL COURT OF AUSTRALIA, VICTORIA CASE# - VID563/2023","NA","ON 25 JULY 2023, ASIC LODGED CIVIL PENALTY PROCEEDINGS IN THE FEDERAL COURT OF AUSTRALIA AGAINST VANGUARD INVESTMENTS AUSTRALIA LTD (VIA), ALLEGING MISREPRESENTATIONS IN RELATION TO CLAIMS ABOUT CERTAIN ENVIRONMENTAL, SOCIAL AND GOVERNANCE (ESG) EXCLUSIONARY SCREENS APPLIED TO INVESTMENTS IN THE VANGUARD ETHICALLY CONSCIOUS GLOBAL AGGREGATE BOND INDEX AND ETF. ASIC ALLEGED THAT THE DESCRIPTION OF THE EXCLUSIONARY SCREENS IN THE PRODUCT DISCLOSURE STATEMENTS (PDS) DID NOT PROVIDE A SUFFICIENTLY DETAILED EXPLANATION THAT CERTAIN COMPANY DEBT ISSUERS LACKING ESG RESEARCH COVERAGE WERE INCLUDED IN THE BENCHMARK SUCH THAT THE FUND AND ETF HAD EXPOSURE TO CERTAIN SECURITIES THAT MAY NOT HAVE REASONABLY EXPECTED BY INVESTORS. IN ADDITION, ANCILLIARY STATEMENTS MADE BY VIA, IN THE FORM OF A MEDIA RELEASE AND TWO INDUSTRY PRESENTATIONS, WERE ALLEGED TO NOT ADEQUATELY DISCLOSE THE LIMITATIONS OF THE EXCLUSIONARY SCREENS APPLIED TO THE PRODUCTS.","Final","NA","","Y","","Judgment Rendered","09/25/2024","Y","","Y","8772000","","","","","","","VIA TO PUBLISH A WRITTEN ADVERSE PUBLICITY NOTICE SPECIFIED IN THE ANNEXURE TO THE ORDERS; AND MAINTAIN THE PRESCRIBED NOTICE UNTIL 25 SEPTEMBER 2025 (12 MONTHS FROM THE DATE OF THE ORDERS)","N/A","ON 25 JULY 2023, ASIC LODGED CIVIL PENALTY PROCEEDINGS IN THE FEDERAL COURT OF AUSTRALIA AGAINST VANGUARD INVESTMENTS AUSTRALIA LTD (VIA), ALLEGING MISREPRESENTATIONS IN RELATION TO CLAIMS ABOUT CERTAIN ENVIRONMENTAL, SOCIAL AND GOVERNANCE (ESG) EXCLUSIONARY SCREENS APPLIED TO INVESTMENTS IN THE VANGUARD ETHICALLY CONSCIOUS GLOBAL AGGREGATE BOND INDEX AND ETF. ASIC ALLEGED THAT THE DESCRIPTION OF THE EXCLUSIONARY SCREENS IN THE PRODUCT DISCLOSURE STATEMENTS (PDS) DID NOT PROVIDE A SUFFICIENTLY DETAILED EXPLANATION THAT CERTAIN COMPANY DEBT ISSUERS LACKING ESG RESEARCH COVERAGE WERE INCLUDED IN THE BENCHMARK SUCH THAT THE FUND AND ETF HAD EXPOSURE TO CERTAIN SECURITIES THAT MAY NOT HAVE REASONABLY EXPECTED BY INVESTORS. IN ADDITION, ANCILLIARY STATEMENTS MADE BY VIA, IN THE FORM OF A MEDIA RELEASE AND TWO INDUSTRY PRESENTATIONS, WERE ALLEGED TO NOT ADEQUATELY DISCLOSE THE LIMITATIONS OF THE EXCLUSIONARY SCREENS APPLIED TO THE PRODUCTS.   IN CONSIDERING THE FACTS, JUSTICE O'BRYAN OF THE FEDERAL COURT ISSUED A REASONS FOR JUDGEMENT AND ORDERS ON 25 SEPTEMBER 2024, THAT OBLIGATES:1) VIA TO PAY PECUNIARY PENALTY TO THE COMMONWEALTH OF AUSTRALIA OF AUD$12.9 MILLION WHICH WAS PAID IN FULL ON 14 OCTOBER 2024;2) VIA TO PUBLISH ADVERSE PUBLICITY NOTICES AS PRESCRIBED BY THE ANNEXURE ACCOMPANYING THE ORDERS BY 25 OCTOBER 2024 ON SPECIFIED INTERNET WEB ADDRESSES UNTIL AT LEAST 25 SEPTEMBER 2025; AND3) ASIC TO PAY VIA'S COSTS OF AND INCIDENTAL TO THE HEARING ON 8 MARCH 2024 AND VIA TO OTHERWISE PAY THE COSTS OF THE PROCEEDINGS."
1936545,"AMENDED","","","","Y","Affiliates","1692054","","","","","Y","","","","","","","","","","","","","","","","","","","","","","","","","","","","","","",""
1936545,"AMENDED","","Y","","","Affiliates","1692055","","","","","Y","AUSTRALIAN SECURITIES AND INVESTMENTS COMMISSION","Civil Penalty(ies)/Fine(s)","ADVERSE PUBLICITY NOTICE","07/24/2023","Y","","Mutual Fund(s)","","SERVED BY FEDERAL COURT OF AUSTRALIA, VICTORIA CASE# - VID563/2023","NA","ON 25 JULY 2023, ASIC LODGED CIVIL PENALTY PROCEEDINGS IN THE FEDERAL COURT OF AUSTRALIA AGAINST VANGUARD INVESTMENTS AUSTRALIA LTD (VIA), ALLEGING MISREPRESENTATIONS IN RELATION TO CLAIMS ABOUT CERTAIN ENVIRONMENTAL, SOCIAL AND GOVERNANCE (ESG) EXCLUSIONARY SCREENS APPLIED TO INVESTMENTS IN THE VANGUARD ETHICALLY CONSCIOUS GLOBAL AGGREGATE BOND INDEX AND ETF. ASIC ALLEGED THAT THE DESCRIPTION OF THE EXCLUSIONARY SCREENS IN THE PRODUCT DISCLOSURE STATEMENTS (PDS) DID NOT PROVIDE A SUFFICIENTLY DETAILED EXPLANATION THAT CERTAIN COMPANY DEBT ISSUERS LACKING ESG RESEARCH COVERAGE WERE INCLUDED IN THE BENCHMARK SUCH THAT THE FUND AND ETF HAD EXPOSURE TO CERTAIN SECURITIES THAT MAY NOT HAVE REASONABLY EXPECTED BY INVESTORS. IN ADDITION, ANCILLIARY STATEMENTS MADE BY VIA, IN THE FORM OF A MEDIA RELEASE AND TWO INDUSTRY PRESENTATIONS, WERE ALLEGED TO NOT ADEQUATELY DISCLOSE THE LIMITATIONS OF THE EXCLUSIONARY SCREENS APPLIED TO THE PRODUCTS.","Final","NA","","Y","","Judgment Rendered","09/25/2024","Y","","Y","8772000","","","","","","","VIA TO PUBLISH A WRITTEN ADVERSE PUBLICITY NOTICE SPECIFIED IN THE ANNEXURE TO THE ORDERS; AND MAINTAIN THE PRESCRIBED NOTICE UNTIL 25 SEPTEMBER 2025 (12 MONTHS FROM THE DATE OF THE ORDERS)","N/A","ON 25 JULY 2023, ASIC LODGED CIVIL PENALTY PROCEEDINGS IN THE FEDERAL COURT OF AUSTRALIA AGAINST VANGUARD INVESTMENTS AUSTRALIA LTD (VIA), ALLEGING MISREPRESENTATIONS IN RELATION TO CLAIMS ABOUT CERTAIN ENVIRONMENTAL, SOCIAL AND GOVERNANCE (ESG) EXCLUSIONARY SCREENS APPLIED TO INVESTMENTS IN THE VANGUARD ETHICALLY CONSCIOUS GLOBAL AGGREGATE BOND INDEX AND ETF. ASIC ALLEGED THAT THE DESCRIPTION OF THE EXCLUSIONARY SCREENS IN THE PRODUCT DISCLOSURE STATEMENTS (PDS) DID NOT PROVIDE A SUFFICIENTLY DETAILED EXPLANATION THAT CERTAIN COMPANY DEBT ISSUERS LACKING ESG RESEARCH COVERAGE WERE INCLUDED IN THE BENCHMARK SUCH THAT THE FUND AND ETF HAD EXPOSURE TO CERTAIN SECURITIES THAT MAY NOT HAVE REASONABLY EXPECTED BY INVESTORS. IN ADDITION, ANCILLIARY STATEMENTS MADE BY VIA, IN THE FORM OF A MEDIA RELEASE AND TWO INDUSTRY PRESENTATIONS, WERE ALLEGED TO NOT ADEQUATELY DISCLOSE THE LIMITATIONS OF THE EXCLUSIONARY SCREENS APPLIED TO THE PRODUCTS.   IN CONSIDERING THE FACTS, JUSTICE O'BRYAN OF THE FEDERAL COURT ISSUED A REASONS FOR JUDGEMENT AND ORDERS ON 25 SEPTEMBER 2024, THAT OBLIGATES:1) VIA TO PAY PECUNIARY PENALTY TO THE COMMONWEALTH OF AUSTRALIA OF AUD$12.9 MILLION WHICH WAS PAID IN FULL ON 14 OCTOBER 2024;2) VIA TO PUBLISH ADVERSE PUBLICITY NOTICES AS PRESCRIBED BY THE ANNEXURE ACCOMPANYING THE ORDERS BY 25 OCTOBER 2024 ON SPECIFIED INTERNET WEB ADDRESSES UNTIL AT LEAST 25 SEPTEMBER 2025; AND3) ASIC TO PAY VIA'S COSTS OF AND INCIDENTAL TO THE HEARING ON 8 MARCH 2024 AND VIA TO OTHERWISE PAY THE COSTS OF THE PROCEEDINGS."
1939557,"AMENDED","","","","Y","Affiliates","1693773","","","","","N","TEXAS ATTORNEY GENERAL AND ATTORNEYS GENERAL FROM 10 OTHER STATES (AL, AR, IN, IOWA, KS, MO, MT, NE, WV, AND WY)","Other","CIVIL FINE/PENALTY, MONEY DAMAGES, INJUNCTION AND RETURN OF FEES AND COSTS.","11/27/2024","Y","","Other","ETFS","CASE 6:24-CV-00437, UNITED STATES DISTRICT COURT FOR THE EASTERN DISTRICT OF TEXAS TYLER DIVISION","","ON NOVEMBER 27, 2024, TEXAS ATTORNEY GENERAL KEN PAXTON AND ATTORNEYS GENERAL FROM 10 OTHER STATES (ALABAMA, ARKANSAS, INDIANA, IOWA, KANSAS, MISSOURI, MONTANA, NEBRASKA, WEST VIRGINIA, AND WYOMING) FILED A COMPLAINT AGAINST BLACKROCK, VANGUARD, AND STATE STREET (THE ""MANAGERS"") ALLEGING THAT THE MANAGERS USED THEIR OWNERSHIP STAKES IN COAL COMPANIES TO ARTIFICIALLY REDUCE COAL OUTPUT IN VIOLATION OF VARIOUS STATE AND FEDERAL ANTITRUST LAWS. TEXAS ALSO CLAIMS BLACKROCK MADE FALSE AND DECEPTIVE STATEMENTS IN CONNECTION WITH THE MARKETING OF ITS NON-ESG ETFS.","Pending","","12/03/2024","Y","","","","","","","","","","","","","","","","ON NOVEMBER 27, 2024, TEXAS ATTORNEY GENERAL KEN PAXTON AND ATTORNEYS GENERAL FROM 10 OTHER STATES (ALABAMA, ARKANSAS, INDIANA, IOWA, KANSAS, MISSOURI, MONTANA, NEBRASKA, WEST VIRGINIA, AND WYOMING) FILED A COMPLAINT AGAINST BLACKROCK, VANGUARD, AND STATE STREET (THE ""MANAGERS"") ALLEGING THAT THE MANAGERS USED THEIR OWNERSHIP STAKES IN COAL COMPANIES TO ARTIFICIALLY REDUCE COAL OUTPUT IN VIOLATION OF VARIOUS STATE AND FEDERAL ANTITRUST LAWS. TEXAS ALSO CLAIMS BLACKROCK MADE FALSE AND DECEPTIVE STATEMENTS IN CONNECTION WITH THE MARKETING OF ITS NON-ESG ETFS."
1939557,"AMENDED","","","Y","Y","Affiliates","1693772","","","","","N","TENNESSEE ATTORNEY GENERAL","Other","INJUNCTION, DISGORGEMENT, CIVIL PENALTY, RETURN OF FEES AND COSTS.","12/18/2023","Y","","Other","ETFS","CASE _23CV-618, CIRCUIT COURT OF WILLIAMSON COUNTY, TENNESSEE F'OR THE TWENTY.FIRST JUDICIAL DISTRICT","","ON DECEMBER 18, 2023, THE TENNESSEE ATTORNEY GENERAL (""AG"") SUED BLACKROCK, INC. IN TENNESSEE STATE COURT FOR ALLEGED VIOLATIONS OF TENNESSEE'S CONSUMER PROTECTION STATUTE IN CONNECTION WITH OUR ESG PRACTICES.  THE COMPLAINT GENERALLY ALLEGES THAT BLACKROCK HAS MADE MISLEADING STATEMENTS IN FUND PROSPECTUSES, FACT SHEETS, VARIOUS PUBLIC STATEMENTS, AND ON ITS WEBSITE REGARDING ITS ESG PRACTICES AND ITS APPROACH TO PROXY VOTING.","Final","","","Y","","Settled","01/17/2025","Y","","","","","","","","","","PLEASE SEE SECTION 14 FOR DETAILS RELATING TO THE SETTLEMENT AGREEMENT.","NOT APPLICABLE.","ON DECEMBER 18, 2023, THE TENNESSEE ATTORNEY GENERAL (""AG"") SUED BLACKROCK, INC. IN TENNESSEE STATE COURT FOR ALLEGED VIOLATIONS OF TENNESSEE'S CONSUMER PROTECTION STATUTE IN CONNECTION WITH OUR ESG PRACTICES.  THE COMPLAINT GENERALLY ALLEGES THAT BLACKROCK HAS MADE MISLEADING STATEMENTS IN FUND PROSPECTUSES, FACT SHEETS, VARIOUS PUBLIC STATEMENTS, AND ON ITS WEBSITE REGARDING ITS ESG PRACTICES AND ITS APPROACH TO PROXY VOTING.  ON JANUARY 17, 2025, THE PARTIES SETTLED THE LITIGATION. THE SETTLEMENT DOES NOT INVOLVE THE PAYMENT OF ANY MONEY, NOR DOES IT INCLUDE ANY FINDINGS THAT BLACKROCK VIOLATED ANY LAWS.  AMONG OTHER THINGS, BLACKROCK AGREED TO UPDATE CERTAIN DISCLOSURES ON ITS WEBPAGES AND TO PROVIDE ADDITIONAL TRANSPARENCY AND RECORDKEEPING AROUND ITS STEWARDSHIP PRACTICES."
1939565,"AMENDED","","","","Y","Affiliates","1693792","","","","","N","TEXAS ATTORNEY GENERAL AND ATTORNEYS GENERAL FROM 10 OTHER STATES (AL, AR, IN, IOWA, KS, MO, MT, NE, WV, AND WY)","Other","CIVIL FINE/PENALTY, MONEY DAMAGES, INJUNCTION AND RETURN OF FEES AND COSTS.","11/27/2024","Y","","Other","ETFS","CASE 6:24-CV-00437, UNITED STATES DISTRICT COURT FOR THE EASTERN DISTRICT OF TEXAS TYLER DIVISION","","ON NOVEMBER 27, 2024, TEXAS ATTORNEY GENERAL KEN PAXTON AND ATTORNEYS GENERAL FROM 10 OTHER STATES (ALABAMA, ARKANSAS, INDIANA, IOWA, KANSAS, MISSOURI, MONTANA, NEBRASKA, WEST VIRGINIA, AND WYOMING) FILED A COMPLAINT AGAINST BLACKROCK, VANGUARD, AND STATE STREET (THE ""MANAGERS"") ALLEGING THAT THE MANAGERS USED THEIR OWNERSHIP STAKES IN COAL COMPANIES TO ARTIFICIALLY REDUCE COAL OUTPUT IN VIOLATION OF VARIOUS STATE AND FEDERAL ANTITRUST LAWS. TEXAS ALSO CLAIMS BLACKROCK MADE FALSE AND DECEPTIVE STATEMENTS IN CONNECTION WITH THE MARKETING OF ITS NON-ESG ETFS.","Pending","","12/03/2024","Y","","","","","","","","","","","","","","","","ON NOVEMBER 27, 2024, TEXAS ATTORNEY GENERAL KEN PAXTON AND ATTORNEYS GENERAL FROM 10 OTHER STATES (ALABAMA, ARKANSAS, INDIANA, IOWA, KANSAS, MISSOURI, MONTANA, NEBRASKA, WEST VIRGINIA, AND WYOMING) FILED A COMPLAINT AGAINST BLACKROCK, VANGUARD, AND STATE STREET (THE ""MANAGERS"") ALLEGING THAT THE MANAGERS USED THEIR OWNERSHIP STAKES IN COAL COMPANIES TO ARTIFICIALLY REDUCE COAL OUTPUT IN VIOLATION OF VARIOUS STATE AND FEDERAL ANTITRUST LAWS. TEXAS ALSO CLAIMS BLACKROCK MADE FALSE AND DECEPTIVE STATEMENTS IN CONNECTION WITH THE MARKETING OF ITS NON-ESG ETFS."
1939565,"AMENDED","","","Y","Y","Affiliates","1693793","","","","","N","TENNESSEE ATTORNEY GENERAL","Other","INJUNCTION, DISGORGEMENT, CIVIL PENALTY, RETURN OF FEES AND COSTS.","12/18/2023","Y","","Other","ETFS","CASE _23CV-618, CIRCUIT COURT OF WILLIAMSON COUNTY, TENNESSEE F'OR THE TWENTY.FIRST JUDICIAL DISTRICT","","ON DECEMBER 18, 2023, THE TENNESSEE ATTORNEY GENERAL (""AG"") SUED BLACKROCK, INC. IN TENNESSEE STATE COURT FOR ALLEGED VIOLATIONS OF TENNESSEE'S CONSUMER PROTECTION STATUTE IN CONNECTION WITH OUR ESG PRACTICES.  THE COMPLAINT GENERALLY ALLEGES THAT BLACKROCK HAS MADE MISLEADING STATEMENTS IN FUND PROSPECTUSES, FACT SHEETS, VARIOUS PUBLIC STATEMENTS, AND ON ITS WEBSITE REGARDING ITS ESG PRACTICES AND ITS APPROACH TO PROXY VOTING.","Final","","","Y","","Settled","01/17/2025","Y","","","","","","","","","","PLEASE SEE SECTION 14 FOR DETAILS RELATING TO THE SETTLEMENT AGREEMENT.","NOT APPLICABLE.","ON DECEMBER 18, 2023, THE TENNESSEE ATTORNEY GENERAL (""AG"") SUED BLACKROCK, INC. IN TENNESSEE STATE COURT FOR ALLEGED VIOLATIONS OF TENNESSEE'S CONSUMER PROTECTION STATUTE IN CONNECTION WITH OUR ESG PRACTICES.  THE COMPLAINT GENERALLY ALLEGES THAT BLACKROCK HAS MADE MISLEADING STATEMENTS IN FUND PROSPECTUSES, FACT SHEETS, VARIOUS PUBLIC STATEMENTS, AND ON ITS WEBSITE REGARDING ITS ESG PRACTICES AND ITS APPROACH TO PROXY VOTING.  ON JANUARY 17, 2025, THE PARTIES SETTLED THE LITIGATION. THE SETTLEMENT DOES NOT INVOLVE THE PAYMENT OF ANY MONEY, NOR DOES IT INCLUDE ANY FINDINGS THAT BLACKROCK VIOLATED ANY LAWS.  AMONG OTHER THINGS, BLACKROCK AGREED TO UPDATE CERTAIN DISCLOSURES ON ITS WEBPAGES AND TO PROVIDE ADDITIONAL TRANSPARENCY AND RECORDKEEPING AROUND ITS STEWARDSHIP PRACTICES."
1946103,"AMENDED","","","Y","Y","Affiliates","1697351","","","","","N","VERBRAUCHERZENTRALE BADEN-WÜRTTEMBERG E.V. (VZBW)","Injunction","","09/26/2022","Y","","Equity Listed (Common & Preferred Stock)","","""LANDGERICHT FRANKFURT AM MAIN"" AKTENZEICHEN 3-10 O 83/22","","THE VERBRAUCHERZENTRALE BADEN-WÜRTTEMBERG E.V. (""VZBW"") ALLEGED THAT DWS INVESTMENT GMBH (""DWS"") MADE MISLEADING STATEMENTS IN VIOLATION OF THE GERMAN ACT AGAINST UNFAIR COMPETITION (""UWG"") IN TWO MARKETING DOCUMENTS FOR A FUND ENTITLED ""DWS INVEST ESG CLIMATE TECH"" USED VIS-À-VIS CONSUMERS IN GERMANY.","Final","N/A","10/14/2022","Y","","Settled","03/10/2023","Y","","","","","","","","Y","","N/A","PURSUANT TO THE OUT-OF-COURT SETTLEMENT (THE ""SETTLEMENT"") DWS AND VZBW AGREED THAT, BEGINNING MARCH 22, 2023, DWS WOULD NO LONGER USE THE TWO MARKETING DOCUMENTS FOR THE FUND DWS ESG CLIMATE TECH VIS-À-VIS CONSUMERS IN GERMANY WITHOUT MAKING CERTAIN CHANGES TO THE MARKETING DOCUMENTS AND ISSUING A CORRESPONDING DECLARATION.","ON JULY 27, 2022, THE VZBW SENT A LETTER (THE ""LETTER"") TO DWS DEMANDING THAT DWS CEASE AND DESIST FROM MAKING CERTAIN STATEMENTS IN TWO MARKETING DOCUMENTS FOR A FUND ENTITLED ""DWS INVEST ESG CLIMATE TECH"" USED VIS-À-VIS CONSUMERS IN GERMANY WHICH THE VZBW ALLEGED WERE IN VIOLATION OF THE UWG. ON AUGUST 18, 2022, DWS RESPONDED TO THE LETTER AND DENIED THE STATEMENTS IN THE MARKETING DOCUMENTS WERE IN VIOLATION OF THE UWG. ON OCTOBER 14, 2022, VZBW SERVED DWS WITH THE LAWSUIT, ALLEGING THE SAME VIOLATIONS AS IN THE LETTER, IN THE LANDGERICHT FRANKFURT AM MAIN (THE DISTRICT COURT OF FRANKFURT AM MAIN). ON MARCH 7, 2023, DWS, WITHOUT ADMITTING OR DENYING THE ALLEGATIONS, AGREED WITH VZBW TO THE SETTLEMENT, IN WHICH DWS AND VZBW AGREED THAT BEGINNING MARCH 22, 2023, DWS WOULD NO LONGER USE THE TWO MARKETING DOCUMENTS FOR THE FUND DWS ESG CLIMATE TECH VIS-À-VIS CONSUMERS IN GERMANY WITHOUT MAKING CERTAIN CHANGES TO THE MARKETING DOCUMENTS AND ISSUING A CORRESPONDING DECLARATION. BOTH DWS AND VZBW SUBSEQUENTLY DECLARED THAT A COURT DECISION WAS NO LONGER NEEDED AND THE LANDGERICHT FRANKFURT AM MAIN DECLARED THE LAWSUIT TO BE OVER WITHOUT A COURT RULING ON MARCH 10, 2023 DUE TO THE SETTLEMENT."
1946103,"AMENDED","","Y","","","Affiliates","1697348","","","","","N","CIVIL DIVISION OF THE FEDERAL COURT OF JUSTICE OF GERMANY","Money Damages (Private/Civil Complaint)","","02/05/2010","Y","","Other","INTEREST-RATE SWAPS","CIVIL DIVISION OF THE FEDERAL COURT OF JUSTICE OF GERMANY KARLSRUHE, GERMANY","DEUTSCHE BANK AG","THE CIVIL DIVISION OF THE FEDERAL COURT OF JUSTICE OF GERMANY FOUND THAT DEUTSCHE BANK AG (""DBAG"") VIOLATED CERTAIN ADVISORY DUTIES IN PROVIDING ADVICE ON ENTERING INTO AN INTEREST RATE SWAP AGREEMENT (CMS SPREAD LADDER SWAP CONTRACT) STRUCTURED BY THE BANK BUT NOT DISCLOSING A CONFLICT OF INTEREST.","Final","","","","","Judgment Rendered","03/22/2011","Y","","Y","541000","","","","","","","","THE AMOUNT OF $541,000 IS IN EUROS PLUS INTEREST (AFTER DEDUCTING INTEREST PAYMENTS RECEIVED).","THE CIVIL DIVISION OF THE FEDERAL COURT OF JUSTICE OF GERMANY FOUND THAT DEUTSCHE BANK AG (""DBAG"") VIOLATED CERTAIN ADVISORY DUTIES IN PROVIDING ADVICE ON ENTERING INTO AN INTEREST RATE SWAP AGREEMENT (CMS SPREAD LADDER SWAP CONTRACT) STRUCTURED BY THE BANK BUT NOT DISCLOSING A CONFLICT OF INTEREST."
1946103,"AMENDED","","Y","","","Affiliates","1697350","","","","","N","PROCURA DELLA REPUBBLICA PRESSO IL TRIBUNALE DI MILANO","Disgorgement","MONEY DAMAGES","01/13/2016","Y","","Derivative(s)","","TRIBUNALE ORDINARIO DI MILANO - SEZIONE SECONDA; 11622/16 REG. GEN.","N/A","THE MILAN PUBLIC PROSECUTOR ALLEGED THAT DEUTSCHE BANK AG/DEUTSCHE BANK AG LONDON BRANCH (""DB AG"") FAILED TO PROVIDE ADEQUATE MANAGEMENT AND SUPERVISION UNDER ITALIAN LEGISLATIVE DECREE 231 (NON-CRIMINAL LIABILITY) IN CONNECTION WITH ALLEGEDLY UNLAWFUL REPO TRANSACTIONS BETWEEN DB AG AND BANCA MONTE DEI PASCHI DI SIENA (""BMPS"") AND ITS SUBSIDIARY SANTORINI. THE TRANSACTIONS WERE ALLEGEDLY INTENDED TO HIDE BMPS LOSSES BY ALLOWING BMPS TO ACCOUNT FOR THE TRADES AS A FINANCING ON AN ACCRUAL BASIS, AND PERMITTED SOME BMPS SENIOR MANAGEMENT TO DISSEMINATE FALSE INFORMATION TO THE MARKET THROUGH THE PUBLICATION OF PRESS RELEASES QUOTING FINANCIAL DATA EMERGING FROM CERTAIN BMPS FINANCIAL STATEMENTS.","Pending","","11/08/2019","N","ON NOVEMBER 8, 2019, DBAG WAS FOUND NON-CRIMINALLY LIABLE UNDER LEGISLATIVE DECREE 231 AND SUBJECTED TO FINANCIAL PENALTIES DESCRIBED BELOW. THE COURT'S REASONING FOR ITS DECISION IS DUE TO BE PUBLISHED WITHIN 90 DAYS OF THE VERDICT, AFTER WHICH THERE ARE 45 DAYS TO NOTICE AN APPEAL. THE STATUS OF THE DISPOSITION IS PENDING, AS ALL PENALTIES WILL ONLY TAKE EFFECT AFTER THE CONCLUSION OF ANY APPEAL TO THE COURT OF APPEAL AND ANY SUBSEQUENT APPEAL TO THE SUPREME COURT OF CASSATION.","","","","","","","","","","","","","","","ON NOVEMBER 8, 2019, THE TRIBUNALE ORDINARIO DI MILANO - SEZIONE SECONDA FOUND DB AG LIABLE (NON-CRIMINALLY) FOR FAILING TO PROVIDE ADEQUATE MANAGEMENT AND SUPERVISION, IN CONNECTION WITH ALLEGEDLY UNLAWFUL REPO TRANSACTIONS BETWEEN DB AG AND BANCA MONTE DEI PASCHI DI SIENA (""BMPS"") AND ITS SUBSIDIARY SANTORINI. THE COURT ALSO SUBJECTED DB AG TO CONFISCATION OF 64.891 MILLION EUROS IN PROFITS AND FINED DB AG 3 MILLION EUROS. THE PENALTIES AND SENTENCES WILL ONLY BECOME EFFECTIVE AFTER THE CONCLUSION OF ANY APPEAL."
1946103,"AMENDED","Y","Y","","","Affiliates","1697349","","","","","N","U.S. COMMODITY FUTURES TRADING COMMISSION (""CFTC"")","Civil Penalty(ies)/Fine(s)","INJUNCTION AND COURT ORDER APPOINTING COMPLIANCE MONITOR","08/18/2016","Y","","Derivative(s)","","U.S. COMMODITY FUTURES TRADING COMMISSION V. DEUTSCHE BANK, 1:16-CV-06544 SOUTHERN DISTRICT OF NEW YORK (""SDNY"")","","THE CFTC ALLEGED THAT, WITH RESPECT TO THE REPORTING OF SWAP DATA, DEUTSCHE BANK AG (""DBAG"") FAILED TO PROPERLY REPORT AND CORRECT ERRORS IN REAL-TIME DATA, TO CORRECT ERRORS AND OMISSIONS IN PREVIOUSLY REPORTED DATA, PROVIDE DILIGENT SUPERVISION, AND MAINTAIN AN ADEQUATE BUSINESS CONTINUITY AND DISASTER RECOVERY PLAN. THE CFTC ALSO ALLEGED THAT DBAG VIOLATED A 2015 CFTC ORDER THAT RESOLVED A CFTC INVESTIGATION INTO A DIFFERENT TYPE OF SWAP REPORTING ERROR.","Final","","","","","Consent","06/17/2020","Y","","Y","9000000","","","","","","","","WITHOUT ADMITTING OR DENYING THE ALLEGATIONS, DBAG AGREED TO A PERMANENT INJUNCTION REQUIRING IT TO COMPLY WITH THE 2015 CFTC ORDER AND RESTRAINING IT FROM VIOLATING CERTAIN PROVISIONS OF THE COMMODITY EXCHANGE ACT (""CEA"") AND CFTC REGULATIONS RELATED TO SWAP DATA REPORTING REQUIREMENTS, BUSINESS CONTINUITY AND DISASTER RECOVERY PLANNING, AND SUPERVISION. DBAG ALSO AGREED TO PAY A $9,000,000 CIVIL MONEY PENALTY. THE FINE WAS PAID ON JULY 1, 2020.","IN AUGUST 2016, THE CFTC FILED A COMPLAINT IN THE U.S. DISTRICT COURT FOR THE SOUTHERN DISTRICT OF NEW YORK (""SDNY"") FOLLOWING AN INADVERTENT FIVE-DAY OUTAGE OF DBAG'S SWAP REPORTING PLATFORM IN APRIL 2016. DURING THE OUTAGE, DBAG WAS UNABLE TO SUBMIT ANY PRICE OR TRANSACTION DATA TO THE DATA REPOSITORY. AT THE TIME OF THE OUTAGE, DBAG WAS SUBJECT TO A CFTC SETTLEMENT ORDER DATED SEPTEMBER 30, 2015, ARISING OUT OF A DIFFERENT TYPE OF SWAP REPORTING ERROR,WHICH REQUIRED DBAG TO REMEDIATE ITS SWAP DATA REPORTING PROGRAM. IN CONNECTION WITH THESE REMEDIAL UNDERTAKINGS, DBAG ATTEMPTED TO PERFORM A MAINTENANCE UPGRADE TO ITS SWAP REPORTING PLATFORM, DURING WHICH ITS VENDOR CAUSED THE OUTAGE BY INADVERTENTLY COPYING OUTDATED OR UNSYNCHRONIZED DATA FILES FROM THE BACKUP PLATFORM TO THE MAIN PLATFORM. BECAUSE THE BACKUP PLATFORM WAS ALSO AFFECTED, DBAG WAS UNABLE TO PROMPTLY RESUME REPORTING AFTER THE INCIDENT AS PRESCRIBED BY ITS BUSINESS CONTINUITY AND DISASTER RECOVERY PLAN. DBAG PROMPTLY NOTIFIED THE CFTC OF THE OUTAGE AND PROVIDED EXTENSIVE COOPERATION TO THE CFTC'S STAFF FROM THE TIME OF THE OUTAGE THROUGH THE TIME OF THE RESOLUTION OF THE LAWSUIT. ON JUNE 17, 2020, DBAG, WITHOUT ADMITTING OR DENYING THE FINDINGS OR CONCLUSIONS THEREIN, ENTERED INTO A SETTLEMENT WITH THE CFTC. SDNY APPROVED THE SETTLEMENT IN ITS CONSENT ORDER FOR PERMANENT INJUNCTION, CIVIL MONETARY PENALTY, AND OTHER EQUITABLE RELIEF AGAINST DEUTSCHE BANK AG (THE ""ORDER""). THE ORDER ENJOINED DBAG FROM VIOLATING CERTAIN CEA PROVISIONS AND CFTC RULES RELATED TO SWAP DATA REPORTING REQUIREMENTS, BUSINESS CONTINUITY AND DISASTER RECOVERY PLANNING, AND SUPERVISION; ORDERED DBAG TO COMPLY WITH ITS 2015 CFTC ORDER; AND REQUIRED DBAG TO PAY A CIVIL MONEY PENALTY OF $9,000,000, THE FINE WAS PAID ON JULY 1, 2020."
