"FilingID","ReferenceID","SubreferenceID","Name of General Partner, etc."
1995672,288406,138171,"TEPHRA DIGITAL LLC"
1995672,288406,138170,"TEPHRA DIGITAL GP LLC"
1996832,193071,122035,"MR. ROBERT THOMAS - DIRECTOR"
1996832,193071,122035,"MA. PHILIP CRAIG - DIRECTOR"
1996832,193071,133068,"CREDERE CAPITAL CAYMAN GP"
1999646,484958,152624,"JOHN STEPHAN FAHY"
1999646,484958,152624,"HEIDIE HUNTE-BLUNT"
1999646,484958,152624,"SABINA JERRYBANDAN"
1999646,484958,152625,"OGIER GLOBAL TRUSTEE (CAYMAN) LIMITED"
1999111,316052,142194,"EPIQ CAPITAL GP, LLC"
1999021,269351,136018,"STACEY KIRKCONNELL"
1999021,246333,147045,"ANDREW GALLOWAY"
1999021,246333,147045,"RALPH WOODFORD"
1999021,269351,136018,"RALPH WOODFORD"
1999021,269351,136018,"ANDREW GALLOWAY"
1999021,12438,2762,"PETER ANDERSON"
1999021,12438,2760,"THELEME GENERAL PARTNER LLC"
1999021,12438,2762,"BRUNO SCHERRER"
1999021,12438,2762,"ROLAND LIENAU"
1999021,12438,2762,"PAUL KAJU"
1996898,269436,136340,"KEVIN SMITH, DIRECTOR"
1997812,228002,129996,"CRAKE US FEEDER GP LIMITED"
1997812,228002,129995,"MR. DAVID HAMMOND"
1997812,228002,129995,"MS. FIONA MULHALL"
1997812,228002,129995,"MR. RICHARD WALKER"
1997812,228002,129995,"MS. CATHERINE LANE"
1992888,487533,153255,"AUDA CAPITAL G.P. S.A R.L."
1992888,487533,153255,"FUNDROCK LIS S.A."
1992888,487499,153239,"HQ CAPITAL III GP S.A.R.L."
1992888,487499,153239,"FUNDROCK LIS S.A"
1992888,487499,153238,"FUNDROCK LIS S.A"
1992888,487499,153238,"HQ CAPITAL IV GP S.A.R.L."
1992888,487522,153246,"HQ CAPITAL III GP S.A.R.L."
1992888,487522,153246,"FUNDROCK LIS S.A"
1992888,487528,153252,"HQ CAPITAL IV GP S.A.R.L."
1992888,487528,153251,"FUNDROCK LIS S.A"
1992888,487528,153252,"FUNDROCK LIS S.A"
1992888,487528,153251,"HQ CAPITAL IV GP S.A.R.L."
1992888,487502,153245,"HQ CAPITAL III GP S.A.R.L."
1992888,487502,153245,"FUNDROCK LIS S.A"
1992888,487502,153244,"FUNDROCK LIS S.A"
1992888,487502,153244,"HQ CAPITAL IV GP S.A.R.L."
1992888,487531,153253,"FUNDROCK LIS S.A"
1992888,487531,153253,"HQ CAPITAL IV GP S.A.R.L."
1992888,487531,153254,"HQ CAPITAL IV GP S.A.R.L."
1992888,487531,153254,"FUNDROCK LIS S.A"
1992888,487498,153236,"FUNDROCK LIS S.A"
1992888,487498,153236,"HQ CAPITAL IV GP S.A.R.L."
1992888,487498,153237,"HQ CAPITAL III GP S.A.R.L."
1992888,487498,153237,"FUNDROCK LIS S.A"
1992888,487527,153249,"FUNDROCK LIS S.A"
1992888,487527,153249,"HQ CAPITAL IV GP S.A.R.L."
1992888,487527,153250,"HQ CAPITAL IV GP S.A.R.L."
1992888,487527,153250,"FUNDROCK LIS S.A"
1992888,487497,153234,"HQ CAPITAL III GP S.A.R.L."
1992888,487497,153235,"FUNDROCK LIS S.A"
1992888,487497,153235,"HQ CAPITAL IV GP S.A.R.L."
1992888,487497,153234,"FUNDROCK LIS S.A"
1992888,487501,153243,"HQ CAPITAL III GP S.A.R.L."
1992888,487501,153243,"FUNDROCK LIS S.A"
1992888,487500,153240,"FUNDROCK LIS S.A"
1992888,487500,153240,"HQ CAPITAL IV GP S.A.R.L."
1992888,487500,153241,"HQ CAPITAL III GP S.A.R.L."
1992888,487500,153241,"FUNDROCK LIS S.A"
1996965,70083,14337,"BENSON ELLIOT GP IV LLP"
1996965,70083,14336,"BENSON ELLIOT GP IV LLP"
1996965,172824,116983,"BENSON ELLIOT GP IV LLP"
1996965,172824,116984,"BENSON ELLIOT GP IV LLP"
1996591,364193,144255,"HOPLON INVESTMENT PARTNERS GP2 S.A.R.L."
1997279,240623,132069,"272 ADVISORS LLC"
1997279,240623,132070,"JASON FITZGERALD"
1997279,240623,132070,"272 ADVISORS LLC"
1997279,240623,132070,"GEOFFREY BUTLER"
1992565,283568,137690,"MATT AURIEMMA"
1992565,283568,137690,"DR. ERIC VARMA"
1992565,283568,137690,"GEORGIA PRINSLOO"
1992565,283568,137689,"TITANITE CAPITAL GP LLC"
1992935,268597,135832,"ALTIO NEXTGEN OPPORTUNITY FUND GP, LLC"
1995452,487652,153286,"DEEP JOURNEY PROTOCOL GP, LP"
1994594,432803,149861,"STACEY KIRKCONNELL"
1994594,432803,149861,"YAVUZ ARIKAN"
1994594,432803,149862,"CAMROSE EQUITY US FUND GP LIMITED"
1994594,432803,149862,"RALPH WOODFORD (DIRECTOR OF THE GP)"
1994594,432803,149862,"STACEY KIRKCONNELL (DIRECTOR OF THE GP)"
1994594,432803,149862,"YAVUZ ARIKAN (DIRECTOR OF THE GP)"
1994594,432803,149861,"RALPH WOODFORD"
1996692,470736,151209,"CHARLES WOOLNOUGH"
1996692,470736,151209,"BRAD COWDROY"
1996692,470736,151209,"ADRIAN MCCRACKEN"
1996692,470807,151210,"GARY GLADSTEIN"
1996692,470807,151210,"CAROL REYNOLDS"
1996692,470807,151210,"ROBERT STRICKER"
1996692,470807,151210,"DENNIS HUNTER"
1996692,470807,151211,"CAROL REYNOLDS"
1996692,470807,151211,"GARY GLADSTEIN"
1996692,470807,151211,"DENNIS HUNTER"
1996692,470807,151211,"ROBERT STRICKER"
1996692,248469,143780,"GEORGE BASHFORTH"
1993014,178219,118002,"EPSILON VENTURE PARTNERS GP, L.P."
1996692,248469,143780,"LARS KRISTOFFERSEN"
1996692,248469,143780,"WADE KENNY"
1996692,248471,133433,"MONINA MONETTE WINDSOR"
1996692,248471,133433,"BRIAN BURKHOLDER"
1996692,307666,139975,"TIMOTHY SWEETING"
1996692,307666,139975,"RALPH WOODFORD"
1996692,307666,139975,"CHARLES WOOLNOUGH"
1996692,248471,133433,"VICTORIA PARRY"
1996692,248469,133429,"GEORGE BASHFORTH"
1996692,248469,133429,"LARS KRISTOFFERSEN"
1996692,248469,133429,"WADE KENNY"
1996692,248472,133434,"MONINA MONETTE WNDSOR"
1996692,248472,133434,"VICTORIA PARRY"
1997255,488018,153293,"BRUDER, HENNING, ERNST ALFRED"
1997255,310216,141190,"BRUDER, HENNING, ERNST ALFRED"
1997255,310216,141190,"GRIFFITH, PEARSE, JAMES"
1997255,310216,141190,"MCCORMICK, JESSE, MICHAEL"
1997255,310216,141190,"REINHOLD, ALAIN, JEAN RENE"
1997255,178359,118026,"BRUDER, HENNING, ERNST ALFRED"
1997255,178359,118026,"REINHOLD, ALAIN, JEAN RENE"
1997255,178359,118026,"GRIFFITH, PEARSE, JAMES"
1997255,178359,118026,"MCCORMICK, JESSE, MICHAEL"
1997255,488018,153293,"GRIFFITH, PEARSE, JAMES"
1997255,488018,153293,"MCCORMICK, JESSE, MICHAEL"
1997255,488018,153293,"REINHOLD, ALAIN, JEAN RENE"
1995281,309637,141092,"ASYMMETRIC TECHNOLOGIES GP, LLC"
1995281,309637,141091,"ASYMMETRIC TECHNOLOGIES GP, LLC"
1995281,475669,151244,"ASYMMETRIC HV FUND GP I, LLC"
1986529,370534,145145,"ALINOR CAPITAL GP S.A.R.L."
1998315,202641,123663,"MARC TOWERS (DIRECTOR)"
1998315,202641,123663,"SUKRU KESEBI (DIRECTOR)"
1998315,202641,123663,"OULIANG XU (DIRECTOR)"
1997660,476126,151282,"STEPHEN SALES"
1997660,476126,151282,"LAWRENCE MORGENTHAL"
1997660,476126,151282,"DAVID RUSSELL"
1997660,476126,151283,"HUNTERS MOON FUND GP LLC"
1997660,476113,151280,"HUNTERS MOON FUND GP LLC"
1997660,476113,151279,"STEPHEN SALES"
1997660,476113,151279,"DAVID RUSSELL"
1997660,476113,151279,"LAWRENCE MORGENTHAL"
1988761,486229,152806,"CARLYON KNIGHT-EVANS, DIRECTOR"
1988761,486229,152806,"TIMOTHY WONG, DIRECTOR"
1988761,486229,152806,"Y-INTERCEPT (HONG KONG) LIMITED, INVESTMENT MANAGER"
1988761,486229,152806,"JOONG HO CHANG, DIRECTOR"
1988761,486229,152807,"Y-INTERCEPT (HONG KONG) LIMITED, INVESTMENT MANAGER"
1988761,486229,152807,"JOONG HO CHANG, DIRECTOR"
1988761,486229,152807,"CARLYON KNIGHT-EVANS, DIRECTOR"
1988761,486229,152807,"TIMOTHY WONG, DIRECTOR"
1998430,432803,149861,"STACEY KIRKCONNELL"
1998430,432803,149861,"YAVUZ ARIKAN"
1998430,432803,149862,"CAMROSE EQUITY US FUND GP LIMITED"
1998430,432803,149862,"RALPH WOODFORD (DIRECTOR OF THE GP)"
1987936,486175,152784,"BREGAL UNTERNEHMERKAPITAL IV GP FEEDER LIMITED"
1987946,486179,152786,"BREGAL UNTERNEHMERKAPITAL IV GP FEEDER LIMITED"
1992129,190948,121113,"JOHN LEWIS - DIRECTOR"
1992129,190948,121113,"JAMES MINSHULL - DIRECTOR"
1992129,190948,121113,"THOMAS LEMKE - DIRECTOR"
1992129,190948,121112,"JOHN LEWIS - DIRECTOR"
1992129,190948,121112,"JAMES MINSHULL - DIRECTOR"
1992129,190948,121112,"THOMAS LEMKE - DIRECTOR"
1993057,435252,150188,"ROBERT BURROW"
1993057,435252,150188,"JOSEPH KELLY"
1993057,435252,150188,"ROGER OHAN"
1993057,435252,150188,"SCOTT B. BERNSTEIN"
1993057,435252,150188,"WILLIAM ANDERSON"
1993057,435230,150179,"CANTERBURY HOLDINGS (USA) LLC"
1993057,435231,150182,"CANTERBURY HOLDINGS (USA) LLC"
1993057,435230,150180,"CIF HOLDINGS LP"
1993057,435231,150184,"ROBERT BURROW"
1993057,435231,150184,"ROGER OHAN"
1993057,435231,150184,"SCOTT B. BERNSTEIN"
1993057,435231,150184,"WILLIAM ANDERSON"
1993057,435231,150183,"CIF HOLDINGS LP"
1993057,435231,150184,"JOSEPH KELLY"
1993057,435252,150186,"CANTERBURY HOLDINGS (USA) LLC"
1993057,435252,150187,"CIF HOLDINGS LP"
1993057,435228,150175,"ROBERT BURROW"
1993057,435228,150175,"ROGER OHAN"
1993057,435228,150175,"JOSEPH KELLY"
1993057,435228,150175,"SCOTT B. BERNSTEIN"
1993057,435228,150175,"WILLIAM ANDERSON"
1993057,435228,150176,"CANTERBURY HOLDINGS (USA) LLC"
1993057,435228,150177,"JOSEPH KELLY"
1993057,435228,150177,"ROBERT BURROW"
1993057,435228,150177,"ROGER OHAN"
1993057,435228,150177,"SCOTT B. BERNSTEIN"
1993057,435228,150177,"WILLIAM ANDERSON"
1993057,435228,150178,"CIF HOLDINGS LP"
1993057,435230,150181,"ROGER OHAN"
1993057,435230,150181,"SCOTT B. BERNSTEIN"
1993057,435230,150181,"WILLIAM ANDERSON"
1999266,228632,130086,"JEAN MARC"
1999266,228632,130086,"ANDRE CHUNG SHUI"
1999266,228632,130086,"GANESH KEDIA"
1998430,432803,149862,"STACEY KIRKCONNELL (DIRECTOR OF THE GP)"
1998430,432803,149862,"YAVUZ ARIKAN (DIRECTOR OF THE GP)"
1998430,432803,149861,"RALPH WOODFORD"
1997570,211448,125683,"ESDF VI LIMITED"
1997570,65759,13429,"ESDF V LIMITED"
1995167,480079,152364,"HEDOSOPHIA MANAGEMENT LIMITED"
1998418,68365,13969,"ACUTA CAPITAL PARTNERS, LLC"
1987315,485710,152643,"BREGAL UNTERNEHMERKAPITAL IV GP FEEDER LIMITED"
1994372,269452,136036,"LEI FU"
1994372,269452,136035,"JARKKO MATILAINEN"
1994372,269452,136035,"LEI FU"
1994372,269452,136035,"NEIL MACKIE"
1994372,269452,136036,"NEIL MACKIE"
1994372,269452,136036,"JARKKO MATILAINEN"
1994912,435146,150174,"INFINITUM PARTNERS, GP LLC"
1994912,435146,150173,"INFINITUM PARTERS, GP LLC"
1996203,370039,152149,"REGAL FUNDS MANAGEMENT ASIA PTE LTD"
1996203,370039,152148,"REGAL FUNDS MANAGEMENT ASIA PTE LTD"
1990399,178398,118033,"MARC TOWERS - DIRECTOR"
1990399,178398,118033,"DAVID Y MA - DIRECTOR"
1990399,178398,118033,"YOLANDA BANKS MCCOY - DIRECTOR"
1990399,178398,118034,"DAVID Y MA - DIRECTOR"
1990399,178398,118034,"MARC TOWERS - DIRECTOR"
1990399,178398,118034,"YOLANDA BANKS MCCOY - DIRECTOR"
1990399,178398,118033,"COMPOSITE CAPITAL FUND (GP) LIMITED - GENERAL PARTNER"
1997493,250732,133807,"ANAVIO EQUITY CAPITAL MARKETS FUND GP LIMITED"
1997493,250732,133806,"BRAD FISHER"
1997493,250732,133806,"ROBERT DUGGAN"
1999274,268331,136003,"ANDRE STERN"
1999049,286453,138081,"MARTIN STEIN"
1991766,420556,146947,"RS LANDMARK OPPORTUNITIES GP, LIMITED"
1991766,420556,146948,"RS LANDMARK OPPORTUNITIES GP, LIMITED"
1991766,364192,144252,"RS FUND V GP, LIMITED"
1991766,364192,144253,"RS FUND V GP, LIMITED"
1991766,364192,144254,"RS FUND V GP, LIMITED"
1991766,268596,135830,"ISH NEW BUILD GP, LIMITED"
1991766,268596,135831,"ISH NEW BUILD GP, LIMITED"
1991766,245574,132874,"RS FUND IV GP, LIMITED"
1991766,245574,132875,"RS FUND IV GP, LIMITED"
1991766,245574,132876,"RS FUND IV GP, LIMITED"
1991766,245773,132925,"RS CO-INVEST III GP, LTD"
1991766,245773,132924,"RS CO-INVEST III GP, LTD"
1991766,205856,124429,"RS FUND III GP, LTD"
1991766,191514,121089,"RS FUND II GP, LTD"
1991766,191514,121090,"RS FUND II GP, LTD"
1991766,205856,124261,"RS FUND III GP, LTD"
1991766,205856,124262,"RS FUND III GP, LTD"
1991766,245774,132926,"LES BORDES GP LIMITED"
1978161,423093,147246,"SUNSTONE FUND GP, LLC"
1978161,423093,147247,"ZHUOHAN PATRICK YANG"
1997455,355403,145060,"CHRISTOPHER DAY (DIRECTOR)"
1997455,355403,145060,"VERITY PRIEST (DIRECTOR)"
1997455,355403,145060,"JING ZHOU (DIRECTOR)"
1997455,355403,143202,"VERITY PRIEST (DIRECTOR)"
1997455,355403,143202,"JING ZHOU (DIRECTOR)"
1997455,355403,143202,"CHRISTOPHER DAY (DIRECTOR)"
1995009,180332,153263,"KILLIAN BUCKLEY"
1995009,180332,153263,"MALCOLM BUTLER"
1995009,180332,153263,"DAVID MCGEOUGH"
1995009,180332,118333,"SELWOOD ASSET MANAGEMENT (CAYMAN) LIMITED"
1995009,180332,118334,"GREGORY LINK"
1995009,180332,118334,"CHARLIE WOOLNOUGH"
1995009,180332,118334,"JEAN-FRANÇOIS TRECCO"
1995009,180332,118334,"MALCOLM BUTLER"
1998115,435849,150244,"DIRECTORS: ANN WRIGHT (CHAIR), NOEL FORD AND BRENDAN CAMPBELL"
1998123,364676,153318,"TRITON IV CONTINUATION FUND GP SARL"
1998123,364671,153316,"TRITON DEBT OPPORTUNITIES FUND III GP SARL"
1998123,311008,153317,"TRITON III CONTINUATION GP S.A R.L."
1998123,215964,126358,"BESH RHYLL OCAMPO-GARCIA"
1998123,215937,127993,"TRITON DEBT OPPORTUNITIES FUND II GENERAL PARTNER L.P."
1998123,215964,126358,"CHARLMAINE VELLA"
1998123,215964,126358,"MATTHEW CRILL"
1998123,215977,127168,"TRITON FUND V GENERAL PARTNER L.P."
1998123,215992,126368,"CHARLMAINE VELLA"
1998123,215992,126367,"CHARLMAINE VELLA"
1998123,215992,126367,"MATTHEW CRILL"
1998123,215992,126368,"MATTHEW CRILL"
1998123,215996,126369,"TRITON SMALLER MID-CAP GENERAL PARTNER L.P."
1998123,215992,126367,"BESH RHYLL OCAMPO-GARCIA"
1998123,215992,126368,"BESH RHYLL OCAMPO-GARCIA"
1998123,215934,126356,"TRITON DEBT OPPORTUNITIES FUND I GENERAL PARTNER L.P."
1998123,215970,126359,"TRITON FUND IV GENERAL PARTNER L.P."
1998123,269677,136078,"TRITON SMALLER MID-CAP GENERAL PARTNER II SARL"
1987941,277036,136506,"ROOKSANA BIBI SHAHABALLY, DIRECTOR"
1987941,277036,136506,"ASHRAF RAMTOOLA, DIRECTOR"
1987941,277036,136506,"ROMESH RAJA RAI, DIRECTOR"
1987940,277040,136508,"ASHRAF RAMTOOLA, DIRECTOR"
1987940,277040,136508,"ROOKSANA BIBI SHAHABALLY, DIRECTOR"
1998086,363484,144121,"PERBAK GLOBAL MARKET NEUTRAL GP"
1998086,363484,144120,"GRANT JACKSON"
1998086,363484,144120,"STACEY KIRKCONNELL"
1998086,363484,144120,"STEVE CHAPMAN"
1999785,309823,145251,"CASTALIAN PARTNERS, LLC"
1993922,178866,118104,"PAUL KAJU"
1993922,178866,118104,"PETER HUBER"
1993922,178866,124198,"ENA INVESTMENT CAPITAL (GP) LTD"
1998048,488158,153331,"NICHOLAS GAZE - DIRECTOR"
1998048,488158,153331,"RONIT CAPITAL LLP"
1998048,488158,153331,"RUSSELL BURT - DIRECTOR"
1998048,421395,147054,"RUSSELL BURT - DIRECTOR"
1998048,421395,147054,"RONIT CAPITAL LLP"
1998048,421395,147055,"NICHOLAS GAZE - DIRECTOR"
1998048,421395,147055,"RUSSELL BURT - DIRECTOR"
1998048,421395,147054,"NICHOLAS GAZE - DIRECTOR"
1998048,421395,147055,"RONIT CAPITAL (GP) LTD"
1998048,55146,10882,"NICHOLAS GAZE - DIRECTOR"
1998048,55146,10882,"RUSSELL BURT - DIRECTOR"
1998048,55146,10883,"NICHOLAS GAZE - DIRECTOR"
1998048,55146,10883,"RUSSELL BURT - DIRECTOR"
1998048,55146,10883,"RONIT CAPITAL LLP"
1998048,55146,10882,"RONIT CAPITAL (GP) LTD"
1997777,367271,144704,"VOLERY FUND I GP, LLC"
1999773,190116,120868,"HAYMAN CAPITAL MANAGEMENT, L.P."
1999773,190116,120867,"HAYMAN CAPITAL MANAGEMENT, L.P."
1999773,190116,120868,"HAYMAN OFFSHORE MANAGEMENT, INC."
1993553,265041,135111,"HAYFIN SOF III GP SARL"
1993553,265041,135112,"LRI INVEST S.A."
1993553,265041,135112,"HAYFIN CAPITAL MANAGEMENT LLP"
1993553,265041,135112,"HAYFIN SOF III GP SARL"
1993553,265041,135113,"LRI INVEST S.A."
1993553,265041,135113,"HAYFIN CAPITAL MANAGEMENT LLP"
1993553,265041,135113,"HAYFIN SOF III GP SARL"
1993553,265041,135114,"LRI INVEST S.A."
1993553,265041,135114,"HAYFIN CAPITAL MANAGEMENT LLP"
1993553,265041,135114,"HAYFIN SOF III GP SARL"
1993553,265041,140028,"HAYFIN SOF III GP SARL"
1993553,265041,140028,"LRI INVEST S.A."
1993553,265041,140028,"HAYFIN CAPITAL MANAGEMENT LLP"
1993553,265041,140031,"HAYFIN CAPITAL MANAGEMENT LLP"
1993553,265041,135111,"LRI INVEST S.A."
1993553,265041,135111,"HAYFIN CAPITAL MANAGEMENT LLP"
1993553,265041,140031,"LRI INVEST S.A."
1993553,265041,140031,"HAYFIN SOF III GP SARL"
1989748,420387,146907,"LOU SULTAN"
1989748,420387,146908,"SADDLEROCK CAPITAL GP LLC"
1989748,420387,146907,"JONATHAN BAIN"
1989748,420387,146907,"GEORGE BASHFORTH"
1999107,246999,145247,"HARRADEN CIRCLE INVESTORS GP, LP"
1999107,488325,153388,"HARRADEN CIRCLE INVESTORS GP, LP"
1999107,371664,153387,"HARRADEN CIRCLE INVESTORS GP, LP"
1998007,268847,135893,"DAWN HOWE"
1998007,268847,135893,"CHRIS TURLAND"
1998007,268847,135893,"TIM SWEETING"
1996825,423099,147248,"KEVIN MEEHAN"
1996825,423099,147248,"GARY LINFORD"
1996825,423099,147249,"BFAM ASIAN OPPORTUNITIED GP LIMITED"
1993469,158863,107479,"PATRICK AGEMIAN"
1993469,158863,107479,"RALPH WOODFORD"
1993469,158863,107479,"BRAD COWDROY"
1998029,53292,10438,"FREDERIQUE GILAIN, DIRECTOR"
1998029,53292,10438,"GARY LINFORD, DIRECTOR"
1998029,53292,10439,"BFAM ASIAN OPPORTUNITIES GP LIMITED, GENERAL PARTNER"
1998029,53292,10438,"KEVIN MEEHAN, DIRECTOR"
1997223,315119,142132,"ALLOSTERY FUNDS GP LLC"
1997223,315119,147040,"DAVID MODEST, RONAN GUILFOYLE, ALAINA DANLEY"
1998299,191658,147132,"EMK CAPITAL I GP SLP"
1998299,421658,147059,"EMK CAPITAL III GP LIMITED"
2000163,314299,141950,"ANTERRA GP II B.V."
2000163,314299,141951,"ANTERRA GP II B.V."
2000163,178769,118089,"ANTERRA GP I B.V."
2000163,178769,118090,"ANTERRA GP I B.V."
1999551,5354,1646,"PATRICK HARGREAVES"
1999551,184600,119865,"PATRICK HARGREAVES"
1999551,184600,119865,"ADRIAN O'CARROLL"
1999551,5354,10546,"PATRICK HARGREAVES"
1999551,184600,119865,"DECLAN QUILLIGAN"
1999551,184600,119865,"CARSTEN LONFELDT"
1999551,5354,10546,"CARSTEN LONFELDT"
1999551,5332,1642,"ADRIAN O'CARROLL"
1999551,5332,1642,"DECLAN QUILLIGAN"
1999551,5354,10546,"DECLAN QUILLIGAN"
1999551,5332,1643,"ADRIAN O'CARROLL"
1999551,5332,1643,"DECLAN QUILLIGAN"
1989808,255074,134390,"ZHEN ZHANG"
1989808,255074,134390,"TONGSHU WANG"
1989808,255074,134390,"CHRISTOPHER DAY"
1989808,255074,134391,"TONGSHU WANG"
1989808,255074,134391,"CHRISTOPHER DAY"
1989808,255074,134391,"ZHEN ZHANG"
1989808,231025,130693,"TONGSHU WANG"
1989808,231025,130693,"CHRISTOPHER DAY"
1989808,231025,130693,"ZHEN ZHANG"
1989808,231025,130694,"CHRISTOPHER DAY"
1989808,231025,130694,"ZHEN ZHANG"
1989808,231025,130694,"TONGSHU WANG"
1989808,486406,152836,"CHRISTOPHER DAY"
1989808,486406,152836,"TONGSHU WANG"
1989808,486406,152836,"ZHEN ZHANG"
1998093,167006,115771,"STEPHEN SALES"
1998093,167006,144143,"GRANT JACKSON"
1998093,167006,144143,"DAWN HOWE"
1998093,167006,144142,"GRANT JACKSON"
1998093,167006,144142,"DAWN HOWE"
1998093,167006,115771,"GRANT JACKSON"
1998093,167006,115771,"DAWN HOWE"
1998093,167006,144142,"STEPHEN SALES"
1998093,167006,144143,"STEPHEN SALES"
1998717,167006,115771,"STEPHEN SALES"
1998717,167006,144143,"GRANT JACKSON"
1998717,167006,144143,"DAWN HOWE"
1998717,167006,144142,"GRANT JACKSON"
1998717,167006,144142,"DAWN HOWE"
1998717,167006,115771,"GRANT JACKSON"
1998717,167006,115771,"DAWN HOWE"
1998717,167006,144142,"STEPHEN SALES"
1998717,167006,144143,"STEPHEN SALES"
1992360,210745,141140,"SEVEN SIX CAPITAL GP, LLC"
1998253,190116,120868,"HAYMAN CAPITAL MANAGEMENT, L.P."
1998253,190116,120867,"HAYMAN CAPITAL MANAGEMENT, L.P."
1998253,190116,120868,"HAYMAN OFFSHORE MANAGEMENT, INC."
1997464,177954,133852,"HAO CAPITAL MANAGEMENT LIMITED"
1997464,177954,117968,"PHILIP ANDREW TYE - DIRECTOR"
1997464,177954,117968,"ZHANG HAO - DIRECTOR"
1997464,177954,117968,"HAO CAPITAL MANAGEMENT LIMITED"
1997464,177954,117968,"NIGEL DAVID STEAD - DIRECTOR"
1997464,177954,133852,"ZHANG HAO - DIRECTOR"
1997464,177954,133852,"PHILIP ANDREW TYE - DIRECTOR"
1997464,177954,133852,"NIGEL DAVID STEAD - DIRECTOR"
1999552,420641,146961,"MARK GOODING"
1999552,420641,146961,"CLARIS RUWENDE"
1999552,420641,146961,"SOPHIA DILBERT"
1999552,420641,146962,"MARK GOODING"
1999552,420641,146962,"SOPHIA DILBERT"
1999552,420641,146962,"CLARIS RUWENDE"
1993573,6641,1904,"3I INVESTMENTS PLC"
1993573,6882,141294,"3I INVESTMENTS PLC"
1999551,5354,1646,"ADRIAN O'CARROLL"
1999551,5354,1646,"CARSTEN LONFELDT"
1999551,5332,1642,"CARSTEN LONFELDT"
1999551,213875,125964,"ADRIAN O'CARROLL"
1999551,213875,125964,"CARSTEN LONFELDT"
1999551,213875,125964,"DECLAN QUILLIGAN"
1999551,5354,1646,"DECLAN QUILLIGAN"
1999551,5354,10546,"AKO GENERAL PARTNER LIMITED"
1999551,5332,1643,"AKO GENERAL PARTNER LIMITED"
1999551,5332,1643,"PATRICK HARGREAVES"
1999551,5332,1642,"PATRICK HARGREAVES"
1999551,213875,125964,"PATRICK HARGREAVES"
1999551,5354,10546,"ADRIAN O'CARROLL"
1999551,5332,1643,"CARSTEN LONFELDT"
1992422,195353,122559,"MR. WADE KENNY"
1992422,195353,122559,"MR. RAJEEV PATEL"
1992422,195353,122560,"MR. MICHAEL JOSEPH COLEMAN"
1992422,195353,122559,"MR. DERMOT J. COLEMAN"
1992422,195353,122559,"MR. MICHAEL JOSEPH COLEMAN"
1992422,195353,122559,"MR. PETER H. FLETCHER"
1992422,195353,122560,"MR. PETER H. FLETCHER"
1992422,195353,122560,"MR. DERMOT J. COLEMAN"
1992422,195353,122560,"MR. RAJEEV PATEL"
1992422,195353,122560,"MR. WADE KENNY"
1997599,364215,144305,"JNE PARTNERS (GP) II LIMITED"
1997599,214359,126068,"ANDREW LOBB"
1997599,214359,126069,"JNE PARTNERS (GP) LLC"
1997599,214359,126068,"KIMBERLY MELEN"
1997599,214359,126068,"JARARD BLAKE"
1995661,488206,153321,"NLC FUND FINANCING IG SHORT DATED GP S.À R.L."
1998024,183203,119601,"DARREN STAINROD"
1998024,183203,119601,"CHARLIE WOOLNOUGH"
1998024,183203,119753,"AMIA CAPITAL CAYMAN LIMITED"
1998024,183203,119601,"DAVID MARTIN"
1999537,183771,119798,"FILIP KREUTZER"
1999537,183771,119798,"CARY MARR"
1999537,183771,119798,"BAREND PENNINGS"
1999537,183771,119799,"GLADWYNE INVESTMENTS GENERAL PARTNER LIMITED"
1988339,277703,136629,"BLOCKCHAIN COINVESTORS FUND MANAGER, LLC"
1988339,277703,136630,"MATTHEW LE MERLE"
1988339,277703,136630,"ALISON DAVIS"
1988339,417472,146572,"BLOCKCHAIN COINVESTORS GROWTH FUND MANAGER LLC"
1988339,417472,146573,"BLOCKCHAIN COINVESTORS GROWTH FUND MANAGER LLC"
2000379,270515,136263,"LOUISE GROOM (DIRECTOR)"
2000379,270515,136263,"MARTIN CULLEN (DIRECTOR)"
2000379,270515,136264,"LOUISE GROOM (DIRECTOR)"
2000379,270515,136264,"MARTIN CULLEN (DIRECTOR)"
2000379,270515,136263,"PAUL CORNET (DIRECTOR)"
2000379,270515,136264,"PAUL CORNET (DIRECTOR)"
1998508,480603,151972,"ROOM40 CAPITAL HOLDINGS LLC"
1998508,480603,151971,"R40 FOUNDERS FUND GP LLC"
1998508,480603,151973,"ROOM40 CAPITAL HOLDINGS LLC"
1994482,179018,118138,"BRX GLOBAL GP LLC"
1994482,179018,118139,"LOUISE GROOM, PHILLIP DICKEY, BRIAN JACKELOW"
1998756,422319,147166,"FOREWORD PARTNERS, LLC"
1998756,422319,147167,"FOREWORD PARTNERS, LLC"
1992420,227177,129835,"TATA CAPITAL GROWTH II GENERAL PARTNERS LLP"
1992420,227164,129834,"JAGANNATHAN NIRANJAN"
1992420,227164,129834,"TATA CAPITAL GENERAL PARTNERS LLP"
1992420,227177,129835,"PRITIRAJ MAHAPATRA"
1995631,476646,151339,"LU, NING - DIRECTOR"
1995631,476646,151339,"HEIDEN-BLUNT, HEIDE ROSE-MARIA - DIRECTOR"
1995631,476646,151339,"KESEBI, SUKRU - DIRECTOR"
1995631,476646,151338,"LU, NING - DIRECTOR"
1995631,476646,151338,"KESEBI, SUKRU - DIRECTOR"
1995631,476646,151338,"HEIDEN-BLUNT, HEIDE ROSE-MARIA - DIRECTOR"
1997996,364101,144234,"JOE O'FLYNN, DAVID DEROSA, LINBURGH MARTIN"
1997996,205416,124164,"MARTIN FRASS-EHRFELD, DAVID DEROSA, LINBURGH MARTIN"
1997996,162203,109585,"CHRISTOPHER HOHN, DAVID DE ROSA, LINBURGH MARTIN"
1997996,162203,109586,"THE CHILDREN'S INVESTMENT FUND MANAGEMENT (GP) LTD"
1997996,162198,109583,"MARTIN FRASS-EHRFELD, DAVID DEROSA, LINBURGH MARTIN"
1997996,190864,120981,"MARTIN FRASS-EHRFELD, DAVID DEROSA, LINBURGH MARTIN"
1998619,421810,147074,"KEVIN PHILLIP"
1998619,227576,130035,"KEVIN PHILLIP"
1998619,227576,130035,"WADE KENNY"
1998619,227576,130036,"PROMERITUM EM (GP) LTD"
1998619,227576,130035,"VOLODYMYR KUPCHYSHYN"
1998619,227576,130035,"PROMERITUM CAPITAL LTD (CAYMAN)"
1998619,421810,147074,"WADE KENNY"
1998619,421810,147074,"VOLODYMYR KUPCHYSHYN"
1998619,421810,147074,"PROMERITUM CAPITAL LTD (CAYMAN)"
1998619,421810,147075,"PROMERITUM EM (GP) LTD"
1997588,488217,153330,"BRIDGES FUND MANAGEMENT LTD"
1997588,311429,141418,"BRIDGES FUND MANAGEMENT LIMITED"
1997588,190242,120894,"BRIDGES FUND MANAGEMENT LIMITED"
1997588,205808,124245,"BRIDGES FUND MANAGEMENT LIMITED"
1997588,311429,141419,"BRIDGES FUND MANAGEMENT LTD"
1991684,238775,138051,"CHRISTOPHER BODDEN"
1991684,238775,138051,"MARC SHARMAN"
1991684,238775,138051,"RICHARD HAYLOCK COLES"
1991684,238775,132459,"BARBARA HEALY"
1991684,238775,132459,"MARC SHARMAN"
1991684,238775,132459,"JOHN HAMROCK"
1991684,238775,131882,"JOHN HAMROCK"
1991684,238775,131882,"MARC SHARMAN"
1991684,238775,131882,"BARBARA HEALY"
1991684,227743,129948,"CHRISTOPHER BODDEN"
1991684,227743,129948,"RICHARD HAYLOCK COLES"
1991684,227743,129949,"BARBARA HEALY"
1991684,227743,129949,"JOHN HAMROCK"
1991684,227743,129949,"MARC SHARMAN"
1991684,227743,129948,"MARC SHARMAN"
1991684,238775,138054,"CHRISTOPHER BODDEN"
1991684,238775,138054,"MARC SHARMAN"
1991684,238775,138054,"RICHARD HAYLOCK COLES"
1988777,364369,144309,"KITE LAKE CAPITAL LTD."
1988777,364369,144309,"GRANT JACKSON"
1988777,364369,144309,"JOHN LEWIS"
1988777,364369,144309,"JAN MANTEL"
1988777,54982,10850,"KL GENERAL PARTNER LTD"
1988777,54982,10851,"KITE LAKE CAPITAL LTD."
1988777,54982,10851,"JOHN LEWIS"
1988777,54982,10850,"KITE LAKE CAPITAL LTD."
1988777,54982,10851,"GRANT JACKSON"
1988777,54982,10851,"JAN MANTEL"
1988777,54982,10850,"GRANT JACKSON"
1988777,54982,10850,"JOHN LEWIS"
1988777,54982,10850,"JAN MANTEL"
1988777,486230,152808,"TAAVI DAVIES"
1988777,486230,152808,"KL RECOVERY FUND GP SARL"
1988777,486230,152808,"JOACHIM KUSKE"
1988777,486230,152808,"ALEX VILCHEZ"
1993570,248279,133392,"STUART LACEY"
1993570,248279,133392,"MARK FAGAN"
1993570,248279,133393,"SOUTH AFRICA ALPHA GENERAL PARTNER"
1993570,248279,133392,"MAREE WILMS"
1986010,419495,146798,"EDWARD TOLSON"
1986010,419495,146799,"KBIT MANAGEMENT LTD."
1986010,419495,146798,"LAURA MCGEEVER"
1986010,419495,146798,"MILES PERRYMAN"
1998895,309181,146980,"CHORUS CAPITAL UK GP LIMITED"
1998949,65182,13307,"LYNDEN JOHN"
1998949,65182,13307,"THOMAS HANSON"
1998949,65182,13306,"SQN PARTNERS (GP) LLC"
1997597,366226,153301,"CASTLEBAR CAPITAL GP LLC"
1997597,366226,144564,"DAWN HOWE"
1997597,366226,144564,"GARY LINFORD"
1996514,268331,147044,"OXFORD LOGISMOS FUND (SERVICES) LIMITED"
1996514,268331,136003,"PETER FLETCHER"
1996514,268331,136003,"MARC NITSCHE"
1996514,268331,136003,"RICHARD THORP"
1996514,268331,136003,"ANDRE STERN"
1999038,195016,122477,"TEJ GUJADHUR, DIRECTOR"
1999038,195016,122477,"SANTOSH GUJADHUR, DIRECTOR"
1997169,228464,130072,"SOHO SQUARE PARTNERSHIP CAPITAL I GP SARL"
1995705,190028,136052,"STACEY KIRKCONNELL, DIRECTOR"
1995705,190028,136053,"WARREN KEENS, DIRECTOR"
1995705,190028,136053,"DANIEL ABRAHAMS, DIRECTOR"
1995705,190028,136053,"STACEY KIRKCONNELL, DIRECTOR"
1995705,190028,136052,"DANIEL ABRAHAMS, DIRECTOR"
1995705,190028,136052,"WARREN KEENS, DIRECTOR"
1995705,190028,136053,"ALFRETON LEOPARD GP LTD, GENERAL PARTNER"
1996643,373512,145532,"MICHAEL MCDONALD"
1996643,373512,145532,"NITIN WADKE"
1996643,373512,145533,"TRIBUNE INVESTMENT GROUP FUND GP LLC"
1996643,373512,145532,"LAURA MCGRATH"
1999158,68896,14332,"BRIAN GUSTAVSON"
1999158,68896,14332,"VIMBAI GURURE"
1998427,488340,153339,"GENERAL PARTNER: REGATTA HCRP GP LLC"
1998427,488340,153338,"GENERAL PARTNER: REGATTA HCRP GP LLC"
1999274,268331,147044,"OXFORD LOGISMOS FUND (SERVICES) LIMITED"
1999274,268331,136003,"PETER FLETCHER"
1999274,268331,136003,"MARC NITSCHE"
1999274,268331,136003,"RICHARD THORP"
1997588,311429,141420,"BRIDGES FUND MANAGEMENT LTD"
1997588,488217,153329,"BRIDGES FUND MANAGEMENT LTD"
1999755,437849,150507,"AIM GLOBAL LTD."
1999755,437849,150508,"STEPHEN SALES"
1999755,437849,150508,"NATHAN DAY"
1997257,229006,130154,"ANDREW LINFORD - DIRECTOR"
1997257,229006,130154,"CASSANDRA POWELL - DIRECTOR"
1997257,229006,130154,"TIM SWEETING - DIRECTOR"
1997257,229006,130151,"FOSSE CAPITAL GP LIMITED-GENERAL PARTNER"
1998647,370253,145119,"OWLHOUSE FUND GP LLC"
1999217,206120,124300,"MOF FEEDER C (GP) LIMITED"
1999217,45973,8303,"MOF FEEDER C (GP) LIMITED"
2000447,277593,153431,"BEN PERSHICK"
2000447,277593,153431,"CHARLES THOMAS"
2000447,277593,153431,"MICHAEL HALL"
2000447,488730,153433,"BEN PERSHICK"
2000447,488730,153433,"CHARLES THOMAS"
2000447,488730,153433,"MICHAEL HALL"
2000447,488729,153432,"BEN PERSHICK"
2000447,488729,153432,"CHARLES THOMAS"
2000447,488729,153432,"MICHAEL HALL"
2000383,270515,136263,"LOUISE GROOM (DIRECTOR)"
2000383,270515,136263,"MARTIN CULLEN (DIRECTOR)"
2000383,270515,136264,"LOUISE GROOM (DIRECTOR)"
2000383,270515,136264,"MARTIN CULLEN (DIRECTOR)"
2000383,270515,136263,"PAUL CORNET (DIRECTOR)"
2000383,270515,136264,"PAUL CORNET (DIRECTOR)"
1996903,193740,122335,"MANVINDER SINGH BANGA, DIRECTOR"
1996903,193740,122335,"KEVIN ANDREW SMITH, DIRECTOR"
1996903,193740,122335,"SANTOSH KUMAR GUJADHUR, DIRECTOR"
1996903,193740,122335,"TEJ KUMAR GUJADHUR, DIRECTOR"
1996903,193740,122318,"IDBI TRUSTEESHIP SERVICES LIMITED, TRUSTEE"
1996903,193740,122335,"PARWATEE IYER, DIRECTOR"
1996584,12382,2755,"HIP GP L.P."
1996584,12652,2773,"HIP II GP L.P."
1996584,52082,10049,"HIP III G.P L.P."
1996584,201813,123849,"HIP IV GP SCSP"
1996584,52082,10050,"HIP III GP L.P."
1996584,358795,143593,"HIP V GP SCSP"
1999990,488564,153434,"EAST COAST GP (USA) LLC"
1996350,310149,141166,"CROSSLAYER CAPITAL FUND I GP, LLC"
1996350,488478,153359,"CROSSLAYER CAPITAL FUND II GP, LLC"
1965270,488732,153435,"BLUME VENTURES INVESTMENT MANAGER LLP"
1995211,24539,7540,"APAX EUROPE VII GP L.P. INC."
1995211,365136,144378,"APAX XI USD GP L.P. INC."
1995211,311156,141399,"APAX DIGITAL II GP L.P. INC."
1995211,311156,141398,"APAX DIGITAL II GP L.P. INC."
1995211,206270,124303,"APAX DIGITAL GP L.P. INC."
1995211,24533,4528,"APAX EUROPE VII GP CO. LTD."
1995211,24533,4529,"APAX EUROPE VII GP CO. LTD."
1995211,24539,13098,"APAX EUROPE VII FOUNDER GP CO. LTD."
1995211,24533,13099,"APAX EUROPE VII GP LP INC."
1995211,24537,13100,"APAX VII FOUNDER GP CO. LTD."
1995211,158920,107500,"AMI GP L.P. INC"
1995211,191671,121132,"APAX IX USD GP L.P. INC."
1995211,191671,121133,"APAX IX USD GP L.P. INC."
1995211,487963,153287,"APAX CREDIT EDGE III GP SARL"
1995211,191670,121130,"APAX IX EUR GP L.P. INC."
1995211,191670,121131,"APAX IX EUR GP L.P. INC."
1995211,206270,124311,"APAX DIGITAL GP L.P. INC."
1995211,246643,133049,"APAX X EUR GP L.P. INC."
1995211,246643,133050,"APAX X EUR GP L.P. INC."
1995211,246644,133051,"APAX X USD GP L.P. INC."
1995211,311465,141425,"APAX GLOBAL IMPACT GP CO. LIMITED"
1995211,311455,141421,"APAX CREDIT EDGE II GP SARL"
1995211,365112,144374,"AMI II GP L.P. INC"
1995211,421798,147068,"APAX XI EUR GP L.P. INC."
1995211,55001,10854,"APAX VIII GP LP INC."
1995211,34048,6518,"APAX VIII GP LP INC."
1993924,311105,153379,"BREVAN HOWARD GENERAL PARTNER LIMITED"
1993924,365475,153384,"PHILIPPE LESPINARD"
1993924,365475,153384,"RISTO SILANDER"
1993924,365475,153385,"BREVAN HOWARD GENERAL PARTNER LIMITED"
1993924,365475,153384,"PHIL SCHMITT"
1993924,310955,153429,"CAROL REYNOLDS"
1993924,310955,153429,"JAMES VERNON"
1993924,310955,153429,"KARLA BODDEN"
1993924,310955,153429,"PHIL SCHMITT"
1993924,310955,153429,"PHILIPPE LESPINARD"
1993924,310955,153429,"RISTO SILANDER"
1993924,365475,153384,"CAROL REYNOLDS"
1993924,365475,153384,"JAMES VERNON"
1993924,365475,153384,"KARLA BODDEN"
1993924,310955,141327,"BREVAN HOWARD GENERAL PARTNER LIMITED"
1993924,420072,147140,"PHILIPPE LESPINARD"
1993924,420072,147140,"RISTO SILANDER"
1993924,420072,147140,"KARLA BODDEN"
1993924,420072,147140,"CAROL REYNOLDS"
1993924,420073,147141,"PHIL SCHMITT"
1993924,420073,147141,"CAROL REYNOLDS"
1993924,420073,147141,"KARLA BODDEN"
1993924,420073,147141,"PHILIPPE LESPINARD"
1993924,420073,147141,"JAMES VERNON"
1993924,420073,147141,"RISTO SILANDER"
1993924,420073,147142,"CAROL REYNOLDS"
1993924,420073,147142,"KARLA BODDEN"
1993924,420073,147142,"PHILIPPE LESPINARD"
1993924,420073,147142,"PHIL SCHMITT"
1993924,420073,147142,"JAMES VERNON"
1993924,420073,147142,"RISTO SILANDER"
1993924,310994,147120,"PHIL SCHMITT"
1993924,227229,146867,"JAMES VERNON"
1993924,227229,146867,"CAROL REYNOLDS"
1993924,227229,146868,"BREVAN HOWARD GENERAL PARTNER LIMITED"
1993924,366161,147038,"CAROL REYNOLDS"
1993924,366161,147038,"JAMES VERNON"
1993924,366161,147038,"KARLA BODDEN"
1993924,366161,147038,"PHIL SCHMITT"
1993924,366161,147038,"PHILIPPE LESPINARD"
1993924,366161,147038,"RISTO SILANDER"
1993924,420069,146866,"BREVAN HOWARD GENERAL PARTNER LIMITED"
1993924,420073,147143,"PHILIPPE LESPINARD"
1993924,420073,147143,"CAROL REYNOLDS"
1993924,420073,147143,"KARLA BODDEN"
1993924,420073,147143,"PHIL SCHMITT"
1993924,420073,147143,"JAMES VERNON"
1993924,420073,147143,"RISTO SILANDER"
1993924,227229,146867,"PHILIPPE LESPINARD"
1993924,227229,146867,"RISTO SILANDER"
1993924,227229,146867,"KARLA BODDEN"
1993924,227229,146867,"PHIL SCHMITT"
1993924,310994,147120,"JAMES VERNON"
1993924,310994,147120,"CAROL REYNOLDS"
1993924,310994,147120,"KARLA BODDEN"
1993924,18748,3697,"BREVAN HOWARD GENERAL PARTNER LIMITED"
1993924,17577,3473,"BREVAN HOWARD GENERAL PARTNER LIMITED"
1993924,205828,124252,"CAROL REYNOLDS"
1993924,318759,142499,"PHIL SCHMITT"
1993924,318759,142499,"RISTO SILANDER"
1993924,318759,142499,"CAROL REYNOLDS"
1993924,310194,141175,"PHIL SCHMITT"
1993924,310994,141337,"CAROL REYNOLDS"
1993924,318759,142499,"JAMES VERNON"
1993924,318759,142499,"KARLA BODDEN"
1993924,269840,136096,"KARLA BODDEN"
1993924,269840,136096,"CAROL REYNOLDS"
1993924,269840,136096,"PHILIPPE LESPINARD"
1993924,269840,136096,"RISTO SILANDER"
1993924,269840,136096,"PHIL SCHMITT"
1993924,269840,136096,"JAMES VERNON"
1993924,269839,136094,"JAMES VERNON"
1993924,269839,136094,"KARLA BODDEN"
1993924,269839,136094,"CAROL REYNOLDS"
1993924,269839,136095,"BREVAN HOWARD GENERAL PARTNER LIMITED"
1993924,205825,124246,"JAMES VERNON"
1993924,18748,3695,"CAROL REYNOLDS"
1993924,310994,141337,"JAMES VERNON"
1993924,310994,141336,"BREVAN HOWARD GENERAL PARTNER LIMITED"
1993924,310994,141337,"KARLA BODDEN"
1993924,310955,141310,"BREVAN HOWARD GENERAL PARTNER LIMITED"
1993924,310994,141337,"PHIL SCHMITT"
1993924,311070,141379,"PHILIPPE LESPINARD"
1993924,311070,141379,"PHIL SCHMITT"
1993924,311105,141388,"PHIL SCHMITT"
1993924,368274,144877,"JAMES VERNON"
1993924,311105,141388,"RISTO SILANDER"
1993924,311105,141388,"JAMES VERNON"
1993924,17577,3474,"CAROLINE CHAN"
1993924,368274,144877,"KARLA BODDEN"
1993924,368274,144877,"CAROL REYNOLDS"
1993924,368274,144877,"PHILIPPE LESPINARD"
1993924,17577,144250,"KARLA BODDEN"
1993924,365475,144412,"JAMES VERNON"
1993924,365475,144412,"KARLA BODDEN"
1993924,365475,144412,"PHIL SCHMITT"
1993924,365475,144412,"PHILIPPE LESPINARD"
1993924,365475,144412,"RISTO SILANDER"
1993924,310994,141337,"PHILIPPE LESPINARD"
1993924,227196,129843,"KARLA BODDEN"
1993924,368274,144876,"KARLA BODDEN"
1993924,368274,144876,"CAROL REYNOLDS"
1993924,368274,144876,"PHILIPPE LESPINARD"
1993924,368274,144876,"PHIL SCHMITT"
1993924,368274,144876,"RISTO SILANDER"
1993924,368274,144876,"JAMES VERNON"
1993924,368274,144877,"PHIL SCHMITT"
1993924,368274,144877,"RISTO SILANDER"
1993924,269840,136097,"BREVAN HOWARD GENERAL PARTNER LIMITED"
1993924,368274,144878,"BREVAN HOWARD GENERAL PARTNER LIMITED"
1993924,310993,141332,"JAMES VERNON"
1993924,310993,141332,"KARLA BODDEN"
1993924,310993,141332,"PHIL SCHMITT"
1993924,310993,141332,"CAROL REYNOLDS"
1993924,310993,141332,"PHILIPPE LESPINARD"
1993924,310993,141332,"RISTO SILANDER"
1993924,310993,141331,"BREVAN HOWARD GENERAL PARTNER LIMITED"
1993924,310993,141333,"CAROL REYNOLDS"
1993924,227229,129857,"PHIL SCHMITT"
1993924,17577,3474,"JOHN LE POIDEVIN"
1993924,18748,3695,"PHILIPPE LESPINARD"
1993924,18748,3695,"RISTO SILANDER"
1993924,18748,3695,"PHIL SCHMITT"
1993924,205825,124247,"BREVAN HOWARD GENERAL PARTNER LIMITED"
1993924,209068,125132,"KARLA BODDEN"
1993924,227229,129857,"JAMES VERNON"
1993924,227196,129843,"CAROL REYNOLDS"
1993924,227229,129858,"BREVAN HOWARD GENERAL PARTNER LIMITED"
1993924,227196,129843,"RISTO SILANDER"
1993924,227196,129843,"PHIL SCHMITT"
1993924,227196,129843,"JAMES VERNON"
1993924,227196,129844,"BREVAN HOWARD GENERAL PARTNER LIMITED"
1993924,227229,129857,"KARLA BODDEN"
1993924,17577,3469,"KARLA BODDEN"
1993924,17577,3469,"CAROL REYNOLDS"
1993924,310993,141333,"JAMES VERNON"
1993924,310993,141333,"KARLA BODDEN"
1993924,310993,141333,"PHIL SCHMITT"
1993924,310993,141333,"PHILIPPE LESPINARD"
1993924,310993,141333,"RISTO SILANDER"
1993924,17577,3474,"BRONWYN CURTIS"
1993924,311070,141379,"JAMES VERNON"
1993924,17577,141391,"KARLA BODDEN"
1993924,227229,129857,"CAROL REYNOLDS"
1993924,209068,125132,"CAROL REYNOLDS"
1993924,209068,125132,"PHILIPPE LESPINARD"
1993924,209068,125132,"RISTO SILANDER"
1993924,227229,129857,"PHILIPPE LESPINARD"
1993924,227229,129857,"RISTO SILANDER"
1993924,209068,125132,"PHIL SCHMITT"
1993924,17577,141391,"CAROL REYNOLDS"
1993924,311070,141379,"CAROL REYNOLDS"
1993924,17577,141391,"PHILIPPE LESPINARD"
1993924,17577,141391,"PHIL SCHMITT"
1993924,17577,141391,"RISTO SILANDER"
1993924,17577,141391,"JAMES VERNON"
1993924,310996,141342,"CAROL REYNOLDS"
1993924,310996,141342,"JAMES VERNON"
1993924,310994,141337,"RISTO SILANDER"
1993924,310996,141342,"PHILIPPE LESPINARD"
1993924,310996,141342,"KARLA BODDEN"
1993924,310996,141342,"PHIL SCHMITT"
1993924,310996,141342,"RISTO SILANDER"
1993924,17577,3469,"PHILIPPE LESPINARD"
1993924,17577,3474,"JULIA CHAPMAN"
1993924,311070,141380,"CAROL REYNOLDS"
1993924,311070,141380,"JAMES VERNON"
1993924,17577,3469,"RISTO SILANDER"
1993924,17577,3469,"PHIL SCHMITT"
1993924,17577,3469,"JAMES VERNON"
1993924,318759,142499,"PHILIPPE LESPINARD"
1993924,246637,133047,"RISTO SILANDER"
1993924,246637,133047,"JAMES VERNON"
1993924,310194,141178,"PHILIPPE LESPINARD"
1993924,209068,125132,"JAMES VERNON"
1993924,209068,125133,"BREVAN HOWARD GENERAL PARTNER LIMITED"
1993924,205828,124252,"KARLA BODDEN"
1993924,205828,124252,"PHILIPPE LESPINARD"
1993924,364186,144243,"CAROL REYNOLDS"
1993924,205828,124252,"RISTO SILANDER"
1993924,310194,141179,"BREVAN HOWARD GENERAL PARTNER LIMITED"
1993924,205828,124252,"PHIL SCHMITT"
1993924,205828,124252,"JAMES VERNON"
1993924,310194,141178,"CAROL REYNOLDS"
1993924,310194,141178,"PHIL SCHMITT"
1993924,310204,141184,"CAROL REYNOLDS"
1993924,310204,141184,"PHIL SCHMITT"
1993924,310204,141184,"RISTO SILANDER"
1993924,269839,136094,"PHILIPPE LESPINARD"
1993924,227196,129843,"PHILIPPE LESPINARD"
1993924,364186,144243,"PHILIPPE LESPINARD"
1993924,364186,144243,"KARLA BODDEN"
1993924,364186,144243,"PHIL SCHMITT"
1993924,364186,144243,"RISTO SILANDER"
1993924,364186,144243,"JAMES VERNON"
1993924,364186,144244,"BREVAN HOWARD GENERAL PARTNER LIMITED"
1993924,17577,144250,"PHILIPPE LESPINARD"
1993924,17577,144250,"CAROL REYNOLDS"
1993924,17577,144250,"PHIL SCHMITT"
1993924,17577,144250,"RISTO SILANDER"
1993924,17577,144250,"JAMES VERNON"
1993924,17577,144251,"BREVAN HOWARD GENERAL PARTNER LIMITED"
1993924,310204,141180,"PHILIPPE LESPINARD"
1993924,269839,136094,"RISTO SILANDER"
1993924,310204,141180,"PHIL SCHMITT"
1993924,269839,136094,"PHIL SCHMITT"
1993924,246637,133047,"PHIL SCHMITT"
1993924,310194,141175,"JAMES VERNON"
1993924,310194,141175,"KARLA BODDEN"
1993924,310194,141175,"PHILIPPE LESPINARD"
1993924,310194,141175,"CAROL REYNOLDS"
1993924,310194,141177,"BREVAN HOWARD GENERAL PARTNER LIMITED"
1993924,310194,141175,"RISTO SILANDER"
1993924,310955,141306,"KARLA BODDEN"
1993924,310194,141178,"RISTO SILANDER"
1993924,18748,3695,"KARLA BODDEN"
1993924,18748,3695,"JAMES VERNON"
1993924,310194,141178,"JAMES VERNON"
1993924,420072,147140,"JAMES VERNON"
1993924,420072,147140,"PHIL SCHMITT"
1993924,423663,147392,"KARLA BODDEN"
1993924,423663,147392,"CAROL REYNOLDS"
1993924,423663,147392,"RISTO SILANDER"
1993924,423663,147392,"PHIL SCHMITT"
1993924,423663,147392,"JAMES VERNON"
1993924,423663,147392,"PHILIPPE LESPINARD"
1993924,423663,147393,"BREVAN HOWARD GENERAL PARTNER LIMITED"
1993924,310194,141178,"KARLA BODDEN"
1993924,318759,142498,"JAMES VERNON"
1993924,318759,142500,"CAROL REYNOLDS"
1993924,227229,141392,"RISTO SILANDER"
1993924,205825,124246,"KARLA BODDEN"
1993924,205825,124246,"CAROL REYNOLDS"
1993924,205825,124246,"PHILIPPE LESPINARD"
1993924,205825,124246,"RISTO SILANDER"
1993924,205825,124246,"PHIL SCHMITT"
1993924,17577,3474,"RICHARD HORLICK"
1993924,246637,133047,"KARLA BODDEN"
1993924,246637,133047,"CAROL REYNOLDS"
1993924,246637,133047,"PHILIPPE LESPINARD"
1993924,310204,141180,"CAROL REYNOLDS"
1993924,310194,141176,"BREVAN HOWARD GENERAL PARTNER LIMITED"
1993924,310204,141180,"RISTO SILANDER"
1993924,310204,141181,"RISTO SILANDER"
1993924,310204,141180,"KARLA BODDEN"
1993924,310204,141181,"PHILIPPE LESPINARD"
1993924,310204,141180,"JAMES VERNON"
1993924,310204,141181,"JAMES VERNON"
1993924,310204,141181,"KARLA BODDEN"
1993924,310204,141181,"CAROL REYNOLDS"
1993924,310204,141181,"PHIL SCHMITT"
1993924,310204,141182,"BREVAN HOWARD GENERAL PARTNER LIMITED"
1993924,310204,141183,"BREVAN HOWARD GENERAL PARTNER LIMITED"
1993924,310204,141184,"JAMES VERNON"
1993924,310204,141184,"KARLA BODDEN"
1993924,310204,141184,"PHILIPPE LESPINARD"
1993924,310955,141306,"JAMES VERNON"
1993924,311070,141380,"KARLA BODDEN"
1993924,311070,141380,"RISTO SILANDER"
1993924,311070,141380,"PHILIPPE LESPINARD"
1993924,311070,141380,"PHIL SCHMITT"
1993924,311070,141379,"KARLA BODDEN"
1993924,311070,141379,"RISTO SILANDER"
1993924,310955,141306,"PHILIPPE LESPINARD"
1993924,310955,141306,"CAROL REYNOLDS"
1993924,310955,141306,"RISTO SILANDER"
1993924,310955,141306,"PHIL SCHMITT"
1993924,310955,141307,"BREVAN HOWARD GENERAL PARTNER LIMITED"
1993924,310993,141330,"BREVAN HOWARD GENERAL PARTNER LIMITED"
1993924,311105,141390,"BREVAN HOWARD GENERAL PARTNER LIMITED"
1993924,311105,141388,"CAROL REYNOLDS"
1993924,311105,141388,"PHILIPPE LESPINARD"
1993924,311105,141388,"KARLA BODDEN"
1993924,227229,141392,"KARLA BODDEN"
1993924,227229,141392,"CAROL REYNOLDS"
1993924,227229,141392,"PHILIPPE LESPINARD"
1993924,227229,141392,"PHIL SCHMITT"
1993924,318759,142500,"JAMES VERNON"
1993924,318759,142500,"KARLA BODDEN"
1993924,318759,142500,"PHIL SCHMITT"
1993924,318759,142500,"PHILIPPE LESPINARD"
1993924,318759,142500,"RISTO SILANDER"
1993924,318759,142498,"KARLA BODDEN"
1993924,310993,141329,"JAMES VERNON"
1993924,310993,141329,"KARLA BODDEN"
1993924,310993,141329,"PHILIPPE LESPINARD"
1993924,310993,141329,"CAROL REYNOLDS"
1993924,310993,141329,"RISTO SILANDER"
1993924,310993,141329,"PHIL SCHMITT"
1993924,318759,142498,"CAROL REYNOLDS"
1993924,318759,142498,"PHILIPPE LESPINARD"
1993924,318759,142498,"PHIL SCHMITT"
1993924,318759,142498,"RISTO SILANDER"
1993924,227229,141392,"JAMES VERNON"
1993924,310955,141328,"CAROL REYNOLDS"
1993924,310955,141328,"JAMES VERNON"
1993924,310955,141328,"KARLA BODDEN"
1993924,310955,141328,"PHIL SCHMITT"
1993924,310955,141328,"PHILIPPE LESPINARD"
1993924,310955,141328,"RISTO SILANDER"
1993924,365475,144410,"JAMES VERNON"
1993924,420069,146863,"BREVAN HOWARD GENERAL PARTNER LIMITED"
1993924,420072,146869,"KARLA BODDEN"
1993924,420072,146869,"CAROL REYNOLDS"
1993924,420072,146869,"PHILIPPE LESPINARD"
1993924,420072,146869,"PHIL SCHMITT"
1993924,420072,146869,"RISTO SILANDER"
1993924,420072,146869,"JAMES VERNON"
1993924,420072,146870,"JAMES VERNON"
1993924,420072,146870,"CAROL REYNOLDS"
1993924,365475,144410,"KARLA BODDEN"
1993924,365475,144410,"PHILIPPE LESPINARD"
1993924,365475,144410,"CAROL REYNOLDS"
1993924,365475,144410,"RISTO SILANDER"
1993924,365475,144410,"PHIL SCHMITT"
1993924,365475,144411,"BREVAN HOWARD GENERAL PARTNER LIMITED"
1993924,365475,144412,"CAROL REYNOLDS"
1993924,365475,144413,"BREVAN HOWARD GENERAL PARTNER LIMITED"
1993924,311070,147139,"CAROL REYNOLDS"
1993924,311070,147139,"JAMES VERNON"
1993924,311070,147139,"KARLA BODDEN"
1993924,311070,147139,"PHIL SCHMITT"
1993924,311070,147139,"PHILIPPE LESPINARD"
1993924,311070,147139,"RISTO SILANDER"
1995321,210638,125523,"RACHNA KHURANA"
1995321,210638,125523,"PHILIP TYE"
1995321,210638,125523,"DAVID SHANNON"
1995321,313913,141897,"RACHNA KHURANA"
1995321,313913,141897,"DAVID SHANNON"
1995321,313913,141897,"PHILIP TYE"
1982843,486213,152799,"BREGAL UNTERNEHMERKAPITAL IV GP FEEDER LIMITED"
1983084,485409,152617,"BREGAL UNTERNEHMERKAPITAL IV GP FEEDER LIMITED"
1987161,366434,144581,"ENAM ASSET MANAGEMENT"
1987161,366434,144580,"KALA KRISHNAMOORTHY"
1987161,366434,144580,"ASHWIN FOOGOOA"
1987161,366434,144580,"SOORIEHNANDA RAMANJOOLOO"
1987161,366434,144580,"MAHMAD TAHLEB RUJUB"
1987031,450032,150781,"APIS PARTNERS GROUP (UK) LIMITED"
1987031,450032,150781,"APIS GP III SARL"
1992433,310582,147095,"MGIF LUXEMBOURG GP S.À R.L."
1992433,310582,147096,"MGIF LUXEMBOURG GP S.À R.L."
1992433,310582,147097,"MGIF LUXEMBOURG GP S.À R.L."
1992433,228113,144354,"GENERAL PARTNER- MEIF 6 LUXEMBOURG GP S.À R.L."
1992433,38120,144345,"MEIF 4 GUERNSEY GP LIMITED"
1992433,191520,144353,"GENERAL PARTNER- MEIF 5 GUERNSEY GP LIMITED"
1992433,38077,144342,"GENERAL PARTNER- MEIF II GUERNSEY GP LIMITED"
1992433,205538,144355,"GENERAL PARTNER- MSCIF LUXEMBOURG GP S.À R.L."
1992433,310566,144346,"GENERAL PARTNER-MGREF 2 LUXEMBOURG GP S.À R.L."
1992433,310582,147094,"MGIF LUXEMBOURG GP S.À R.L."
1999547,285625,137875,"AXEBROOK GP LIMITED"
1999547,285625,137874,"ROBERT DUGGAN"
1999547,285625,137874,"JENNIFER THOMSON"
1999547,285625,137874,"RUSSELL BURT"
1997254,368235,144864,"JAN BROUWERS"
1997254,368235,144864,"CHARLES HANSARD"
1997254,368235,144864,"DAMIAN JURIC"
1999925,364296,144278,"SONA CAPITAL SOLUTIONS II (GP) S.À R.L."
1999925,364296,144278,"CONSTANTINE KNOX"
1999925,364296,144278,"OLIVIER MEYER"
1999925,364296,144278,"CHRISTEL SCHAFF"
1999925,488556,153395,"SONA SRT I GP LIMITED"
1999925,488556,153392,"SONA SRT I GP LIMITED"
1999925,488556,153393,"SONA SRT I GP LIMITED"
1999925,488556,153394,"SONA SRT I GP LIMITED"
2000582,37784,7590,"RICHARD CRAWSHAW"
2000582,37784,7590,"CLIVE HARRIS"
2000582,37784,7591,"APOENA INVESTMENTS LTD"
1987638,375370,145703,"REPUBLIC DIGITAL FEEDER GP LLC"
1987638,375370,145702,"REPUBLIC DIGITAL FEEDER GP LLC"
1987638,375370,145701,"REPUBLIC DIGITAL FEEDER GP LLC"
1987638,431231,149318,"MEMENTUM CAP GP LLC"
1987638,431231,149319,"JON KNIPPER, INTERNAL DIRECTOR"
1987638,431231,149319,"SCOTT LENNON, EXTERNAL CAYMAN DIRECTOR"
2000216,368635,144957,"BLKBRD SYSTEMATIC GP, LLC"
2000216,368635,144958,"ROBERT DUGGAN"
2000216,368635,144958,"ANNE-MARIE LEADBETTER"
2000216,368635,144958,"MARC WEINBERGER"
1997238,310989,141320,"ASHOKA91 INTERNATIONAL LLP"
1997238,310989,141321,"MS. KRISTEE BHURTUN-JOKHOO"
1997238,310989,141321,"MR.RAMAN GARG"
1997238,244659,132655,"4POINT9 CAPITAL ADVISORS LLP"
1997238,244659,132640,"MS. KRISTEE BHURTUN-JOKHOO"
1997238,244659,132640,"MS. DILSHAAD RAJABALEE"
1997238,244659,132640,"MR.RAMAN GARG"
1997238,310989,141321,"NANDINEE BOODHOO"
1993924,310994,147120,"PHILIPPE LESPINARD"
1993924,310994,147120,"RISTO SILANDER"
1993924,420069,146859,"BREVAN HOWARD GENERAL PARTNER LIMITED"
1993924,420069,146860,"CAROL REYNOLDS"
1993924,420069,146860,"JAMES VERNON"
1993924,420069,146860,"KARLA BODDEN"
1993924,420069,146860,"PHIL SCHMITT"
1993924,420069,146860,"PHILIPPE LESPINARD"
1993924,420069,146860,"RISTO SILANDER"
1993924,420069,146861,"KARLA BODDEN"
1993924,420069,146861,"JAMES VERNON"
1993924,420069,146861,"PHILIPPE LESPINARD"
1993924,420069,146861,"CAROL REYNOLDS"
1993924,420069,146861,"RISTO SILANDER"
1993924,420069,146861,"PHIL SCHMITT"
1993924,420069,146862,"BREVAN HOWARD GENERAL PARTNER LIMITED"
1993924,420072,146870,"KARLA BODDEN"
1993924,420072,146870,"PHIL SCHMITT"
1993924,420072,146870,"PHILIPPE LESPINARD"
1993924,420072,146870,"RISTO SILANDER"
1996851,231761,136442,"ADP III EQUITY GP LIMITED"
1996851,55571,109574,"GENERAL PARTNER: ADP II GP LIMITED"
1996851,228206,136441,"ADP III EQUITY GP LIMITED"
2000146,19062,5329,"ABOOBAKAR JAVED"
2000146,19062,5329,"GOVIND GORAC NATH"
2000146,19062,5329,"THACOOR YUVRAJ"
1999832,205975,124295,"JOSE ARUNASALOM"
1999832,197967,123104,"SOOPAYA PARIANEN"
1999832,197967,123104,"THAMOTHIRAM MANOGARAN"
1999832,205975,124295,"THAMOTHIRAM MANOGARAN"
1999832,205975,124295,"SOOPAYA PARIANEN"
1999832,313942,141898,"SAMEER KAUL"
1999832,313942,141898,"ARIFIN SEAL"
1979368,488116,153302,"DC CAYMAN ADVISOR I"
1979368,488116,153303,"SYNCRACY FUND MANAGEMENT LLC"
1979368,488116,153302,"DANIEL CHEUNG"
1979368,488116,153302,"SYNCRACY OPERATIONAL MANAGEMENT LLC"
1979368,488116,153302,"RYAN WATKINS"
1996898,269436,136340,"TEJ GUJADHUR, DIRECTOR"
1996898,269436,136340,"SANTOSH GUJADHUR, DIRECTOR"
1996898,269436,136340,"MANVINDER BANGA, DIRECTOR"
1995325,487597,153269,"MARC TOWERS - DIRECTOR"
1995325,487597,153269,"YOLANDA BANKS MCCOY - DIRECTOR"
1995325,487597,153269,"DAVID Y MA - DIRECTOR"
1995325,487597,153268,"YOLANDA BANKS MCCOY - DIRECTOR"
1995325,487597,153268,"MARC TOWERS - DIRECTOR"
1995325,487597,153269,"COMPOSITE CAPITAL FUND (GP) LIMITED - GENERAL PARTNER"
1995325,487597,153268,"DAVID Y MA - DIRECTOR"
1992431,356776,143331,"HIVEMIND LIQUID OPPORTUNITY GP, LLC"
1992431,356776,143332,"HIVEMIND LIQUID OPPORTUNITY GP, LLC"
1992431,357920,143477,"RICHARD SCOTT HOPKINS"
1992431,357920,143477,"ANNE STORIE"
1992431,357920,143478,"LINIK GP LLC"
1992431,420645,146965,"HIVEMIND DIGITAL CULTURE GP, LLC"
1993934,194624,122396,"DUNCAN TIPLADY - DIRECTOR"
1993934,194624,122396,"DAVID WALKER - DIRECTOR"
1993934,194624,122396,"FRANCOIS CHESNAY - DIRECTOR"
1996892,246751,151677,"ENVISION ASSET MANAGEMENT"
1996965,217688,126666,"BENSON ELLIOT GENERAL PARTNER V, L.P."
1996965,217619,126641,"BENSON ELLIOT GENERAL PARTNER V LLP"
1996965,355543,143216,"PBBE GP VI SARL"
1996965,217619,126640,"BENSON ELLIOT GENERAL PARTNER V LLP"
1996965,35960,120405,"BENSON ELLIOT GENERAL PARTNER LLP"
1996965,70083,120407,"BENSON ELLIOT GP IV LLP"
1996965,34398,10055,"BENSON ELLIOT GENERAL PARTNER LLP"
1996965,34398,6397,"BENSON ELLIOT GENERAL PARTNER LLP"
1996965,34398,6400,"BENSON ELLIOT GENERAL PARTNER LLP"
1996965,35960,6657,"BENSON ELLIOT GENERAL PARTNER LLP"
1996965,217619,126642,"BENSON ELLIOT GENERAL PARTNER V, L.P."
1996965,35960,6658,"BENSON ELLIOT GENERAL PARTNER LLP"
1989841,364475,144297,"HG MERCURY 4 GENERAL PARTNER L.P. INC."
1989841,364475,144297,"HG POOLED MANAGEMENT LIMITED"
1989841,311370,144302,"HG POOLED MANAGEMENT LIMITED"
1989841,311370,144302,"HG SATURN 3 GENERAL PARTNER L.P. INC."
1989841,311370,144303,"HG SATURN 3 GENERAL PARTNER L.P. INC."
1989841,311370,144303,"HG POOLED MANAGEMENT LIMITED"
1989841,311370,144304,"HG SATURN 3 GENERAL PARTNER L.P. INC."
1989841,311370,144304,"HG POOLED MANAGEMENT LIMITED"
1989841,364473,144292,"HG MERCURY 4 GENERAL PARTNER L.P. INC."
1989841,364473,144292,"HG POOLED MANAGEMENT LIMITED"
1989841,364473,144293,"HG MERCURY 4 GENERAL PARTNER L.P. INC."
1989841,364473,144293,"HG POOLED MANAGEMENT LIMITED"
1989841,364473,144294,"HG MERCURY 4 GENERAL PARTNER L.P. INC."
1989841,364473,144294,"HG POOLED MANAGEMENT LIMITED"
1989841,364462,144298,"HG POOLED MANAGEMENT LIMITED"
1989841,364462,144299,"HG GENESIS 10 GENERAL PARTNER L.P. INC."
1989841,364462,144299,"HG POOLED MANAGEMENT LIMITED"
1989841,364462,144300,"HG GENESIS 10 GENERAL PARTNER L.P. INC."
1989841,364462,144300,"HG POOLED MANAGEMENT LIMITED"
1989841,364462,144298,"HG GENESIS 10 GENERAL PARTNER L.P. INC."
1989841,364465,144301,"HG GENESIS 10 GENERAL PARTNER L.P. INC."
1989841,364465,144301,"HG POOLED MANAGEMENT LIMITED"
1995267,21306,124273,"ICG EUROPE FUND V GP LIMITED"
1995267,159014,124275,"ICG EUROPE FUND VI GP LIMITED"
1995894,366585,144588,"SENTINEL GLOBAL GP I LP"
1995328,435264,150193,"CHARLIE WOOLNOUGH"
1995328,435264,150193,"JIM KANDUNIAS"
1995328,435264,150192,"ADVAYA INVESTMENT PARTNERS FUND GP LLC"
1995328,435264,150193,"STEVE ALI"
1996957,36173,6709,"GALLEON ADVISORS, L.L.C."
1996957,36173,6711,"RICHARD SCHUTTE, IAN BOXALL"
1996957,62966,12769,"DELTA ADVISORS LIMITED"
1996957,36142,6702,"RICHARD SCHUTTE, IAN BOXALL"
1996957,36053,6680,"GALLEON SPECIAL OPPORTUNITIES ADVISORS, LLC"
1996957,36053,6681,"RICHARD SCHUTTE, IAN BOXALL"
1996957,36142,6699,"GALLEON SPECIAL OPPORTUNITIES ADVISORS, L.L.C."
1996957,62966,12770,"DELTA ADVISORS LIMITED"
1998097,369125,145025,"TRIAVERA CAPITAL GP, LLC"
1999364,364484,144306,"CHECKPOINT CAPITAL (GP) LLC"
1999364,364484,144307,"CHECKPOINT CAPITAL (GP) LLC"
1995255,488128,153308,"ICG EUROPE S.À R.L."
1995255,488128,153309,"ICG EUROPE S.À R.L."
1995255,488118,153304,"ICG LP SECONDARIES FUND ASSOCIATES I S.A R.L"
1995255,488455,153348,"ICG EUROPE FUND IX GP S.À R.L."
1995255,488338,153337,"ICG STRATEGIC EQUITY GP V S.À R.L."
1995255,488126,153306,"ICG EUROPE S.À R.L."
1995255,422095,147130,"ICG SRE GP II S.À R.L."
1995255,422090,147134,"ICG METROPOLITAN GP S.A R.L."
1995255,364879,144356,"ICG EUROPE MID-MARKET FUND II GP S.À R.L."
1995255,246662,144418,"ICG INFRASTRUCTURE EQUITY FUND I GP S.À R.L."
1995255,246509,133036,"ICG EUROPE MID-MARKET FUND GP LP SCSP"
1995255,205557,124215,"ICG EUROPE FUND VII GP LP SCSP"
1995255,269855,136099,"ICG RECOVERY FUND II GP S.À R.L."
1995255,269708,136088,"ICG REAL ESTATE DEBT VI GP S.À R.L."
1995255,246670,136130,"ICG PRIVATE MARKETS GP SCSP"
1995255,310472,141198,"ICG EUROPE SARL FUND VIII GP S.A.R.L."
1995255,422095,147131,"ICG SRE GP II S.À R.L."
1995255,422090,147133,"ICG METROPOLITAN GP S.A R.L."
1995255,422087,147124,"ICG METROPOLITAN GP S.A R.L."
1995255,488119,153305,"ICG LP SECONDARIES FUND ASSOCIATES I S.A R.L"
1995255,488335,153336,"ICG EUROPE FUND VIII GP S.À R.L."
1995255,488518,153378,"ICG EUROPE S.À R.L."
1995255,488127,153307,"ICG EUROPE S.À R.L."
1995366,269362,136020,"CAPULA MANAGEMENT LIMITED"
1995366,32149,135726,"CAPULA MANAGEMENT LIMITED"
1995366,252188,134008,"CAPULA GENERAL PARTNER LIMITED"
1995366,32066,5879,"CAPULA MANAGEMENT LIMITED"
1995366,32066,5881,"INTERTRUST SPV (CAYMAN) LIMITED"
1995366,32066,5882,"CAPULA MANAGEMENT LIMITED"
1995366,32149,5888,"CAPULA MANAGEMENT LIMITED"
1995366,32149,5889,"INTERTRUST SPV (CAYMAN) LIMITED"
1995366,32149,13092,"CAPULA MANAGEMENT LIMITED"
1995366,252188,134010,"CAPULA MANAGEMENT LIMITED"
1995366,32066,5877,"CAPULA GENERAL PARTNER LIMITED"
1995366,269363,136022,"CAPULA MANAGEMENT LIMITED"
1995366,269362,136019,"CAPULA MANAGEMENT LIMITED"
1995366,269362,136021,"INTERTRUST SPV (CAYMAN) LIMITED"
1995366,269363,136023,"INTERTRUST SPV (CAYMAN) LIMITED"
1995366,280536,137170,"CAPULA MANAGEMENT LIMITED"
1995366,32149,141325,"INTERTRUST SPV (CAYMAN) LIMITED"
1995366,32149,141326,"CAPULA GENERAL PARTNER LIMITED"
1995366,280536,141323,"CAPULA MANAGEMENT LIMITED"
1995366,267887,141322,"CAPULA MANAGEMENT LIMITED"
1995366,280536,141324,"INTERTRUST SPV (CAYMAN) LIMITED"
1993110,421122,147009,"KULTURA SUMMIT MASTER FUND GP LLC"
1993110,421122,153199,"KULTURA SUMMIT MASTER FUND GP LLC"
