"FilingID","Street 1","Street 2","City","State","Country","Postal Code","Private Residence","Telephone Number","Facsimile Number","Branch Number","Employees","BD","Bank","Insurance","Commodity","Municipal","Accounting","Law","Other"
1989160,"","","","","","","Y","402-216-9066","",,1,"N","N","N","N","N","N","N",""
1989160,"","","","","","","Y","248-670-1485","",,1,"N","N","N","N","N","N","N",""
1995469,"RUA FUNCHAL","418","SAO PAULO","","Brazil","04551060","N","551153442525","",,36,"N","N","N","N","N","N","N",""
1995951,"","","","","","","Y","7576392441","",,1,"N","N","N","Y","N","N","N",""
1997335,"867 BOYLSTON STREET","5TH FLOOR","BOSTON","MA","United States","02116","N","(628) 216-5529","",,1,"N","N","N","N","N","N","N",""
1983709,"50 RAFFLES PLACE","#30-18 SINGAPORE LAND TOWER","SINGAPORE","","Singapore","048623","N","65-6632-3688","",,0,"N","N","N","N","N","N","N",""
1993469,"","","","","","","Y","+44 2079079254","",,1,"N","N","N","N","N","N","N","PROVIDES CRYDER CAPITAL PARTNERS LLP WITH SUPPORT SERVICES SUCH AS OPERATIONS, ADMIN, COMPLIANCE, INVESTOR RELATIONS AND CLIENT SERVICES."
1993469,"","","","","","","Y","+44 2079079250","",,1,"N","N","N","N","N","N","N","PROVIDES CRYDER CAPITAL PARTNERS LLP WITH INVESTMENT RELATED SUPPORT SERVICES SUCH AS RESEARCH, MONITORING THE PORTFOLIO, INVESTMENT RECOMMENDATIONS AND INVESTOR RELATIONS/MARKETING."
1989808,"UNIT 6508, 65/F, BUILDING A, KINGKEY TIMEMARK","NO. 9289, BINHE AVENUE, FUTIAN DISTRICT","SHENZHEN","","China","","N","85234683282","",,6,"N","N","N","N","N","N","N",""
1987737,"MERIDIEN HOUSE","OFFICE 405 42 UPPER BERKELEY STREET","LONDON","","United Kingdom","W1H 5QL","N","+44 7810 80790","",,0,"N","N","N","N","N","N","N",""
1997777,"67 MASON STREET","SECOND FLOOR","GREENWICH","CT","United States","06830","N","2036024235","",,5,"N","N","N","N","N","N","N",""
1994992,"DOREY COURT","ELIZABETH AVENUE","ST PETER PORT","","Guernsey","GY1 2HT","N","00441481733900","",,3,"N","N","N","N","N","N","N","BRANCH OFFICE FROM WHICH WE PROVIDE INVESTMENT ADVISORY SERVICES ONLY TO NON US CLIENTS"
1994992,"55 ATHOL STREET","","DOUGLAS","","Isle of Man","IM1 1LA","N","+441624 690100","",,1,"N","N","N","N","N","N","N","BRANCH OFFICE FROM WHICH WE PROVIDE INVESTMENT ADVISORY SERVICES ONLY TO NON US CLIENTS"
1997777,"60 EAST 42ND STREET","11TH FLOOR","NEW YORK","NY","United States","10025","N","212-488-5509","",,5,"Y","N","N","N","N","N","N",""
1999780,"4299 SAN FELIPE ST. SUITE 320","","HOUSTON","TX","United States","77027","N","203-905-9236","",,1,"N","N","N","N","N","N","N",""
1997700,"SENDLINGER STRAßE 4","80331","MUNICH","","Germany","","N","+4916097826301","",,8,"N","N","N","N","N","N","N",""
1997700,"NORRMALMSTORG 14","","STOCKHOLM","","Sweden","111 46","N","46 8 459 6660","",,5,"N","N","N","N","N","N","N",""
1997700,"SUITE 2028, HKRI TAIKOO HUI CENTER I","288 SHI MEN YI ROAD","SHANGHAI","","China","200041","N","+8613701959858","",,2,"N","N","N","N","N","N","N",""
1997700,"CALLE ALCALA 54","","MADRID","","Spain","28014","N","+34 910800881","",,1,"N","N","N","N","N","N","N",""
1997700,"1 KIM SENG PROMENADE, LEVEL 18","GREAT WORLD CITY WEST OFFICE TOWER","SINGAPORE","","Singapore","237994","N","+65 6964 0692","",,3,"N","N","N","N","N","N","N",""
1997700,"78 SW 7TH STREET","","MIAMI","FL","United States","33130-3402","N","+1786-479-5134","",,6,"N","N","N","N","N","N","N",""
1997588,"125 HIGH STREET","SUITE 220","BOSTON","MA","United States","02110","N","203-355-3904","",,2,"N","N","N","N","N","N","N",""
1996132,"586 GRISCOM RD.","","BUCK HILL FALLS","PA","United States","18323","N","917-399-4979","",,0,"N","N","N","N","N","N","N",""
1993452,"CENTROPOLIS, 26 ULJEONGGUK-RO, JONGNO-GU","18TH FLOOR, UNIT A","SEOUL","","Korea, South","03161","N","82 2 3705 8500","",,1,"N","N","N","N","N","N","N",""
1993452,"1 ELIZABETH STREET","","SYDNEY NSW","","Australia","2000","N","6128232 3333","",,2,"Y","N","N","N","N","N","N",""
1993452,"28 ROPEMAKER STREET, LEVEL 10","28","LONDON","","United Kingdom","EC2Y 9HD","N","44 20 3037 200","",,1,"Y","N","N","N","N","N","N",""
1997181,"PIAZZA BARBERINI, 52","","ROME","","Italy","00187","N","+390645506734","",,7,"N","N","N","N","N","N","N","INVESTMENT/PORTFOLIO MANAGEMENT ACTIVITIES, ORIGINATION, RESEARCH AND OPERATIONS, MARKETING"
1997181,"JOSÉ ABASCAL, 56","","MADRID","","Spain","28003","N","+34 91 9269233","",,3,"N","N","N","N","N","N","N","INVESTMENT/PORTFOLIO MANAGEMENT ACTIVITIES, ORIGINATION, RESEARCH AND OPERATIONS, MARKETING"
1997181,"11 MOUNT STREET UPPER","","DUBLIN","","Ireland","D02 DV52","N","+353 852894203","",,5,"N","N","N","N","N","N","N","INVESTMENT/PORTFOLIO MANAGEMENT ACTIVITIES, ORIGINATION, RESEARCH AND OPERATIONS, MARKETING"
1997332,"224 COUNTY LINE RD.","","WAYNE","PA","United States","19087","N","854-500-9780","",,2,"N","N","N","N","N","N","N","INVESTMENT ACTIVITY OF A RELATED PERSON IS ALSO CONDUCTED AT THIS OFFICE LOCATION."
1987936,"1 BARTHOLOMEW LANE","","LONDON","","United Kingdom","EC2N 2AX","N","+41 41 5470326","",,2,"N","N","N","N","N","N","N",""
1987936,"VIA DEL LAURO","1","MILAN","","Italy","","N","+39 02 8961745","",,9,"N","N","N","N","N","N","N",""
1987936,"MARSTALLSTRASSE 11","","MUNICH","","Germany","","N","+49 89 4357150","",,18,"N","N","N","N","N","N","N",""
1994389,"","","","","","","Y","203-769-2345","",,1,"N","N","N","N","N","N","N",""
1995247,"","","","","","","Y","617-574-3330","",,1,"Y","N","N","N","N","N","N",""
1996609,"LEVEL 14, 197 ST GEORGES TERRACE","","PERTH","","Australia","6000","N","61 2 9257 5000","",,2,"N","N","N","Y","N","N","N",""
1996609,"LEVEL 17/35 COLLINS STREET","","MELBOURNE","","Australia","VIC 3000","N","61 2 9257 5000","",,6,"N","N","N","Y","N","N","N",""
1996609,"LEVEL 5 & 6, 180 ANN STREET","","BRISBANE CITY","","Australia","QLD 4000","N","61 2 9257 5000","",,1,"N","N","N","Y","N","N","N",""
1995015,"60 EAST 42ND STREET","SUITE 3710","NEW YORK","NY","United States","10165","N","212-476-8290","212-661-1282",,8,"N","N","N","N","N","N","N",""
1995015,"NO. 20 CECIL STREET","#03-11/12 PLUS","SINGAPORE","","Singapore","049705","N","65-6592-6279","65-6536-6538",,4,"N","N","N","N","N","N","N",""
1995015,"20 FENCHURCH STREET","","LONDON","","United Kingdom","EC3M 3BY","N","4420-7767-2158","",,1,"N","N","N","N","N","N","N",""
1991766,"CALLE SERRANO 110","1ST FLOOR, OFFICE 4,","MADRID","","Spain","28006","N","+34912906837","",,3,"N","N","N","N","N","N","N",""
1982843,"LANDIS + GYR-STRASSE 3","6300","ZUG","","Switzerland","","N","+41 41 547 048","",,13,"N","N","N","N","N","N","N",""
1982843,"VIA DEL LAURO","1","MILAN","","Italy","","N","+39 02 8961745","",,9,"N","N","N","N","N","N","N",""
1982843,"1 BARTHOLOMEW LANE","","LONDON","","United Kingdom","EC2N 2AX","N","+41 41 5470326","",,2,"N","N","N","N","N","N","N",""
1992228,"","","","","","","Y","7576392441","",,1,"N","N","N","Y","N","N","N",""
1999050,"","","","","","","Y","404-664-1092","",,0,"N","N","N","N","N","N","N",""
1997639,"SPACES, 9 GREYFRIARS RD","","READING","","United Kingdom","RG1 1NU","N","441189517000","441912446000",,1,"N","N","N","N","N","N","N","ALL OFFICES PROVIDE INVESTMENT ADVISORY FUNCTIONS; AND IN ADDITION NEWCASTLE PROVIDES FINANCE/ACCOUNTING AND COMPLIANCE SUPPORT."
1997639,"82 KING STREET","","MANCHESTER","","United Kingdom","M2 2WQ","N","+441619358419","",,3,"N","N","N","N","N","N","N","ALL OFFICES PROVIDE INVESTMENT ADVISORY FUNCTIONS; AND IN ADDITION NEWCASTLE PROVIDES FINANCE/ACCOUNTING AND COMPLIANCE SUPPORT."
1989563,"82 KING STREET","","MANCHESTER","","United Kingdom","M2 4WQ","N","441619358018","",,6,"N","N","N","N","N","N","N",""
1999557,"DBS BUSINESS CENTER  OFFICE NO. 909","B'WING, GROUND FLOOR, KANAKIA WALL STREET","MUMBAI","","India","400 093","N","+ 912242389263","",,4,"N","N","N","N","N","N","N",""
1989563,"NOMA HOUSE","","AMSTERDAM","","Netherlands","1081LA","N","20209","",,4,"N","N","N","N","N","N","N",""
1989563,"CECIL COWORKING, NORRLANDSGATAN 10","","STOCKHOLM","","Sweden","111 43","N","+46 8 525 187","",,2,"N","N","N","N","N","N","N",""
1989563,"20TH FLOOR, MARIENTURM,","TAUNUSANLAGE 9-10","FRANKFURT","","Germany","60329","N","+491752254589","",,1,"N","N","N","N","N","N","N",""
1989563,"LEVEL 43, 8 MARINA VIEW, ASIA SQUARE TOWER 1","","SINGAPORE","","Singapore","018960","N","+86136119080","",,2,"N","N","N","N","N","N","N",""
1989563,"19 WEST 44TH STREET, STE 200-A","","NEW YORK","NY","United States","10036","N","+1917398737","",,3,"N","N","N","N","N","N","N",""
1999349,"THE MERRION BUILDINGS","18-20 MERRION STREET","DUBLIN","","Ireland","D02 XH98","N","+44 (0)20 7931","",,2,"N","N","N","N","N","N","N",""
1998093,"OFFICE 101-105, FLOOR 15, AL SARAB TOWER","ABU DHABI GLOBAL MARKET SQUARE","ABU DHABI, AL MARYAH ISLAND","","United Arab Emirates","","N","971(0)2711970","",,1,"N","N","N","Y","N","N","N",""
1983084,"MARSTALLSTRASSE 11","","MUNICH","","Germany","80539","N","+49 89 4357150","",,18,"N","N","N","N","N","N","N",""
1983084,"LANDIS + GYR-STRASSE 3","6300","ZUG","","Switzerland","","N","+41 41 547 048","",,18,"N","N","N","N","N","N","N",""
1983084,"VIA DEL LAURO","1","MILAN","","Italy","","N","+39 02 8961745","",,9,"N","N","N","N","N","N","N",""
1997402,"SUITE 1, LEVEL 1, 150 COLLINS STREET","","MELBOURNE, VIC","","Australia","3000","N","61 3 8680 3513","61 3 8680 3555",,7,"N","N","N","N","N","N","N",""
1992433,"12-14 ROND POINT DES CHAMPS-ÉLYSÉES","FLOOR 3, MARCEL-DASSAULT, 75008","PARIS","","France","75008","N","+33156525450","",,7,"N","N","N","N","N","N","N",""
1992433,"OPERNTURM, BOCKENHEIMER LANDSTRASSE 2-4, 60306","LEVEL 32","FRANKFURT","","Germany","60306","N","49 69 50957800","",,4,"N","N","N","N","N","N","N",""
1992433,"CALLE SERRANO 21, 28001","LEVEL 5","MADRID","","Spain","28001","N","34 91 765 6753","",,4,"N","N","N","N","N","N","N",""
1992433,"660 FIFTH AVENUE NY 10103","","NEW YORK","NY","United States","10019","N","212 231 1000","",,4,"Y","N","N","N","N","N","N",""
1992433,"1 ELIZABETH STREET","NSW 2000","SYDNEY","","Australia","2000","N","6128232 3333","",,4,"Y","N","N","N","N","N","N",""
1992433,"LINDWURMSTRAßE 76, 80337","LEVEL 3","MUNICH","","Germany","80337","N","+4989444453630","",,1,"N","N","N","N","N","N","N",""
1992433,"VIA GAETANO NEGRI 4, 20123","FLOOR 4","MILAN","","Italy","","N","+39 02 1241280","",,2,"N","N","N","N","N","N","N",""
1992433,"L 7 ATRIA ONE 144 MORRISON STREET, EH3 8EX","","EDINBURGH","","United Kingdom","","N","+44 3301232167","",,6,"N","N","N","N","N","N","N",""
1992433,"L 36 SOUTH TOWER, 80 COLLINS ST, VICTORIA, 3000","","MELBOURNE","","Australia","","N","+61 3 96358000","",,1,"N","N","N","N","N","N","N",""
1992433,"MARINA ONE WEST TOWER","LEVEL 20 - 21, 9 STRAITS VIEW #21-07/12, 018937","SINGAPORE","","Singapore","018937","N","+65 6601 0888","",,1,"N","N","N","N","N","N","N",""
1992433,"100 S INDEPENDENCE MALL WEST","","PHILADELPHIA","PA","United States","19106-2399","N","+1 212 231 100","",,1,"N","N","N","N","N","N","N",""
1992433,"LEVEL 4 20 BOULEVARD ROYAL, L-2449","","LUXEMBOURG","","Luxembourg","","N","+352 2461 934","",,24,"Y","N","N","N","N","N","N",""
1992433,"LEVEL 22, 23 ONE INTERNATIONAL FINANCE CENTRE","1 HARBOUR VIEW STREET, CENTRAL","HONG KONG","","Hong Kong","","N","+852 392 21888","",,1,"Y","N","N","N","N","N","N",""
1992433,"WORLD TRADE CENTER, TOWER ONE, 11TH FLOOR","ZUIDPLEIN 98, 1077XV","AMSTERDAM","","Netherlands","","N","+31202382145","",,0,"N","N","N","N","N","N","N",""
1992433,"","","","","","","Y","+14152781741","",,1,"N","N","N","N","N","N","N",""
2000602,"EXPRESS TOWERS, NARIMAN POINT","","MUMBAI","","India","400021","N","+919820079414","",,1,"N","N","N","N","N","N","N",""
1993710,"UNIT NO - 19, OFFICE E-3, GIFT ASPIRE 3","BLOCK 12, ROAD 1-D, ZONE 1","GIFT SEZ","","India","382355","N","912268846600","",,2,"N","N","N","N","N","N","N",""
1997660,"","","","","","","Y","+1-646-989-409","",,1,"N","N","N","N","N","N","N",""
1995543,"4850 TAMIAMI TRAIL NORTH","SUITE 301","NAPLES","FL","United States","34108","N","612-964-7447","",,1,"N","N","N","N","N","N","N","GENERAL INVESTMENT RESEARCH AND ANALYSIS FOR POOLED INVESTMENT FUNDS."
1995255,"SPARK B (7TH FLOOR)","ALEJA SOLIDARNOSCI 171 ST.","WARSAW","","Poland","00-877","N","+48 22 2726540","+48 22 2726541",,3,"N","N","N","N","N","N","N",""
1995255,"55 LUDGATE HILL","PROCESSION HOUSE","LONDON","","United Kingdom","EC4M 7JW","N","+4402035452000","",,159,"N","N","N","Y","N","N","N",""
2000288,"4299 SAN FELIPE ST. SUITE 320","","HOUSTON","TX","United States","77027","N","203-905-9236","",,1,"N","N","N","N","N","N","N",""
1987315,"MARSTALLSTRASSE 11","","MUNICH","","Germany","80539","N","+49 89 4357150","",,18,"N","N","N","N","N","N","N",""
1987315,"1 BARTHOLOMEW LANE","","LONDON","","United Kingdom","EC2N 2AX","N","+41 41 5470326","",,2,"N","N","N","N","N","N","N",""
1987315,"LANDIS + GYR-STRASSE 3","6300","ZUG","","Switzerland","","N","+41 41 547 048","",,13,"N","N","N","N","N","N","N",""
1995660,"44 GREAT MARLBOROUGH STREET","","LONDON","","United Kingdom","W1F 7JL","N","+442077585900","",,6,"N","N","N","N","N","N","N",""
1983605,"","","","","","","Y","(917) 951-4327","",,1,"N","N","N","N","N","N","N",""
1987921,"38 WIERDA ROAD WEST, WIERDA VALLEY","FIRST FLOOR THE PLANES, HUNTSEND","SANDTON","","South Africa","2196","N","+27117830182","+27117840238",,0,"Y","N","N","N","N","N","N",""
1987921,"112 BOULEVARD ARSENE USHER ASSOUAN","CARREFOUR MEL EG, IMMEUBLE BRANDON & MCAIN PORTE 4","ABIDJAN","","Cote de Ivoire (Ivory Coast)","01BP5760","N","+22547133146","",,1,"Y","N","N","N","N","N","N",""
1997689,"590 MADISON AVENUE","34TH FLOOR","NEW YORK","NY","United States","10022","N","212-547-2600","",,5,"N","N","N","N","N","N","N",""
1997689,"555 S FLOWER STREET","SUITE 4600","LOS ANGELES","CA","United States","90071","N","3102828820","",,0,"N","N","N","N","N","N","N",""
1997689,"750 PARK OF COMMERCE DRIVE","SUITE 210","BOCA RATON","FL","United States","33487","N","561-570-4644","",,1,"N","N","N","N","N","N","N",""
1997689,"6B, RUE DU FORT NIEDERGRÜNEWALD","L-2226","LUXEMBOURG","","Luxembourg","L-2226","N","3522694664","",,0,"N","N","N","N","N","N","N","BUSINESS RECORDS"
1997754,"SUITE 701-703, ICBC TOWER, 3 GARDEN ROAD, CENTRAL","","HONG KONG","","China","","N","(852) 22318600","(852) 22318601",,13,"N","N","N","N","N","N","N",""
1997754,"445 PARK AVENUE, 16/F, NY 10022","","NEW YORK","NY","United States","10023","N","(1) 2122106251","(1) 6462014483",,2,"N","N","N","N","N","N","N",""
1997494,"1380 WEST PACES FERRY ROAD","SUITE 2275","ATLANTA","GA","United States","30327","N","404-220-9053","",,1,"N","N","N","N","N","N","N",""
1996464,"","","","","","","Y","210-382-6822","",,1,"N","N","N","N","N","N","N",""
1998811,"EXCHANGE PLACE 1","1 SEMPLE STREET","EDINBURGH","","United Kingdom","EH3 8BL","N","44 131 4727200","",,14,"N","Y","N","Y","N","N","N","Y"
1998873,"1 JIANGUOMENWAI AVENUE","SUITE 5620","BEIJING","","China","10004","N","+86-10-5706-98","+86-10-5706-98",,5,"N","N","N","N","N","N","N",""
1998873,"1 GEORGE STREET","UNIT 21-01","SINGAPORE","","Singapore","049145","N","65140023","",,7,"N","N","N","N","N","N","N",""
1998873,"1300 EL CAMINO REAL","SUITE 100","MENLO PARK","CA","United States","94025","N","6503317300","",,3,"N","N","N","N","N","N","N",""
1987614,"2ND FLOOR","ONE COLMORE ROW","BIRMINGHAM","","United Kingdom","B3 2BJ","N","0121 312 4660","",,2,"N","N","N","N","N","N","N",""
1997540,"DE LAIRESSESTRAAT 107-D","","AMSTERDAM","","Netherlands","1071 NX","N","+31651217568","",,8,"N","N","N","N","N","N","N",""
1998717,"OFFICE 101-105, FLOOR 15, AL SARAB TOWER","ABU DHABI GLOBAL MARKET SQUARE","ABU DHABI, AL MARYAH ISLAND","","United Arab Emirates","","N","971(0)27119798","",,1,"N","N","N","Y","N","N","N",""
1999052,"","","","","","","Y","404-664-1092","",,0,"N","N","N","N","N","N","N",""
1996024,"RUE DU RHONE 7","","GENEVA","","Switzerland","1204","N","41 22 884 0600","",,47,"N","N","N","Y","N","N","N",""
1996024,"17TH FLOOR, AL SARAB TOWER","AL MARYAH ISLAND","ABU DHABI","","United Arab Emirates","","N","+44 2070226000","",,44,"N","N","N","Y","N","N","N",""
1996024,"LEVEL 6 (WEST) INDEX TOWER DIFC","HAPPINESS STREET","DUBAI","","United Arab Emirates","","N","+442070226000","",,3,"N","N","N","Y","N","N","N",""
1996558,"303 WEST MADISON","SUITE 750","CHICAGO","IL","United States","60606","N","574-485-2146","",,5,"N","N","N","N","N","N","N",""
1998624,"3333 MICHELSON DR","SUITE 620","IRVINE","CA","United States","92612","N","415-561-0600","",844163,4,"Y","N","N","N","N","N","N",""
1998624,"","","","","","","Y","415-561-0600","",844166,1,"Y","N","N","N","N","N","N",""
2000157,"WOGAN HOUSE","99 GREAT PORTLAND STREET","LONDON","","United Kingdom","W1W 7NY","N","+442070246900","",,2,"N","N","N","N","N","N","N",""
1992432,"","","","","","","Y","937-902-1728","",,1,"N","N","N","N","N","N","N",""
1992432,"","","","","","","Y","513-532-4418","",,1,"N","N","N","N","N","N","N",""
1992432,"","","","","","","Y","513-762-2210","",,1,"N","N","N","N","N","N","N",""
1992432,"","","","","","","Y","513-762-2210","",,1,"N","N","N","N","N","N","N",""
1999910,"907, AL OTAIBA BUILDING","HAMDAN STREET","ABU DHABI","","United Arab Emirates","131394","N","+9712622904","",,3,"N","N","N","N","N","N","N","REPRESENTATIVE OFFICE"
1996584,"30 MONUMENT SQUARE","SUITE 302","CONCORD","MA","United States","01742","N","617 899 8946","",,1,"N","N","N","N","N","N","N",""
1996470,"","","","","","","Y","210-382-6822","",,1,"N","N","N","N","N","N","N",""
1995576,"1536 N. COAST HIGHWAY 101","SUITE 102","ENCINITAS","CA","United States","92024","N","628-204-6610","",,2,"N","N","N","N","N","N","N",""
1996835,"HERENGRACHT 450","","AMSTERDAM","","Netherlands","1017CA","N","003162115214","",,2,"N","N","N","N","N","N","N",""
1996835,"HAVNEGADE 39","","COPENHAGEN","","Denmark","1058","N","0352(0)2664","",,2,"N","N","N","N","N","N","N",""
1996835,"18, RUE DE COURCELLES","","PARIS","","France","75008","N","0033183757250","",,4,"N","N","N","N","N","N","N",""
1996835,"BOCKENHEIMER LANDSTRAßE 23","","FRANKFURT AM MAIN","","Germany","60325","N","4969976099810","",,3,"N","N","N","N","N","N","N",""
1996835,"PASEO DE LA CASTELLANA 40","8TH FLOOR","MADRID","","Spain","28046","N","34917581344","",,1,"N","N","N","N","N","N","N",""
1996835,"LUDWIGSTRASSE 9","","MUNICH","","Germany","80539","N","4969976099810","",,1,"N","N","N","N","N","N","N",""
1965270,"488 FOLSOM STREET","APT 3601","SAN FRANCISCO","CA","United States","94105","N","16282134638","",,1,"N","N","N","N","N","N","N",""
1965270,"UNIT-657, 6TH FLOOR, SIGNATURE TOWER","BLOCK-13, ROAD-1C, ZONE-1, GIFT SEZ, GIFT CITY","GANDHINAGAR","","India","382355","N","919870593221","",,5,"N","N","N","N","N","N","N",""
1999201,"TWO LIBERTY PLACE","50 S. 16TH STREET, SUITE 2650","PHILADELPHIA","PA","United States","19102","N","(215) 568-4055","",,1,"N","N","N","N","N","N","N",""
1997455,"UNIT 2902","HONGQIAO ROAD 183,XUJIAHUI CENTER III, TOWER A","SHANGHAI","","China","200030","N","+8615800924042","",,0,"N","N","N","N","N","N","N",""
1999544,"5TH FLOOR FERGUSON HOUSE","15 MARLEYBONE ROAD","LONDON","","United Kingdom","NW1 5JD","N","+442033260350","",,1,"N","N","N","N","N","N","N",""
2000163,"ONE BOSTON PLACE","201 WASHINGTON STREET","BOSTON","MA","United States","02108","N","N/A","",,3,"N","N","N","N","N","N","N",""
1985379,"162, 15TH MAIN RD, KORAMANGALA 4TH BLOCK","","BANGALORE","","India","560095","N","080-46239797","",,16,"N","N","N","N","N","N","N",""
1985379,"WORLDMARK 2, 5TH FLOOR, AEROCITY","","NEW DELHI","","India","110037","N","011-41226222","",,23,"N","N","N","N","N","N","N",""
1985379,"2200 SAND HILL","RD #100","MENLO PARK","CA","United States","94025","N","+1 650-234-830","",,2,"N","N","N","N","N","N","N",""
1985379,"7TH FLOOR, 76-C, 3 NORTH AVENUE","MAKER MAXCITY, BANDRA KURLA COMPLEX","MUMBAI","","India","400051","N","022-49766258","",,8,"N","N","N","N","N","N","N",""
1996205,"UNIT 1-4, 28TH FLOOR, CRC TOWER, ALL SEASONS PLACE","87/2 WIRELESS ROAD, PHATUMWAN","BANGKOK","","Thailand","10330","N","+662 694 7999","",,1,"Y","N","N","N","N","N","N",""
1996205,"9 STRAITS VIEW #21-07/12, MARINA ONE WEST TOWER,","","SINGAPORE","","Singapore","018937","N","+65 6601 0888","",,1,"Y","N","N","N","N","N","N",""
1996205,"FLOOR 16, TOKYO GARDEN TERRACE TERRACE","KIOICHO KIOI TOWER, 1-3 KIOICHO, CHIYODA-KU","TOKYO","","Japan","102-0094","N","+81 3 3512 790","",,1,"Y","N","N","N","N","N","N",""
1995672,"360 NW 27TH STREET","","MIAMI","FL","United States","33127","N","(917) 565-9636","",,1,"N","N","N","N","N","N","N",""
1992858,"","","","","","","Y","3035891030","",,1,"N","N","N","N","N","N","N",""
1995333,"4-5 LANGHAM PLACE","","LONDON","","United Kingdom","W1B 3DG","N","+442037879847","",,1,"N","N","N","N","N","N","N",""
1998508,"","","","","","","Y","646-690-2810","",,2,"N","N","N","N","N","N","N",""
1995380,"3 ORCHARD PLACE","","LONDON","","United Kingdom","SW1H 0BF","N","44203 819 8599","",,9,"N","N","N","N","N","N","N","INVESTOR RELATIONS TEAM"
1995380,"VIGEO HOUSE, 6 OSBORNE ROAD","","IKOYI, LAGOS","","Nigeria","","N","234 1 440 7345","",,2,"N","N","N","N","N","N","N",""
1995380,"20 THE PIAZZA, WHITELEY ROAD,","4TH FLOOR, MELROSE ARCH","JOHANNESBURG","","South Africa","2076","N","27 11 0650800","",,7,"N","N","N","N","N","N","N",""
1995380,"SUITE 601-603, LEVEL 6","35 GRAFTON STREET, BONDI JUNCTION","SYDNEY","","Australia","NSW, 2022","N","612 8305 4300","",,1,"N","N","N","N","N","N","N",""
1995380,"250 NORTH BRIDGE ROAD #16-03","RAFFLES CITY TOWER","SINGAPORE","","Singapore","179101","N","65 6805 2170","",,9,"N","N","N","N","N","N","N",""
1995380,"WORKSTYLE SERVICED OFFICES","7TH FLOOR; THE ADDRESS BUILDING, MATHANGARI DRIVE","NAIROBI","","Kenya","","N","254 7029 61916","",,4,"N","N","N","N","N","N","N",""
1995380,"NO. F8E LOBBY LEVEL (FIRST FLOOR) AT GRAND HYATT H","VAKOLA,SANTACRUZ (E), MUMBAI","MUMBAI","","India","","N","0","",,5,"N","N","N","N","N","N","N",""
1996692,"STAUDE CAPITAL LIMITED","51 MOORGATE","LONDON","","United Kingdom","EC2R 6BH","N","4402070420500","",,4,"N","N","N","Y","N","N","N",""
1996692,"PAG ADVISERS LLP","6TH FLOOR 130, JERMYN STREET","LONDON","","United Kingdom","SW1Y 4UR","N","4402070420500","",,3,"N","N","N","N","N","N","N",""
1996692,"SPF INVESTMENT MANAGEMENT (UK) LIMITED","C/O OAKFORD ADVISORS LTD THE BEE HOUSE, 140 EASTER","OXFORD","","United Kingdom","OX14 4SB","N","4402070420500","",,3,"N","N","N","Y","N","N","N",""
1996692,"AFBI PARTNERS UK LLP","DUO, LEVEL 6, 280 BISHOPSGATE","LONDON","","United Kingdom","EC2M 4RB","N","4402070420500","",,1,"N","N","N","Y","N","N","N",""
1996692,"BLACK ARK CAPITAL LTD","MONOMARK HOUSE, 27 OLD GLOUCESTER STREET","LONDON","","United Kingdom","WC1N 3AX","N","4402070420500","",,3,"N","N","N","N","N","N","N",""
1996692,"TSD ADVISORY SERVICES LIMITED","GLOBAL HOUSE ECLIPSE PARK, SITTINGBOURNE ROAD","MAIDSTONE, KENT","","United Kingdom","ME14 3EN","N","4402070420500","",,1,"N","N","N","Y","N","N","N",""
1996692,"SVELLAND CAPITAL (UK) LTD","N2 9 BRESSENDEN PLACE","LONDON","","United Kingdom","SW1E 5BY","N","4402070420500","",,4,"N","N","N","Y","N","N","N",""
1996692,"GLOBAL PARAMETRICS LIMITED","1 LIME STREET, LIME STREET","LONDON","","United Kingdom","EC3M 7HA","N","4402070420500","",,6,"N","N","N","N","N","N","N",""
1996692,"VALPRE CAPITAL UK LIMITED","13 MONTPELIER AVENUE","BEXLEY","","United Kingdom","DA5 3AP","N","4402070420500","",,2,"N","N","N","N","N","N","N",""
1996692,"AITO CAPITAL LTD","130 JERMYN STREET","LONDON","","United Kingdom","SW1Y 4UR","N","4402070420500","",,5,"N","N","N","Y","N","N","N",""
1996692,"AYRES INVESTMENT MANAGEMENT LLP","33 ST. JAMES'S SQUARE","LONDON","","United Kingdom","SW1Y 4JS","N","4402070420500","",,3,"N","N","N","Y","N","N","N",""
1996692,"SULTANA ASSET MANAGEMENT LLP","48 PALL MALL, 2ND FLOOR","LONDON","","United Kingdom","SW1Y 5JG","N","4402070420500","",,3,"N","N","N","Y","N","N","N",""
1996692,"SOROS CAPITAL MANAGEMENT UK LLP","5-10 BOLTON STREET","LONDON","","United Kingdom","W1J 8BA","N","4502070420500","",,1,"N","N","N","N","N","N","N",""
1996692,"CENTIVA CAPITAL UK LTD","SUITE 2 FIRST FLOOR, 10 TEMPLE BACK","BRISTOL","","United Kingdom","BS1 6FL","N","4402070420500","",,22,"N","N","N","Y","N","N","N",""
1996692,"DIAMETER CAPITAL PARTNERS (UK) LLP","4TH FLOOR PHOENIX HOUSE, 1 STATION HILL, READING","BERKSHIRE","","United Kingdom","RG1 1NB","N","4402070420500","",,2,"N","N","N","Y","N","N","N",""
1996692,"ARKAIM ADVISORS LTD","6TH FLOOR 2 LONDON WALL PLACE","LONDON","","United Kingdom","EC2Y 5AU","N","4402070420500","",,3,"N","N","N","N","N","N","N",""
1996692,"THINK INVESTMENTS EUROPE LLP","7TH FLOOR 50 BROADWAY","LONDON","","United Kingdom","SW1H 0BL","N","4402070420500","",,1,"N","N","N","N","N","N","N",""
1996692,"NURSERY ROAD CAPITAL MANAGEMENT LIMITED","7 BELL YARD","LONDON","","United Kingdom","WC2A 2JR","N","4402070420500","",,2,"N","N","N","N","N","N","N",""
1996692,"GNRI MANCO LIMITED","14 CURZON STREET","LONDON","","United Kingdom","W1J 5HN","N","4502070420500","",,1,"N","N","N","N","N","N","N",""
1996692,"GREENLAND CAPITAL MANAGEMENT UK LIMITED","C/O BUZZACOTT LLP, 130 WOOD STREET","LONDON","","United Kingdom","EC2V 6DL","N","4402070420500","",,2,"N","N","N","Y","N","N","N",""
1996692,"POLAR ASSET MANAGEMENT PARTNERS INC","117 PICCADILLY, SUITE 301","LONDON","","United Kingdom","W1J 7JU","N","416-367-4364","",,5,"N","N","N","Y","N","N","N",""
1996692,"ADF ASSET MANAGEMENT LLP","C/O WINDSOR HOUSE, STATION COURT STATION ROAD, GRE","CAMBRIDGE","","United Kingdom","CB22 5NE","N","4702070420500","",,2,"N","N","N","Y","N","N","N",""
1996692,"STERNLIGHT CAPITAL PARTNERS LLP","25 GREEN STREET","LONDON","","United Kingdom","W1K 7AX","N","4402070420500","",,1,"N","N","N","N","N","N","N",""
1996692,"S14 CAPITAL LLP","130 JERMYN STREET","LONDON","","United Kingdom","SW1Y 4UR","N","44 (0)20 7042","",,2,"N","N","N","N","N","N","N",""
1996692,"DELTROIT ASSET MANAGEMENT UK LLP","1ST FLOOR 50 PALL MALL","LONDON","","United Kingdom","SW1Y 5JH","N","4702070420500","",,12,"N","N","N","Y","N","N","N",""
1996692,"CISU CAPITAL PARTNERS LLP","1 KNIGHTSBRIDGE GREEN","LONDON","","United Kingdom","SW1X 7QA","N","4702070420500","",,2,"N","N","N","Y","N","N","N",""
1996692,"AQUATIC CAPITAL UK LLP","1 ANGEL COURT","LONDON","","United Kingdom","EC2R 7HJ","N","4702070420500","",,1,"N","N","N","N","N","N","N",""
1996692,"SELECT EQUITY GROUP UK LIMITED","22 PERCY STREET, 7TH AND 8TH FLOOR","LONDON","","United Kingdom","W1T 2BU","N","4702070420500","",,4,"N","N","N","N","N","N","N",""
1996692,"BLUE RIBAND GROUP LLC","27 GLOUCESTER STREET","LONDON","","United Kingdom","WC1N 3AX","N","4702070420500","",,1,"N","N","N","N","N","N","N",""
1996692,"ASVA INVESTMENT PARTNERS LLP","NEWTON HOUSE, 118 PICCADILLY","LONDON","","United Kingdom","W1J 7NW","N","4702070420500","",,3,"N","N","N","Y","N","N","N",""
1996692,"LIFE CYCLE INVESTMENT PARTNERS LIMITED","FLOOR 8 125 OLD BROAD ST","LONDON","","United Kingdom","EC2N 1AR","N","4702070420500","",,7,"N","N","N","Y","N","N","N",""
1996692,"NOVUM INVESTMENT MANAGEMENT LIMITED","20TH FLOOR, 125 OLD BROAD STREET","LONDON","","United Kingdom","EC2N 1AR","N","4702070420500","",,3,"N","N","N","N","N","N","N",""
1996692,"EBIT LTD","STERLING HOUSE, FULBOURNE ROAD","LONDON","","United Kingdom","E17 4EE","N","4702070420500","",,2,"N","N","N","N","N","N","N",""
1996692,"DHARMA ASSET MANAGEMENT LLP","71-75 SHELTON STREET, COVENT GARDEN","LONDON","","United Kingdom","WC2H 9JQ","N","4702070420500","",,2,"N","N","N","N","N","N","N",""
1996692,"LYNOTT PARTNERS LIMITED","78-79 PALL MALL","LONDON","","United Kingdom","SW1Y 5ES","N","4402070420500","",,3,"N","N","N","Y","N","N","N",""
1996692,"OC INVESTMENT MANAGEMENT LIMITED","21 COURTENAY GARDENS","UPMINSTER","","United Kingdom","RM14 1DH","N","4702070420500","",,1,"N","N","N","N","N","N","N",""
1999225,"1-2-1 OTEMACHI","CHIYODA-KU","TOKYO","","Japan","1008631","N","03-3285-1111","",,1,"N","N","N","N","N","N","N",""
1999472,"1532 NEXXUS BUILDING, CONNAUGHT STREET","","CENTRAL","","Hong Kong","","N","209-265-8990","",,5,"N","N","N","N","N","N","N","INVESTMENT-RELATED BUSINESS ACTIVITIES IN THIS OFFICE LOCATION ALSO INCLUDE THOSE OF ANOTHER REGISTERED INVESTMENT ADVISER, ETNA CAPITAL (SEC#: 801-130428)"
1999472,"2744 SAND HILL ROAD","","MENLO PARK","CA","United States","94025","N","209-265-8990","",,1,"N","N","N","N","N","N","N",""
1989841,"GRACE BUILDING, 1114 6TH AVENUE, 16TH FLOOR","","NEW YORK","NY","United States","10036","N","347-503-4769","",,30,"N","N","N","N","N","N","N",""
1989841,"SALVATORSTRAßE 3","","MUNICH","","Germany","80333","N","49 89 25549550","",,10,"N","N","N","N","N","N","N",""
1989841,"535 MISSION STREET, 23RD FLOOR","","SAN FRANCISCO","CA","United States","94105","N","+14154777212","",,14,"N","N","N","N","N","N","N",""
1989841,"PARIS FAUBOURG, 37-39 RUE DE SURÈNE","","PARIS","","France","75008","N","4402083960930","",,2,"N","N","N","N","N","N","N",""
1989841,"SUITE 2038, ONE MARINA BOULEVARD","LEVEL 20","SINGAPORE","","Singapore","018989","N","+44 (0) 208396","",,0,"N","N","N","N","N","N","N",""
1981966,"237 S DIXIE HWY","4TH FLOOR","CORAL GABLES","FL","United States","33133","N","(424) 610-7442","",,1,"N","N","N","N","N","N","N",""
1995267,"8 MARINA VIEW, ASIA SQUARE TOWER 1","LEVEL 32 - 06","SINGAPORE","","Singapore","049319","N","6567016000","",,13,"N","N","N","N","N","N","N",""
1995267,"1, RUE DE LA PAIX","","PARIS","","France","75002","N","+33 0188888030","330144958687",,30,"N","N","N","N","N","N","N",""
1995267,"SUITES 1301 - 1302, AIA CENTRAL","1 CONNAUGHT ROAD CENTRAL","CENTRAL","","Hong Kong","","N","+852 2143 7390","",,5,"N","N","N","N","N","N","N",""
1995267,"12. STOCKWERK, AN DER WELLE 5","","FRANKFURT","","Germany","603222","N","4906925497650","4906925497699",,12,"N","N","N","N","N","N","N",""
1995267,"SERRANO, 30-3°","","MADRID","","Spain","28001","N","+34 810808790","34913107201",,6,"N","N","N","N","N","N","N",""
1995267,"DAVID BAGARES GATA, 3","","STOCKHOLM","","Sweden","111 38","N","460854504150","460854504151",,5,"N","N","N","N","N","N","N",""
1995267,"32-36 BOULEVARD D'AVRANCHES","","LUXEMBOURG","","Luxembourg","L-1160","N","+352 20882140","",,0,"N","N","N","N","N","N","N",""
1995267,"CORSO GIACOMO MATTEOTTI 3","","MILANO","","Italy","20121","N","+390230457000","",,4,"N","N","N","N","N","N","N",""
1995267,"SPARK B (7TH FLOOR)","ALEJA SOLIDARNOSCI 171 ST.","WARSAW","","Poland","00-877","N","+48 22 2726540","+48 22 2726541",,4,"N","N","N","N","N","N","N",""
1995267,"PAULUS POTTERSTRAAT 20 II","","AMSTERDAM","","Netherlands","60322","N","31(0)203994060","",,1,"N","N","N","N","N","N","N",""
1995259,"SPARK B (7TH FLOOR)","ALEJA SOLIDARNOSCI 171 ST.","WARSAW","","Poland","00-877","N","222726540","+48 22 2726541",,4,"N","N","N","N","N","N","N",""
1995259,"32-36 BOULEVARD D'AVRANCHES","","LUXEMBOURG","","Luxembourg","L-1160","N","+352 20882140","",,0,"N","N","N","N","N","N","N",""
1992431,"HIVEMIND CAPITAL PARTNERS UK LLP","15 ST.HELEN'S PLACE","LONDON","","United Kingdom","EC3A 6DQ","N","+442030393201","",,3,"N","N","N","N","N","N","N",""
1992431,"LINIK FINANCE LIMITED","130 WOOD STREET","LONDON","","United Kingdom","EC2V 6DL","N","+442045993355","",,1,"N","N","N","N","N","N","N",""
1992431,"LIGHTHOUSE PARTNERS UK, LLC","1ST FLOOR, 48-49 PALL MALL","LONDON","","United Kingdom","SW1Y 5JG","N","+442033181420","",,1,"N","N","N","N","N","N","N",""
1992431,"TANGENCY CAPITAL SERVICES LTD","125 OLD BROAD STREET","LONDON","","United Kingdom","EC2N 1AR","N","+442030112603","",,2,"N","N","N","N","N","N","N",""
1992431,"WINSHORE CAPITAL PARTNERS (UK) LLP","130 JERMYN STREET","LONDON","","United Kingdom","SW1Y 4UR","N","+442030393201","",,1,"N","N","N","N","N","N","N",""
1992431,"ZAMS ASSET MANAGEMENT LIMITED","1ST FLOOR, 48-49 PALL MALL","LONDON","","United Kingdom","SW1Y 5JG","N","+44 20","",,1,"N","N","N","N","N","N","N",""
1992431,"VITTORIA AND PARTNERS LLP","157 ARCHBISHOP STREET","VALETTA","","Malta","VLT 1440","N","00442030393204","",,1,"N","N","N","N","N","N","N",""
1988542,"UNIT 1601, 16/F, INFINITUS PLAZA","199 DES VOEUX ROAD, CENTRAL","HONG KONG","","Hong Kong","","N","+852 2526 0238","+852 2526 0308",,3,"N","N","N","N","N","N","N","THERE IS NO INVESTMENT-RELATED BUSINESS ACTIVITIES BEING CONDUCTED FROM THIS OFFICE LOCATION."
1988542,"LEVEL 21, 25 BLIGH STREET","","SYDNEY","","Australia","NSW 2000","N","+61 28024 7800","+61 28024 7878",,3,"N","N","N","N","N","N","N","THERE IS NO INVESTMENT-RELATED BUSINESS ACTIVITIES BEING CONDUCTED FROM THIS OFFICE LOCATION."
1988542,"20 COLLYER QUAY, #21-03","","SINGAPORE","","Singapore","049319","N","+65 6438 0711","+65 6438 0721",,5,"N","N","N","N","N","N","N","THERE IS NO INVESTMENT-RELATED BUSINESS ACTIVITIES BEING CONDUCTED FROM THIS OFFICE LOCATION."
1988542,"12TH FLOOR, TWO PACIFIC PLACE","142 SUKHUMVIT ROAD, KLONGTOEY","BANGKOK","","Thailand","10110","N","+662 653 2155","+662 653 2158",,6,"N","N","N","N","N","N","N","THERE IS NO INVESTMENT-RELATED BUSINESS ACTIVITIES BEING CONDUCTED FROM THIS OFFICE LOCATION."
1988542,"1667-1668, BITEXCO FINANCIAL TOWER, 2 HAI TRIEU ST","BEN NGHE WARD, DISTRICT 1","HO CHI MINH","","Vietnam","","N","+84 88627 7315","+84 83827 7316",,3,"N","N","N","N","N","N","N","THERE IS NO INVESTMENT-RELATED BUSINESS ACTIVITIES BEING CONDUCTED FROM THIS OFFICE LOCATION."
1998029,"190 ELGIN AVENUE","","GEORGE TOWN","","Cayman Islands","KY1-9008","N","+852 3409 8888","",,0,"N","N","N","N","N","N","N",""
1993100,"12 MARINA VIEW, ASIA SQUARE TOWER 2","","SINGAPORE","","Singapore","018961","N","006563334750","",,3,"N","N","N","N","N","N","N",""
1999828,"2ND FLOOR","ONE COLMORE ROW","BIRMINGHAM","","United Kingdom","B3 2BJ","N","0121 312 4660","",,2,"N","N","N","N","N","N","N",""
1996565,"TAUNUSANLAGE 9-10","MARIENTURM","FRANKFURT AM MAIN","","Germany","60329","N","49 69 3650 698","",,11,"N","N","N","N","N","N","N",""
1996565,"5, RUE HEIENHAFF","","SENNINGERBERG","","Luxembourg","L-1736","N","352 28 38 4700","",,0,"N","N","N","N","N","N","N",""
1996565,"41, AVENUE GEORGE V","","PARIS","","France","75008","N","33 1 44 95 11","",,12,"N","N","N","N","N","N","N",""
1996565,"540 MADISON AVENUE","SUITE 29A","NEW YORK","NY","United States","10022","N","1 646 5687321","",,1,"N","N","N","N","N","N","N",""
1996424,"20 UNIVERSITY ROAD, 5TH FLOOR","OFFICE 13","CAMBRIDGE","MA","United States","02138","N","919-213-7138","",,4,"N","N","N","N","N","N","N",""
1996424,"1111 LAKE WASHINGTON BOULEVARD NORTH","SUITE 900","RENTON","WA","United States","98056","N","919-213-7138","",,4,"N","N","N","N","N","N","N",""
1995054,"13-15, AVENUE DE LA LIBERTÉ","","LUXEMBOURG","","Luxembourg","1931","N","+3522649792213","",,1,"N","N","N","N","N","N","N",""
1996207,"UTI TOWER, GN BLOCK, 4TH FLOOR","BKC","MUMBAI, MAHARASHTRA","","India","400051","N","91 02262646625","",,32,"N","N","N","N","N","N","N",""
1996207,"804-02, BRIGADE INTERNATIONAL FINANCIAL CENTER","BUILDING NO - 14A, BLOCK 14, ZONE 1","GIFT CITY, GANDHINAGAR","","India","382050","N","919167762303","",,2,"N","N","N","N","N","N","N",""
1998621,"ROOM 4602-4605, HKRI CENTER ONE","HKRI TAIKOO HUI, NO. 288, NO.1 SHIMEN ROAD","SHANGHAI","","China","200041","N","+862122034700","",,18,"N","N","N","N","N","N","N",""
1998621,"GROUND FLOOR","25 CANNON STREET","LONDON","","United Kingdom","EC4M 5TA","N","N/A","",,13,"N","N","N","N","N","N","N",""
1998621,"33 EDITH CAVELL STREET,","PORT LOUIS","MAURITIUS","","Mauritius","N/A","N","+230 405 2000","",,1,"N","N","N","N","N","N","N",""
1998621,"LEVEL 22, TWO PACIFIC PLACE","88 QUEENSWAY","ADMIRALTY","","Hong Kong","","N","852 2629 2800","",,5,"N","N","N","N","N","N","N",""
1998621,"16TH FLOOR, AVIGHNA HOUSE","PLOT NO.82, DR. ANNIE BESANT ROAD","MUMBAI","","India","400018","N","91 22 66554200","",,19,"N","N","N","N","N","N","N",""
1998621,"6TH FLOOR, TRI-SEVEN ROPPONGI","777 ROPPONGI, MINATO-KU","TOKYO","","Japan","106-0032","N","81 3 5770 3190","",,13,"N","N","N","N","N","N","N",""
1998621,"UNIT 901, 9TH FLOOR, TOWER B THE MILLENIA","1&2 MURPHY ROAD,","ULSOOR BANGALORE","","India","560008","N","91 80 67324300","",,8,"N","N","N","N","N","N","N",""
1998621,"SUITE 2T01-08, 29TH FLOOR, TOWER 2, CHINA CENTRAL","NO. 79 JIANGUO ROAD, CHAOYANG DISTRICT","BEIJING","","China","100025","N","86106598933","",,7,"N","N","N","N","N","N","N",""
1995167,"2 SOHO PLACE","","LONDON","","United Kingdom","W1D 3BG","N","+442070428080","",,16,"N","N","N","N","N","N","N","INVESTMENT ADVISORY SERVICES TO GROUP COMPANIES."
1996774,"201 S. NARCISSUS AVE","503","WEST PALM BEACH","FL","United States","33401","N","5046163313","",,1,"N","N","N","N","N","N","N",""
1986010,"","","","","","","Y","775-902-2099","",,13,"N","N","N","N","N","N","N",""
1998299,"NUEU MAINZER STRASSE 82","","FRANKFURT","","Germany","60311","N","00442075914208","",,3,"N","N","N","N","N","N","N",""
1998299,"GOOIMEER 5","1411 DD NAARDEN","AMSTERDAM","","Netherlands","1411 DD","N","+44 2075914200","",,2,"N","N","N","N","N","N","N",""
1998299,"AM KOSTTOR 2","","MUNCHEN","","Germany","80331","N","00442075914208","",,3,"N","N","N","N","N","N","N",""
1998299,"EMK CAPITAL MANAGEMENT LIMITED, SUITE 1 - THE VIEW","HARBOUR REACH, LA RUE DE CARTERET","ST. HELIER","","Jersey","JE2 HR","N","00441534668010","",,5,"N","N","N","N","N","N","N",""
1998299,"LEVEL 40, EMK CAPITAL (THE EXECUTIVE CENTER)","10 COLLYER QUAY","OCEAN FINANCIAL CENTRE","","Singapore","049315","N","+442075914200","",,3,"N","N","N","N","N","N","N",""
1998299,"85, RUE JOUFFROY D'ABBANS","","PARIS","","France","75017","N","00442075914208","",,2,"N","N","N","N","N","N","N",""
1998299,"VIA SANT'ANDREA 10A","","MILAN","","Italy","20121","N","00442075914208","",,1,"N","N","N","N","N","N","N",""
1998299,"TORRE EMPERADOR - PASEO DE LA CASTELLANA 259-D","","MADRID","","Spain","28046","N","00442075914208","",,3,"N","N","N","N","N","N","N",""
1997557,"106 WEST 56TH STREET","","NEW YORK","NY","United States","10019","N","212-476-7746","",,7,"N","N","N","N","N","N","N",""
1997557,"460 NORTH MAIN","","GLEN ELLYN","IL","United States","60137","N","312-859-0543","",,1,"N","N","N","N","N","N","N",""
1997557,"","","","","","","Y","630-707-4113","",,1,"N","N","N","N","N","N","N",""
1995327,"4 BENTINCK STREET","","LONDON","","United Kingdom","W1U2EF","N","442073994200","",,2,"N","N","N","N","N","N","N",""
1998682,"SECOND FLOOR, DOREY COURT","ELIZABETH AVENUE","ST PETER PORT","","Guernsey","GY1 2HT","N","00441481731750","",,3,"N","N","N","N","N","N","N",""
1995516,"326 MIRA LOMA AVE","","GLENDALE","CA","United States","91204","N","+37494381424","",,0,"N","N","N","N","N","N","N",""
1995516,"HERO HOUSE","56 SUNDUKYAN ST","YEREVAN","","Armenia","0028","N","+37494381424","",,1,"N","N","N","N","N","N","N",""
