"FilingID","Fund Name","Fund ID","Adviser Name","Adviser SEC Number","Clients Solicited?"
1988481,"FUND 1",805-5663558974,"BOOTHBAY FUND MANAGEMENT","801-80018","N"
1992704,"PIMCO RAE US FUND LLC",805-4823590273,"PACIFIC INVESTMENT MANAGEMENT COMPANY LLC","801-48187","N"
1992704,"PIMCO RAE EMERGING MARKETS FUND LLC",805-3839794967,"PACIFIC INVESTMENT MANAGEMENT COMPANY LLC","801-48187","N"
1992704,"PIMCO RAE INTERNATIONAL FUND LLC",805-4689469439,"PACIFIC INVESTMENT MANAGEMENT COMPANY LLC","801-48187","N"
1992704,"PIMCO RAE GLOBAL FUND LLC",805-3752092163,"PACIFIC INVESTMENT MANAGEMENT COMPANY LLC","801-48187","N"
1992704,"PIMCO RAE GLOBAL EX-US FUND LLC",805-8292067293,"PACIFIC INVESTMENT MANAGEMENT COMPANY LLC","801-48187","N"
1993321,"K INDIA OPPORTUNITIES FUND LIMITED (CONSISTENT COMPOUNDERS INDIA  FUNDS)",805-9055689503,"KOTAK MAHINDRA (INTERNATIONAL) LIMITED","802-76440","N"
1989668,"EURO GALAXY VI CLO DAC",805-1676494459,"PINEBRIDGE INVESTMENTS EUROPE LIMITED","802-76432","N"
1989668,"EURO-GALAXY III CLO DAC",805-6318500375,"PINEBRIDGE INVESTMENTS EUROPE LIMITED","802-76432","Y"
1989668,"EURO-GALAXY IV CLO DAC",805-8086565255,"PINEBRIDGE INVESTMENTS EUROPE LIMITED","802-76432","Y"
1989668,"EURO-GALAXY V CLO DAC",805-8116411399,"PINEBRIDGE INVESTMENTS EUROPE LIMITED","802-76432","N"
1989668,"GALAXY XIX CLO LTD",805-4409150850,"PINEBRIDGE GALAXY LLC","801-108522","N"
1989668,"GALAXY XXIII CLO LTD",805-7077775888,"PINEBRIDGE GALAXY LLC","801-108522","N"
1989668,"GALAXY XXIV CLO LTD",805-8270828823,"PINEBRIDGE GALAXY LLC","801-108522","N"
1989668,"GALAXY XXV CLO LTD",805-6911095823,"PINEBRIDGE GALAXY LLC","801-108522","N"
1989668,"PINEBRIDGE GLOBAL FOCUS EQUITY FUND",805-1734289646,"PINEBRIDGE INVESTMENTS EUROPE LIMITED","802-76432","Y"
1989668,"GALAXY XXVI CLO LTD",805-9186101293,"PINEBRIDGE GALAXY LLC","801-108522","N"
1989668,"PINEBRIDGE PRIVATE EQUITY INSURANCE FUND SERIES INTERESTS OF THE SALI MULTI-SERIES FUND, LP",805-9666095370,"SALI FUND SERVICES","801-61702","Y"
1989668,"PINEBRIDGE GLOBAL EMERGING MARKETS CORPORATE BOND FUND",805-4488981496,"PINEBRIDGE INVESTMENTS EUROPE LIMITED","802-76432","Y"
1989668,"EURO GALAXY VII CLO DAC",805-5184263433,"PINEBRIDGE INVESTMENTS EUROPE LIMITED","802-76432","Y"
1983927,"SHARB INVESTORS LP",805-7340978547,"WATERFALL ASSET MANAGEMENT, LLC","801-65087","N"
1983927,"WATERFALL SENTINEL MASTER FUND I-B LP",805-4074331466,"WATERFALL ASSET MANAGEMENT, LLC","801-65087","N"
1983927,"WATERFALL EDEN MASTER FUND, LTD.",805-4120410215,"WATERFALL ASSET MANAGEMENT, LLC","801-65087","N"
1983927,"WSMF I AV LP",805-6228355123,"WATERFALL ASSET MANAGEMENT, LLC","801-65087","N"
1983927,"WSMF I ONPOINT INVESTOR LP",805-3573513049,"WATERFALL ASSET MANAGEMENT, LLC","801-65087","N"
1983927,"WATERFALL SENTINEL FUND I (CAYMAN I) LP",805-3717422901,"WATERFALL ASSET MANAGEMENT, LLC","801-65087","N"
1983927,"WATERFALL SENTINEL FUND I (UB), LP",805-4809685472,"WATERFALL ASSET MANAGEMENT, LLC","801-65087","N"
1983927,"WATERFALL SENTINEL FUND I LP",805-1524346633,"WATERFALL ASSET MANAGEMENT, LLC","801-65087","N"
1983927,"WATERFALL EDEN FUND, LP",805-4726667308,"WATERFALL ASSET MANAGEMENT, LLC","801-65087","N"
1977481,"NR 1 SP, A SEGREGATED PORTFOLIO OF NORTH ROCK SPC",805-5517156357,"LIGHTHOUSE INVESTMENT PARTNERS, LLC","801-64978","N"
1988647,"BOOTHBAY ABSOLUTE RETURN STRATEGIES, LP",805-5663558974,"BOOTHBAY FUND MANAGEMENT","801-80018","N"
1988731,"GUGGENHEIM BETA PLUS SOLUTION FUND SPC - SEGREGATED PORTFOLIO 3",805-7858128430,"GUGGENHEIM PARTNERS INVESTMENT MANAGEMENT, LLC","801-66786","N"
1988731,"GUGGENHEIM BETA PLUS SOLUTION FUND SPC - SEGREGATED PORTFOLIO 4",805-3030404413,"GUGGENHEIM PARTNERS INVESTMENT MANAGEMENT, LLC","801-66786","N"
1988731,"GUGGENHEIM BETA PLUS SOLUTION FUND SPC - SEGREGATED PORTFOLIO 1",805-4445677491,"GUGGENHEIM PARTNERS INVESTMENT MANAGEMENT, LLC","801-66786","N"
1988731,"GUGGENHEIM BETA PLUS SOLUTION FUND SPC - SEGREGATED PORTFOLIO 2",805-3023354480,"GUGGENHEIM PARTNERS INVESTMENT MANAGEMENT, LLC","801-66786","N"
1987426,"EAGLE HARBOR MULTI-STRATEGY MASTER FUND LIMITED (CAYMAN DOMICILED)",805-5201965961,"LIGHTHOUSE INVESTMENT PARTNERS, LLC","801-64978","N"
1988571,"SEQUOIA CAPITAL GLOBAL GROWTH FUND III- ENDURANCE PARTNERS PRINCIPAL FUND, L.P.",805-9622979065,"SEQUOIA CAPITAL OPERATIONS, LLC","801-122957","N"
1988571,"SEQUOIA CAPITAL GLOBAL GROWTH FUND III- ENDURANCE PARTNERS, L.P.",805-8573539182,"SEQUOIA CAPITAL OPERATIONS, LLC","801-122957","N"
1988571,"SEQUOIA CAPITAL GLOBAL GROWTH FUND III - U.S./INDIA ANNEX PRINCIPALS FUND, L.P.",805-8727052627,"SEQUOIA CAPITAL OPERATIONS, LLC","801-122957","N"
1988571,"SEQUOIA CAPITAL GLOBAL GROWTH FUND II, L.P.",805-8978498556,"SEQUOIA CAPITAL OPERATIONS, LLC","801-122957","N"
1988571,"SEQUOIA CAPITAL GLOBAL GROWTH FUND III - U.S./INDIA ANNEX FUND, L.P.",805-9991731136,"SEQUOIA CAPITAL OPERATIONS, LLC","801-122957","N"
1989285,"MAGNITUDE SPECIAL INVESTMENTS PORTFOLIO FUND, LTD.",805-4033875169,"MAGNITUDE CAPITAL, LLC","801-65284","N"
1989285,"TRADELINK MASTER FUND LP",805-1468769305,"TRADELINK CAPITAL LLC","801-74811","N"
1978280,"MADISON PARK FUNDING XL LTD",805-7900035743,"UBS ASSET MANAGEMENT (AMERICAS) LLC","801-34910","N"
1978280,"MADISON PARK FUNDING XIII LTD",805-5973708825,"UBS ASSET MANAGEMENT (AMERICAS) LLC","801-34910","N"
1978280,"MADISON PARK FUNDING XIV",805-8110608050,"UBS ASSET MANAGEMENT (AMERICAS) LLC","801-34910","N"
1978280,"MADISON PARK FUNDING XI LTD",805-6643537721,"UBS ASSET MANAGEMENT (AMERICAS) LLC","801-34910","N"
1978280,"MADISON PARK FUNDING XLI LTD",805-1572148613,"UBS ASSET MANAGEMENT (AMERICAS) LLC","801-34910","N"
1978280,"MADISON PARK FUNDING XIX LTD",805-6207524209,"UBS ASSET MANAGEMENT (AMERICAS) LLC","801-34910","N"
1978280,"MADISON PARK FUNDING XVII LTD",805-9655800381,"UBS ASSET MANAGEMENT (AMERICAS) LLC","801-34910","N"
1978280,"MADISON PARK FUNDING XX LLC",805-7766063054,"UBS ASSET MANAGEMENT (AMERICAS) LLC","801-34910","N"
1978280,"MADISON PARK FUNDING XXI LTD",805-7723162810,"UBS ASSET MANAGEMENT (AMERICAS) LLC","801-34910","N"
1978280,"MADISON PARK FUNDING XXII LTD",805-6620850276,"UBS ASSET MANAGEMENT (AMERICAS) LLC","801-34910","N"
1978280,"MADISON PARK FUNDING XXV LTD",805-8190369120,"UBS ASSET MANAGEMENT (AMERICAS) LLC","801-34910","N"
1978280,"MADISON PARK FUNDING XXVIII LTD",805-8607810891,"UBS ASSET MANAGEMENT (AMERICAS) LLC","801-34910","N"
1978280,"MADISON PARK FUNDING XXX LTD",805-6042769636,"UBS ASSET MANAGEMENT (AMERICAS) LLC","801-34910","N"
1978280,"MADISON PARK FUNDING XVIII LTD",805-7512789067,"UBS ASSET MANAGEMENT (AMERICAS) LLC","801-34910","N"
1978280,"MADISON PARK FUNDING L LTD",805-8438638822,"UBS ASSET MANAGEMENT (AMERICAS) LLC","801-34910","N"
1978280,"MADISON PARK FUNDING LI LTD",805-3961665771,"UBS ASSET MANAGEMENT (AMERICAS) LLC","801-34910","N"
1978280,"MADISON PARK FUNDING XLII LTD",805-3627495358,"UBS ASSET MANAGEMENT (AMERICAS) LLC","801-34910","N"
1978280,"MADISON PARK FUNDING XLIII LTD",805-3778074825,"UBS ASSET MANAGEMENT (AMERICAS) LLC","801-34910","N"
1978280,"MADISON PARK FUNDING XLVI LTD",805-4635949389,"UBS ASSET MANAGEMENT (AMERICAS) LLC","801-34910","N"
1978280,"MADISON PARK FUNDING XLVII LTD",805-8355878547,"UBS ASSET MANAGEMENT (AMERICAS) LLC","801-34910","N"
1978280,"MADISON PARK FUNDING XLVIII LTD",805-4558607383,"UBS ASSET MANAGEMENT (AMERICAS) LLC","801-34910","N"
1978280,"MADISON PARK FUNDING XXIII LTD",805-9365456445,"UBS ASSET MANAGEMENT (AMERICAS) LLC","801-34910","N"
1978280,"MADISON PARK FUNDING XXIX LTD",805-4494056098,"UBS ASSET MANAGEMENT (AMERICAS) LLC","801-34910","N"
1978280,"MADISON PARK FUNDING XXVI LTD",805-7290171581,"UBS ASSET MANAGEMENT (AMERICAS) LLC","801-34910","N"
1978280,"MADISON PARK FUNDING XXXV LTD",805-5293035845,"UBS ASSET MANAGEMENT (AMERICAS) LLC","801-34910","N"
1978280,"MADISON PARK FUNDING XXXVI LTD",805-1146869608,"UBS ASSET MANAGEMENT (AMERICAS) LLC","801-34910","N"
1978280,"MADISON PARK FUNDING XXXVII LTD",805-9486601335,"UBS ASSET MANAGEMENT (AMERICAS) LLC","801-34910","N"
1978280,"MADISON PARK FUNDING XXXVIII LTD",805-1711857427,"UBS ASSET MANAGEMENT (AMERICAS) LLC","801-34910","N"
1978280,"MADISON PARK FUNDING XXVII, LTD.",805-3154167504,"UBS ASSET MANAGEMENT (AMERICAS) LLC","801-34910","N"
1978280,"MADISON PARK FUNDING XLV, LTD.",805-7759904483,"UBS ASSET MANAGEMENT (AMERICAS) LLC","801-34910","N"
1978280,"MADISON PARK FUNDING XXXI, LTD.",805-2420830119,"UBS ASSET MANAGEMENT (AMERICAS) LLC","801-34910","N"
1978280,"MADISON PARK FUNDING XXXII, LTD.",805-6206547527,"UBS ASSET MANAGEMENT (AMERICAS) LLC","801-34910","N"
1978280,"MADISON PARK FUNDING XXXIII, LTD.",805-6430214378,"UBS ASSET MANAGEMENT (AMERICAS) LLC","801-34910","N"
1978280,"MADISON PARK FUNDING XXXIV, LTD.",805-1450729266,"UBS ASSET MANAGEMENT (AMERICAS) LLC","801-34910","N"
1978280,"MADISON PARK FUNDING XXIV, LTD.",805-6456766261,"UBS ASSET MANAGEMENT (AMERICAS) LLC","801-34910","N"
1978280,"MADISON PARK FUNDING XLIV, LTD.",805-3848662614,"UBS ASSET MANAGEMENT (AMERICAS) LLC","801-34910","N"
1978280,"MADISON PARK FUNDING LVIII, LTD.",805-7422128423,"UBS ASSET MANAGEMENT (AMERICAS) LLC","801-34910","Y"
1990202,"TS&W INTERNATIONAL SMALL CAP EQUITY FUND (DST)",805-5213833933,"JOHCM (USA) INC","801-78083","Y"
1990202,"TS&W INTERNATIONAL LARGE CAP EQUITY FUND (DST)",805-4632101076,"JOHCM (USA) INC","801-78083","Y"
1990202,"TS&W SMID CAP EQUITY FUND (DST)",805-7898005675,"JOHCM (USA) INC","801-78083","Y"
1989741,"2717 DAG",805-1846372899,"HARRIS PRESTON & PARTNERS, LLC","801-74433","N"
1989374,"VIC500 VANGUARD GLOBAL CREDIT BOND",805-8228800020,"VANGUARD INVESTMENTS CANADA INC.","802-107926","N"
1989374,"VIC600 VANGUARD GLOBAL EQUITY",805-7354267689,"VANGUARD INVESTMENTS CANADA INC.","802-107926","N"
1992130,"VLP048",805-2449142899,"PATHSTONE","801-70776","N"
1992197,"CHI-RHO MULTI-STRATEGY MASTER FUND, LTD.",805-5737104702,"CHI-RHO FINANCIAL, LLC","801-74211","N"
1992197,"BEMAP MASTER FUND LTD.",805-1733608039,"BLACKSTONE ALTERNATIVE ASSET MANAGEMENT L.P.","801-52559","N"
1992197,"BLACKSTONE CSP-MST FMAP FUND",805-2229939392,"BLACKSTONE ALTERNATIVE ASSET MANAGEMENT L.P.","801-52559","N"
1990438,"CRESTLINE SUMMIT MASTER, SPC - CRESTLINE SUMMIT APEX SP",805-4104479835,"CRESTLINE MANAGEMENT, L.P.","801-61607","N"
1990438,"CRESTLINE SUMMIT MASTER, SPC - PEAK SP",805-2961456286,"CRESTLINE MANAGEMENT, L.P.","801-61607","N"
1991864,"MULTI-ADVISOR FUNDS COVERED CALL EQUITY INCOME FUND",805-9224898111,"NORTHERN TRUST INVESTMENTS, INCORPORATED","801-33358","N"
1990604,"APAX VIII-B L.P.",805-8045917510,"APAX PARTNERS LLP","802-76186","N"
1986870,"SPEARHEAD INSURANCE SOLUTIONS IDF, LLC - SERIES SCL",805-1024872587,"SPEARHEAD ADMINISTRATIVE SERVICES, LLC","801-123610","N"
1988416,"BSOF MASTER FUND L.P.",805-4392380841,"BLACKSTONE ALTERNATIVE SOLUTIONS L.L.C.","801-72699","N"
1988416,"BSOF PARALLEL MOAT FUND L.P.",805-5220014769,"BLACKSTONE ALTERNATIVE SOLUTIONS L.L.C.","801-72699","N"
1988416,"BSOF PARALLEL MASTER FUND L.P.",805-9123739231,"BLACKSTONE ALTERNATIVE SOLUTIONS L.L.C.","801-72699","N"
1988416,"J.P. MORGAN OMNI SPC, LTD. FOR AND ON BEHALF OF  BIOV1 SEGREGATED PORTFOLIO",805-4414321282,"JPMORGAN ALTERNATIVE ASSET MANAGEMENT","801-38319","N"
1988416,"BSOF MASTER FUND II, L.P.",805-4516624030,"BLACKSTONE ALTERNATIVE SOLUTIONS L.L.C.","801-72699","N"
1990059,"JCRED IDF SERIES INTERESTS OF THE SALI MULTI-SERIES FUND XIII, LP",805-5763652232,"SALI FUND SERVICES","801-61702","N"
1991655,"CARDINAL ADVISOR SERIES - MULTI-MANAGER INTERNATIONAL EQUITY LP",805-7938242776,"ICAPITAL ADVISORS, LLC","801-106690","Y"
1988496,"WEST GRANITE HOMES",805-4429266493,"MAN GLOBAL PRIVATE MARKETS (UK) LIMITED","801-96221","N"
1990604,"APAX EUROPE VI-1 L.P.",805-4110382366,"APAX PARTNERS LLP","802-76186","N"
1990604,"APAX EUROPE VI-A L.P.",805-8848710876,"APAX PARTNERS LLP","802-76186","N"
1990604,"APAX EUROPE VII-1 L.P.",805-5336302266,"APAX PARTNERS LLP","802-76186","N"
1990604,"APAX EUROPE VII-A L.P.",805-6037980581,"APAX PARTNERS LLP","802-76186","N"
1990604,"APAX EUROPE VII-B L.P",805-4757500349,"APAX PARTNERS LLP","802-76186","N"
1990604,"APAX VIII-A L.P.",805-7489282636,"APAX PARTNERS LLP","802-76186","N"
1990604,"AMI OPPORTUNITIES - A L.P",805-3189335081,"APAX PARTNERS LLP","802-76186","N"
1990604,"APAX GLOBAL ALPHA, LTD",805-9068353589,"APAX PARTNERS LLP","802-76186","N"
1990604,"APAX IX EUR L.P.",805-8134654118,"APAX PARTNERS LLP","802-76186","N"
1990604,"APAX IX USD L.P.",805-8463470837,"APAX PARTNERS LLP","802-76186","N"
1990604,"APAX DIGITAL L.P.",805-1827409651,"APAX PARTNERS LLP","802-76186","N"
1990604,"APAX X EUR L.P.",805-8128138448,"APAX PARTNERS LLP","802-76186","N"
1990604,"APAX X USD LP",805-1370510574,"APAX PARTNERS LLP","802-76186","N"
1990604,"APAX DIGITAL II L.P.",805-9438045253,"APAX PARTNERS LLP","802-76186","N"
1990604,"APAX CREDIT OPPORTUNITIES SCSP",805-2187946416,"APAX PARTNERS LLP","802-76186","N"
1990604,"APAX GLOBAL IMPACT L.P.",805-4632419949,"APAX PARTNERS LLP","802-76186","N"
1990604,"APAX GLOBAL IMPACT SCSP",805-6183927688,"APAX PARTNERS LLP","802-76186","N"
1990604,"APAX XI USD LP",805-7865452900,"APAX PARTNERS LLP","802-76186","N"
1990604,"AMI OPPORTUNITIES II-A LP",805-9000636288,"APAX PARTNERS LLP","802-76186","N"
1990604,"APAX XI EUR L.P.",805-9996164155,"APAX PARTNERS LLP","802-76186","N"
1978605,"SOLUS OPPORTUNITIES IDF SERIES INTERESTS OF THE SALI MULTI-SERIES FUND, L.P.",805-1646593965,"SALI FUND SERVICES","801-61702","N"
1991950,"MILLBURN EQUITY PARTNERS LLC",805-9548182763,"MILLBURN RIDGEFIELD LLC","801-60938","N"
1991913,"GWL REAL ESTATE PLUS II L.P.",805-2362386300,"SAGARD REAL ESTATE ADVISORS","801-78724","N"
1991913,"GWL REAL ESTATE PLUS L.P.",805-9095316747,"SAGARD REAL ESTATE ADVISORS","801-78724","N"
1989763,"WILSHIRE BRIDGEWATER MANAGED ALPHA MASTER FUND LIMITED",805-9898224021,"WILSHIRE","801-36233","N"
1989763,"BW PRIVATE INVESTORS OFFSHORE, LTD",805-8704653306,"J.P. MORGAN PRIVATE INVESTMENTS INC.","801-41088","N"
1989763,"BW PRIVATE INVESTORS, LLC",805-1183905109,"J.P. MORGAN PRIVATE INVESTMENTS INC.","801-41088","N"
1989763,"LIWA CAPITAL HOLDING B, L.P.",805-2609446343,"LIWA CAPITAL ADVISORS LTD.","802-108690","N"
1989763,"LIWA CORE ASSOCIATES (U.S.), L.P.",805-6409763850,"LIWA CAPITAL ADVISORS LTD.","802-108690","N"
1989347,"ALCENTRA FUND S.C.A. SICAV-SIF - ALCENTRA GLOBAL MULTI-CREDIT SOLUTION",805-6719282531,"ALCENTRA LIMITED","801-74223","N"
1989347,"ALCENTRA STRATEGIC CREDIT FUND US FEEDER, LP",805-2645408146,"ALCENTRA LIMITED","801-74223","N"
1989347,"ALCENTRA STRATEGIC CREDIT FUND (HOLDING) SCSP",805-2180415044,"ALCENTRA LIMITED","801-74223","N"
1989347,"ALCENTRA FUND S.C.A. SICAV-SIF - ALCENTRA STRUCTURED CREDIT OPPORTUNITY FUND II",805-8377785288,"ALCENTRA LIMITED","801-74223","N"
1989347,"ALCENTRA STRUCTURED CREDIT OPPORTUNITY FUND II US FEEDER, LP",805-4262336988,"ALCENTRA LIMITED","801-74223","N"
1989347,"ALCENTRA EDL III AIV LP",805-5275368786,"ALCENTRA LIMITED","801-74223","N"
1989347,"ALCENTRA STRATEGIC CREDIT FUND II USD FEEDER, LP",805-8456960452,"ALCENTRA LIMITED","801-74223","N"
1993620,"LCG LAND DEVELOPMENT 2 INSURANCE DEDICATED FUND SERIES INTERESTS OF THE SALI MULTI-SERIES FUND XIII, L.P.",805-3194892958,"SALI FUND SERVICES","801-61702","N"
1985151,"VIDA INSURANCE FUND SERIES INTERESTS OF THE SALI MULTI-SERIES FUND IV, L.P.",805-5828743420,"SALI FUND SERVICES","801-61702","N"
1992262,"CAYMAN GLOBAL MACRO FUND LLC",805-3548207787,"DWS INVESTMENT MANAGEMENT AMERICAS, INC.","801-252","N"
1992273,"FIAM GLOBAL CREDIT EX-U.S. HEDGED FUND, LP",805-4029340684,"FIAM LLC","801-63658","N"
1992273,"FIAM GLOBAL FOUNDERS FUND LP",805-2802861464,"FIAM LLC","801-63658","N"
1989347,"ALCENTRA GLOBAL MULTI-CREDIT SOLUTION US FEEDER LP",805-5597583370,"ALCENTRA LIMITED","801-74223","N"
1986565,"CORBIN OPPORTUNITY FUND, L.P.",805-1470962946,"CORBIN CAPITAL PARTNERS, L.P.","801-63358","N"
1986565,"CORBIN ERISA OPPORTUNITY FUND, L.P.",805-6342800715,"CORBIN CAPITAL PARTNERS, L.P.","801-63358","N"
1986565,"CORBIN PRIVATE CREDIT MANAGER FUND, L.P.",805-9900290054,"CORBIN CAPITAL PARTNERS, L.P.","801-63358","N"
1986565,"CORBIN PRIVATE CREDIT MANAGER FUND II, L.P.",805-9908416758,"CORBIN CAPITAL PARTNERS, L.P.","801-63358","N"
1985151,"VIDA INSURANCE FUND II SERIES INTERESTS OF THE SALI MULTI-SERIES FUND, LP",805-8960270643,"SALI FUND SERVICES","801-61702","N"
1986819,"SIT OPPORTUNITY BOND FUND, LLC",805-8960208259,"SIT FIXED INCOME ADVISORS II, LLC","801-55201","N"
1986819,"SIT MINNESOTA MUNICIPAL BOND FUND, LLC",805-8609888279,"SIT FIXED INCOME ADVISORS II, LLC","801-55201","N"
1986819,"SIT MUNICIPAL OPPORTUNITY BOND FUND, LLC",805-6295981261,"SIT FIXED INCOME ADVISORS II, LLC","801-55201","N"
1986819,"SIT SHORT DURATION GOVERNMENT FUND, LLC",805-3095801302,"SIT FIXED INCOME ADVISORS II, LLC","801-55201","N"
1986819,"SIT BOND PORTFOLIO, L.P.",805-9368077459,"SIT FIXED INCOME ADVISORS II, LLC","801-55201","N"
1986819,"SIT ALPHA II BOND FUND, LTD.",805-7134336097,"SIT FIXED INCOME ADVISORS II, LLC","801-55201","N"
1986819,"SIT ALPHA III BOND FUND, LTD.",805-8571131232,"SIT FIXED INCOME ADVISORS II, LLC","801-55201","N"
1986819,"SIT CUSTOM ALPHA FUND, L.P. - SERIES A",805-7129740805,"SIT FIXED INCOME ADVISORS II, LLC","801-55201","N"
1986819,"SIT CUSTOM ALPHA FUND, L.P. - SERIES B",805-1534712963,"SIT FIXED INCOME ADVISORS II, LLC","801-55201","N"
1986819,"SIT CUSTOM ALPHA FUND, L.P. - SERIES C",805-2069121287,"SIT FIXED INCOME ADVISORS II, LLC","801-55201","N"
1986819,"SIT CUSTOM ALPHA FUND, L.P. - SERIES E",805-9748423239,"SIT FIXED INCOME ADVISORS II, LLC","801-55201","N"
1986819,"SIT CUSTOM ALPHA FUND, L.P. - SERIES F",805-5457692188,"SIT FIXED INCOME ADVISORS II, LLC","801-55201","N"
1986819,"SIT CUSTOM ALPHA FUND, L.P. - SERIES G",805-1229031079,"SIT FIXED INCOME ADVISORS II, LLC","801-55201","N"
1986819,"SIT OFFSHORE CUSTOM ALPHA FUND SPC - SEGREGATED PORTFOLIO A",805-1732856697,"SIT FIXED INCOME ADVISORS II, LLC","801-55201","N"
1986819,"SIT OFFSHORE CUSTOM ALPHA FUND SPC - SEGREGATED PORTFOLIO B",805-7217197386,"SIT FIXED INCOME ADVISORS II, LLC","801-55201","N"
1986819,"SIT TARGETED OPPORTUNITY FUND, LLC",805-6482167390,"SIT FIXED INCOME ADVISORS II, LLC","801-55201","N"
1986819,"SIT TOTAL RETURN BOND FUND, LLC",805-6180456969,"SIT FIXED INCOME ADVISORS II, LLC","801-55201","N"
1986819,"SIT HIGH INCOME RETURN PLUS FUND, LLC",805-7990073159,"SIT FIXED INCOME ADVISORS II, LLC","801-55201","N"
1986819,"SIT OFFSHORE CUSTOM ALPHA FUND SPC - SEGREGATED PORTFOLIO C",805-7557258379,"SIT FIXED INCOME ADVISORS II, LLC","801-55201","N"
1986819,"SIT CUSTOM ALPHA FUND, L.P. - SERIES H",805-7175024776,"SIT FIXED INCOME ADVISORS II, LLC","801-55201","N"
1986895,"SIT OPPORTUNITY BOND FUND, LLC",805-8960208259,"SIT FIXED INCOME ADVISORS II, LLC","801-55201","N"
1986895,"SIT MINNESOTA MUNICIPAL BOND FUND, LLC",805-8609888279,"SIT FIXED INCOME ADVISORS II, LLC","801-55201","N"
1986895,"SIT MUNICIPAL OPPORTUNITY BOND FUND, LLC",805-6295981261,"SIT FIXED INCOME ADVISORS II, LLC","801-55201","N"
1986895,"SIT SHORT DURATION GOVERNMENT FUND, LLC",805-3095801302,"SIT FIXED INCOME ADVISORS II, LLC","801-55201","N"
1986895,"SIT BOND PORTFOLIO, L.P.",805-9368077459,"SIT FIXED INCOME ADVISORS II, LLC","801-55201","N"
1986895,"SIT ALPHA II BOND FUND, LTD.",805-7134336097,"SIT FIXED INCOME ADVISORS II, LLC","801-55201","N"
1986895,"SIT ALPHA III BOND FUND, LTD.",805-8571131232,"SIT FIXED INCOME ADVISORS II, LLC","801-55201","N"
1986895,"SIT CUSTOM ALPHA FUND, L.P. - SERIES A",805-7129740805,"SIT FIXED INCOME ADVISORS II, LLC","801-55201","N"
1986895,"SIT CUSTOM ALPHA FUND, L.P. - SERIES B",805-1534712963,"SIT FIXED INCOME ADVISORS II, LLC","801-55201","N"
1986895,"SIT CUSTOM ALPHA FUND, L.P. - SERIES C",805-2069121287,"SIT FIXED INCOME ADVISORS II, LLC","801-55201","N"
1986895,"SIT CUSTOM ALPHA FUND, L.P. - SERIES E",805-9748423239,"SIT FIXED INCOME ADVISORS II, LLC","801-55201","N"
1986895,"SIT CUSTOM ALPHA FUND, L.P. - SERIES F",805-5457692188,"SIT FIXED INCOME ADVISORS II, LLC","801-55201","N"
1986895,"SIT CUSTOM ALPHA FUND, L.P. - SERIES G",805-1229031079,"SIT FIXED INCOME ADVISORS II, LLC","801-55201","N"
1986895,"SIT OFFSHORE CUSTOM ALPHA FUND SPC - SEGREGATED PORTFOLIO A",805-1732856697,"SIT FIXED INCOME ADVISORS II, LLC","801-55201","N"
1986895,"SIT OFFSHORE CUSTOM ALPHA FUND SPC - SEGREGATED PORTFOLIO B",805-7217197386,"SIT FIXED INCOME ADVISORS II, LLC","801-55201","N"
1986895,"SIT TARGETED OPPORTUNITY FUND, LLC",805-6482167390,"SIT FIXED INCOME ADVISORS II, LLC","801-55201","N"
1986895,"SIT TOTAL RETURN BOND FUND, LLC",805-6180456969,"SIT FIXED INCOME ADVISORS II, LLC","801-55201","N"
1986895,"SIT HIGH INCOME RETURN PLUS FUND, LLC",805-7990073159,"SIT FIXED INCOME ADVISORS II, LLC","801-55201","N"
1986895,"SIT OFFSHORE CUSTOM ALPHA FUND SPC - SEGREGATED PORTFOLIO C",805-7557258379,"SIT FIXED INCOME ADVISORS II, LLC","801-55201","N"
1986895,"SIT CUSTOM ALPHA FUND, L.P. - SERIES H",805-7175024776,"SIT FIXED INCOME ADVISORS II, LLC","801-55201","N"
1989819,"CAYMAN GLOBAL MACRO FUND LLC",805-3548207787,"DWS INVESTMENT MANAGEMENT AMERICAS, INC.","801-252","N"
1992536,"MERCER ACTIVE LONG CORPORATE FIXED INCOME PORTFOLIO",805-7826615139,"MERCER INVESTMENTS LLC","801-63730","N"
1992536,"COMMONFUND INSTITUTIONAL HIGH QUALITY BOND FUND, LLC",805-6291813905,"COMMONFUND OCIO, INC.","801-56548","N"
1992536,"COMMONFUND CREDIT OPPORTUNITIES COMPANY",805-9720258091,"COMMONFUND OCIO, INC.","801-56548","N"
1992536,"THE ETAP MASTER FUND, LTD.",805-7790275159,"GRESHAM INVESTMENT MANAGEMENT LLC","801-64039","N"
1992536,"THE A+ MASTER FUND, LTD.",805-7308386198,"GRESHAM INVESTMENT MANAGEMENT LLC","801-64039","N"
1992536,"MERCER DIOCESE OF BROOKLYN RISK REDUCTION STRATEGY",805-5661364514,"MERCER INVESTMENTS LLC","801-63730","N"
1989434,"RLP FUND, LP",805-5209709759,"APOGEM CAPITAL LLC","801-118844","N"
1989434,"RLP CO-INVESTMENT FUND, LP",805-8356474669,"APOGEM CAPITAL LLC","801-118844","N"
1989434,"RLP FUND II, LP",805-5661981893,"APOGEM CAPITAL LLC","801-118844","N"
1988641,"BOOTHBAY ABSOLUTE RETURN STRATEGIES, LP",805-5663558974,"BOOTHBAY FUND MANAGEMENT","801-80018","N"
1988641,"MOLECULE MASTER, LP",805-9090725513,"PAAMCO PRISMA, LLC","801-57416","N"
1988094,"BLUEBAY GLOBAL SECURITISED CREDIT OPPORTUNITIES FUND",805-9967618124,"RBC GLOBAL ASSET MANAGEMENT (UK) LIMITED","801-78436","Y"
1987199,"PRELUDE OPPORTUNITY FUND, LP",805-1637413029,"PRELUDE CAPITAL MANAGEMENT, LLC","801-73598","N"
1987199,"TOPWATER MAYFLY FUND LLC",805-7418791443,"LEUCADIA ASSET MANAGEMENT LLC","801-61698","N"
1987536,"SALI MULTISERIES FUND, L.P.",805-9473799224,"SALI FUND SERVICES","801-61702","N"
1987555,"ABS DIRECT EQUITY FUND LLC - CANADA SERIES 1",805-7086826854,"ABS GLOBAL INVESTMENTS","801-62188","N"
1987584,"NEW HOLLAND TACTICAL ALPHA FUND LP",805-4079867382,"NEW HOLLAND CAPITAL, LLC","801-74244","N"
1988094,"BLUEBAY EVENT DRIVEN CREDIT (MASTER) FUND LIMITED",805-6961344543,"RBC GLOBAL ASSET MANAGEMENT (UK) LIMITED","801-78436","Y"
1988094,"BLUEBAY GLOBAL CREDIT ALPHA LONG SHORT (MASTER) FUND LIMITED",805-1474191511,"RBC GLOBAL ASSET MANAGEMENT (UK) LIMITED","801-78436","Y"
1975494,"PALOMA INTERNATIONAL L.P.",805-5315493818,"PALOMA PARTNERS MANAGEMENT COMPANY","801-72796","N"
1989912,"SONA CREDIT MASTER FUND LIMITED",805-6673954331,"SONA ASSET MANAGEMENT (US) LLC","801-112410","N"
1989912,"COMPASS SAV LLC",805-3009451271,"MIO PARTNERS, INC.","801-41495","N"
1989912,"PINEHURST PARTNERS, L.P.",805-8233367459,"CORBIN CAPITAL PARTNERS, L.P.","801-63358","N"
1989912,"CORE ALTERNATIVE STRATEGIES FUND, L.P.",805-8209378004,"CORBIN CAPITAL PARTNERS, L.P.","801-63358","N"
1989912,"BSOF PARALLEL MASTER FUND L.P.",805-9123739231,"BLACKSTONE ALTERNATIVE SOLUTIONS L.L.C.","801-72699","N"
1989912,"CORBIN OPPORTUNITY FUND, L.P.",805-1470962946,"CORBIN CAPITAL PARTNERS, L.P.","801-63358","N"
1990182,"PLEIADES SMALL CAP EQUITY FUND",805-1186792519,"CALLAN","801-9219","N"
1988317,"MILLBURN EQUITY PARTNERS LLC",805-9548182763,"MILLBURN RIDGEFIELD LLC","801-60938","N"
1988317,"MAP 204, A SEGREGATED PORTFOLIO OF LMA SPC",805-1719652299,"LIGHTHOUSE INVESTMENT PARTNERS, LLC","801-64978","N"
1988317,"NEUBERGER BERMAN LOAN ADVISERS CLO 24, LTD",805-7167836801,"NEUBERGER BERMAN LOAN ADVISERS LLC","801-108750","N"
1988317,"NEUBERGER BERMAN LOAN ADVISERS CLO 25, LTD",805-4011003530,"NEUBERGER BERMAN LOAN ADVISERS LLC","801-108750","N"
1988317,"NEUBERGER BERMAN LOAN ADVISERS CLO 26, LTD",805-4847397866,"NEUBERGER BERMAN LOAN ADVISERS LLC","801-108750","N"
1988317,"NEUBERGER BERMAN LOAN ADVISERS CLO 27, LTD",805-4016088975,"NEUBERGER BERMAN LOAN ADVISERS LLC","801-108750","N"
1988317,"NEUBERGER BERMAN LOAN ADVISERS CLO 28, LTD",805-1693872846,"NEUBERGER BERMAN LOAN ADVISERS LLC","801-108750","N"
1988317,"NEUBERGER BERMAN LOAN ADVISERS CLO 29, LTD",805-1358314485,"NEUBERGER BERMAN LOAN ADVISERS LLC","801-108750","N"
1988317,"NEUBERGER BERMAN LOAN ADVISERS CLO 30, LTD",805-6346281267,"NEUBERGER BERMAN LOAN ADVISERS LLC","801-108750","N"
1988317,"NEUBERGER BERMAN LOAN ADVISERS CLO 32, LTD",805-5099181614,"NEUBERGER BERMAN LOAN ADVISERS LLC","801-108750","N"
1988317,"NEUBERGER BERMAN LOAN ADVISERS CLO 36, LTD",805-5765012075,"NEUBERGER BERMAN LOAN ADVISERS LLC","801-108750","N"
1988317,"NEUBERGER BERMAN LOAN ADVISERS CLO 35, LTD",805-9700462963,"NEUBERGER BERMAN LOAN ADVISERS LLC","801-108750","N"
1988317,"NEUBERGER BERMAN LOAN ADVISERS CLO 34, LTD",805-5657826635,"NEUBERGER BERMAN LOAN ADVISERS LLC","801-108750","N"
1988317,"NEUBERGER BERMAN LOAN ADVISERS CLO 33, LTD",805-6285539103,"NEUBERGER BERMAN LOAN ADVISERS LLC","801-108750","N"
1988317,"NEUBERGER BERMAN LOAN ADVISERS CLO 31, LTD",805-8832884742,"NEUBERGER BERMAN LOAN ADVISERS LLC","801-108750","N"
1988317,"NEUBERGER BERMAN LOAN ADVISERS CLO 37, LTD",805-2607895152,"NEUBERGER BERMAN LOAN ADVISERS II LLC","801-118438","N"
1988317,"NEUBERGER BERMAN LOAN ADVISERS CLO 38, LTD",805-3365427219,"NEUBERGER BERMAN LOAN ADVISERS II LLC","801-118438","N"
1988317,"NEUBERGER BERMAN LOAN ADVISERS CLO 39, LTD",805-1664018905,"NEUBERGER BERMAN LOAN ADVISERS II LLC","801-118438","N"
1988317,"NEUBERGER BERMAN LOAN ADVISERS CLO 40, LTD",805-3934169776,"NEUBERGER BERMAN LOAN ADVISERS II LLC","801-118438","N"
1988317,"NEUBERGER BERMAN LOAN ADVISERS EURO CLO 1 DAC",805-6714314250,"NEUBERGER BERMAN EUROPE LIMITED","801-78140","N"
1988317,"NEUBERGER BERMAN LOAN ADVISERS III LIMITED",805-4535296598,"NEUBERGER BERMAN EUROPE LIMITED","801-78140","Y"
1988317,"INVITATIONAL PARTNERS FUND LP",805-8364563404,"ASSET MANAGEMENT CONSULTING SERVICES, INC.","801-62460","N"
1988317,"INVITATIONAL PARTNERS RETIREMENT FUND LP",805-7761434318,"ASSET MANAGEMENT CONSULTING SERVICES, INC.","801-62460","N"
1988317,"INVITATIONAL INVESTORS FUND LP",805-5537644029,"ASSET MANAGEMENT CONSULTING SERVICES, INC.","801-62460","N"
1988317,"INVITATIONAL INVESTORS RETIREMENT FUND LP",805-8500677004,"ASSET MANAGEMENT CONSULTING SERVICES, INC.","801-62460","N"
1988317,"INVITATIONAL OPPORTUNITY FUND LLC",805-4676597640,"ASSET MANAGEMENT CONSULTING SERVICES, INC.","801-62460","N"
1988317,"NEUBERGER BERMAN LOAN ADVISERS CLO 41, LTD",805-6520419291,"NEUBERGER BERMAN LOAN ADVISERS II LLC","801-118438","N"
1988317,"NEUBERGER BERMAN LOAN ADVISERS CLO 42, LTD",805-5384058949,"NEUBERGER BERMAN LOAN ADVISERS II LLC","801-118438","N"
1988317,"NEUBERGER BERMAN LOAN ADVISERS CLO 43, LTD",805-1564496134,"NEUBERGER BERMAN LOAN ADVISERS II LLC","801-118438","N"
1988317,"NEUBERGER BERMAN LOAN ADVISERS CLO 44, LTD",805-5519437830,"NEUBERGER BERMAN LOAN ADVISERS II LLC","801-118438","N"
1988317,"NEUBERGER BERMAN LOAN ADVISERS CLO 45, LTD",805-7740236730,"NEUBERGER BERMAN LOAN ADVISERS II LLC","801-118438","N"
1988317,"NEUBERGER BERMAN LOAN ADVISERS CLO 46, LTD",805-5397762663,"NEUBERGER BERMAN LOAN ADVISERS II LLC","801-118438","N"
1988317,"NEUBERGER BERMAN LOAN ADVISERS CLO 47, LTD",805-2860681456,"NEUBERGER BERMAN LOAN ADVISERS II LLC","801-118438","N"
1988317,"NEUBERGER BERMAN LOAN ADVISERS EURO CLO 2 DAC",805-5169597861,"NEUBERGER BERMAN EUROPE LIMITED","801-78140","N"
1988317,"NEUBERGER BERMAN LOAN ADVISERS EURO CLO 3 DAC",805-9195689828,"NEUBERGER BERMAN EUROPE LIMITED","801-78140","N"
1988317,"NEUBERGER BERMAN LOAN ADVISERS EURO CLO 5 DAC",805-6737091067,"NEUBERGER BERMAN EUROPE LIMITED","801-78140","N"
1988317,"NEUBERGER BERMAN LOAN ADVISERS CLO 48, LTD",805-8788330475,"NEUBERGER BERMAN LOAN ADVISERS II LLC","801-118438","N"
1988317,"NEUBERGER BERMAN LOAN ADVISERS CLO 49, LTD",805-3007808897,"NEUBERGER BERMAN LOAN ADVISERS II LLC","801-118438","N"
1988317,"NEUBERGER BERMAN LOAN ADVISERS NBLA CLO 50, LTD",805-4813914841,"NEUBERGER BERMAN LOAN ADVISERS II LLC","801-118438","N"
1988317,"NEUBERGER BERMAN LOAN ADVISERS CLO 51, LTD",805-2778893837,"NEUBERGER BERMAN LOAN ADVISERS II LLC","801-118438","N"
1988317,"NEUBERGER BERMAN LOAN ADVISERS NBLA CLO 52, LTD",805-4571404500,"NEUBERGER BERMAN LOAN ADVISERS II LLC","801-118438","N"
1988317,"NEUBERGER BERMAN LOAN ADVISERS CLO 53, LTD",805-6821169172,"NEUBERGER BERMAN LOAN ADVISERS II LLC","801-118438","N"
1988317,"NEUBERGER BERMAN LOAN ADVISERS LASALLE STREET LENDING CLO I, LTD",805-6842312548,"NEUBERGER BERMAN LOAN ADVISERS II LLC","801-118438","N"
1988317,"NEUBERGER BERMAN LOAN ADVISERS EURO CLO 6 DAC",805-2619062983,"NEUBERGER BERMAN EUROPE LIMITED","801-78140","N"
1988317,"NEUBERGER BERMAN LOAN ADVISERS CLO 54, LTD",805-4230718259,"NEUBERGER BERMAN LOAN ADVISERS IV LLC","801-127324","N"
1988317,"NEUBERGER BERMAN LOAN ADVISERS CLO 55, LTD",805-5300866940,"NEUBERGER BERMAN LOAN ADVISERS IV LLC","801-127324","N"
1988317,"NEUBERGER BERMAN LOAN ADVISERS CLO 56, LTD",805-8658869151,"NEUBERGER BERMAN LOAN ADVISERS IV LLC","801-127324","N"
1988317,"NEUBERGER BERMAN LOAN ADVISERS CLO 57, LTD",805-2809850268,"NEUBERGER BERMAN LOAN ADVISERS IV LLC","801-127324","N"
1988317,"NEUBERGER BERMAN LOAN ADVISERS CLO 58, LTD",805-3649038824,"NEUBERGER BERMAN LOAN ADVISERS IV LLC","801-127324","N"
1988317,"NEUBERGER BERMAN LOAN ADVISERS CLO 59, LTD",805-8796762872,"NEUBERGER BERMAN LOAN ADVISERS IV LLC","801-127324","N"
1988317,"NEUBERGER BERMAN LOAN ADVISERS LASALLE STREET LENDING CLO II, LTD",805-2537971302,"NEUBERGER BERMAN LOAN ADVISERS IV LLC","801-127324","N"
1988317,"NEUBERGER BERMAN LOAN ADVISERS EURO CLO 7 DAC",805-4361549490,"NEUBERGER BERMAN EUROPE LIMITED","801-78140","N"
1994258,"BLACKSTONE PRIVATE EQUITY STRATEGIES FUND LP",805-7589494806,"BLACKSTONE PRIVATE INVESTMENTS ADVISORS L.L.C.","801-122976","N"
1993749,"MARSHALL WACE INVESTMENT STRATEGIES - EUREKA FUND",805-3462245198,"MARSHALL WACE LLP","802-76358","N"
1993749,"MARSHALL WACE MASTER FUNDS SPC - SP ALPHA PLUS FUND",805-4479025343,"MARSHALL WACE LLP","802-76358","N"
1988893,"GP LOW VOLATILITY HEDGED STRATEGIES, LP",805-2491022731,"GRESHAM PARTNERS, LLC","801-54906","N"
1988893,"GP OPPORTUNISTIC GROWTH STRATEGIES, L.P.",805-9802488650,"GRESHAM PARTNERS, LLC","801-54906","N"
1988893,"GP EMERGING MARKET STRATEGIES, L.P.",805-6710057398,"GRESHAM PARTNERS, LLC","801-54906","N"
1988893,"GP GLOBAL EQUITY STRATEGIES, L.P.",805-7990786623,"GRESHAM PARTNERS, LLC","801-54906","N"
1994244,"BLACKSTONE DIVERSIFIED ALTERNATIVES ISSUER L.L.C.",805-7808929696,"BLACKSTONE ISG-II ADVISORS L.L.C.","801-111695","N"
1994244,"BLACKSTONE HARRINGTON PARTNERS L.P.",805-8325055688,"BLACKSTONE ISG-II ADVISORS L.L.C.","801-111695","N"
1994329,"A-AUV-18-FUND A SERIES OF AX-MIEIES-FUNDS, LLC",805-8865790812,"ANGELLIST ADVISORS","802-78135","N"
1994329,"A-OIX-11-PR-FUND A SERIES OF AX-MIEIES-FUNDS, LLC",805-6322764538,"ANGELLIST ADVISORS","802-78135","N"
1994329,"A-OIX-11-FUND, A SERIES OF AX-MIEIES-FUNDS, LLC",805-9658183604,"ANGELLIST ADVISORS","802-78135","N"
1978563,"CORBIN PRIVATE CREDIT MANAGER FUND II, L.P.",805-9908416758,"CORBIN CAPITAL PARTNERS, L.P.","801-63358","N"
1992860,"BLACKSTONE PRIVATE EQUITY STRATEGIES FUND LP",805-7589494806,"BLACKSTONE PRIVATE INVESTMENTS ADVISORS L.L.C.","801-122976","N"
1987042,"CORBIN ERISA OPPORTUNITY FUND, LTD",805-6342800715,"CORBIN CAPITAL PARTNERS, L.P.","801-63358","N"
1987042,"CORBIN OPPORTUNITY FUND, L.P.",805-1470962946,"CORBIN CAPITAL PARTNERS, L.P.","801-63358","N"
1987175,"CORBIN ERISA OPPORTUNITY FUND, LTD",805-6342800715,"CORBIN CAPITAL PARTNERS, L.P.","801-63358","N"
1987175,"CORBIN OPPORTUNITY FUND, L.P.",805-1470962946,"CORBIN CAPITAL PARTNERS, L.P.","801-63358","N"
1986009,"BEMAP MASTER FUND LTD.",805-1733608039,"BLACKSTONE ALTERNATIVE ASSET MANAGEMENT L.P.","801-52559","N"
1986009,"BLACKSTONE CSP-MST FMAP FUND",805-2229939392,"BLACKSTONE ALTERNATIVE ASSET MANAGEMENT L.P.","801-52559","N"
1994329,"MIERTALK II-01 LLC",805-7736044949,"STRAWBERRY TREE MANAGEMENT COMPANY","801-129822","N"
1994329,"MIERTALK II-02, A SERIES OF SAX CAPITAL SERIES FUND III, LP",805-3903932503,"STRAWBERRY TREE MANAGEMENT COMPANY","801-129822","N"
1990071,"PEPPERTREE CAPITAL INSURANCE FUND SERIES INTERESTS OF THE SALI MULTI-SERIES FUND, L.P.",805-1844017349,"SALI FUND SERVICES","801-61702","N"
1978563,"CORBIN PRIVATE CREDIT OPPORTUNITY FUND II, L.P.",805-9166652829,"CORBIN CAPITAL PARTNERS, L.P.","801-63358","N"
1978563,"CORBIN ERISA OPPORTUNITY FUND, L.P.",805-6342800715,"CORBIN CAPITAL PARTNERS, L.P.","801-63358","N"
1978563,"CORBIN OPPORTUNITY FUND, L.P.",805-1470962946,"CORBIN CAPITAL PARTNERS, L.P.","801-63358","N"
1987193,"CHG-NONAME CAPITAL LLC",805-4772798269,"CYPRESS WEALTH MANAGEMENT","801-128859","N"
1987193,"CHG-MSTK LLC",805-7504977521,"CYPRESS WEALTH MANAGEMENT","801-128859","N"
1988543,"EMERGING MARKETS EX-CHINA EQUITY FUND, A SERIES OF THE ABRDN INSTITUTIONAL COMMINGLED FUNDS, LLC",805-8488418835,"ABRDN INC.","801-49966","N"
1988543,"EMERGING MARKETS BOND FUND, A SERIES OF ABRDN INSTITUTIONAL COMMINGLED FUNDS, LLC",805-1194366500,"ABRDN INC.","801-49966","N"
1988543,"EMERGING MARKETS DEBT LOCAL AND HARD CURRENCY FUND, A SERIES OF ABRDN INSTITUTIONAL COMMINGLED FUNDS, LLC",805-6419123773,"ABRDN INC.","801-49966","N"
1988543,"EMERGING MARKETS EQUITY FUND, A SERIES OF ABRDN INSTITUTIONAL COMMINGLED FUNDS, LLC",805-5981061768,"ABRDN INC.","801-49966","N"
1988543,"EMERGING MARKETS SMALLER COMPANIES FUND, A SERIES OF ABRDN INSTITUTIONAL COMMINGLED FUNDS, LLC",805-1105580182,"ABRDN INC.","801-49966","N"
1988060,"PFX2",805-4175342807,"FORTRESS INVESTMENT GROUP","801-62982","N"
1988060,"WALLEYE OPPORTUNITIES MASTER FUND LTD",805-3011135543,"WALLEYE CAPITAL LLC","801-113731","N"
1988060,"CORBIN HEDGED EQUITY FUND, L.P.",805-4142684909,"CORBIN CAPITAL PARTNERS, L.P.","801-63358","N"
1988060,"MOLECULE MASTER FUND LP",805-9090725513,"PAAMCO PRISMA, LLC","801-57416","N"
1988060,"PFX1",805-3260454041,"GCM GROSVENOR L.P.","801-54965","N"
1988060,"CAL INTERNATIONAL INVESTMENTS LTD. - SEGREGATED ACCOUNT 30 - NISHKAMA",805-7900181551,"STEVENS CAPITAL MANAGEMENT LP","801-73599","N"
1988060,"MAP 290 SEGREGATED PORTFOLIO, A SEGREGATED PORTFOLIO OF LMA SPC",805-7912622918,"LIGHTHOUSE INVESTMENT PARTNERS, LLC","801-64978","N"
1986127,"K2 LOGICA TAIL RISK LIQUID MASTER FUND LTD.",805-2090709523,"K2/D&S MANAGEMENT CO., L.L.C.","801-61852","N"
1986545,"RECP III CO-INVESTORS A, L.P.",805-7493851477,"UBS ASSET MANAGEMENT (AMERICAS) LLC","801-34910","N"
1986545,"RECP IV CO-INVESTORS-A, L.P.",805-2865307531,"UBS ASSET MANAGEMENT (AMERICAS) LLC","801-34910","N"
1988328,"BLUEBAY EVENT DRIVEN CREDIT (MASTER) FUND LIMITED",805-6961344543,"RBC GLOBAL ASSET MANAGEMENT (UK) LIMITED","801-78436","Y"
1988328,"BLUEBAY GLOBAL CREDIT ALPHA LONG SHORT (MASTER) FUND LIMITED",805-1474191511,"RBC GLOBAL ASSET MANAGEMENT (UK) LIMITED","801-78436","Y"
1988328,"BLUEBAY GLOBAL SECURITISED CREDIT OPPORTUNITIES FUND",805-9967618124,"RBC GLOBAL ASSET MANAGEMENT (UK) LIMITED","801-78436","Y"
1988632,"SAROFIM MULTIFAMILY INCOME FUND LP",805-8370295433,"SAROFIM REALTY ADVISORS LLC","801-44655","N"
1988632,"SAROFIM/WOOD PARTNERS DEVELOPMENT FUND LP",805-5280794996,"SAROFIM REALTY ADVISORS LLC","801-44655","N"
1983700,"NINE MASTS INVESTMENT FUND",805-4683618296,"NINE MASTS CAPITAL LIMITED","802-75667","N"
1989614,"BLUEWATER INVESTMENT HOLDINGS, LLC",805-4214604537,"APOLLO CAPITAL MANAGEMENT, L.P.","801-67592","N"
1976630,"CMAP SRPM FUND LIMITED",805-1891376808,"WILSHIRE","801-36233","N"
1976630,"MAN FUNDS XII SPC",805-4408237133,"MAN SOLUTIONS LLC","801-72402","N"
1976630,"MAN STRATEGIES 1783",805-8345656269,"MAN SOLUTIONS LLC","801-72402","N"
1982840,"GUGGENHEIM ALPHA SEGREGATED PORTFOLIO - WILSHIRE INSTITUTIONAL MASTER FUND SPC",805-2305664067,"WILSHIRE","801-36233","Y"
1982840,"GWL REAL ESTATE PLUS II L.P.",805-2362386300,"SAGARD REAL ESTATE ADVISORS","801-78724","N"
1982840,"GWL REAL ESTATE PLUS L.P.",805-9095316747,"SAGARD REAL ESTATE ADVISORS","801-78724","N"
1989579,"X2 OPPORTUNISTIC DEBT FUND LLC",805-3046895990,"PLUSCIOS MANAGEMENT LLC","801-69256","N"
1993372,"CMWA MICRO CAP FUND LLC",805-1669333309,"CM WEALTH ADVISORS LLC","801-62376","N"
1977642,"NB DIRECT ACCESS FUND LP",805-6707473856,"NB ALTERNATIVES ADVISERS LLC","801-70009","N"
1977642,"PRELUDE OPPORTUNITY FUND, LP",805-1637413029,"PRELUDE CAPITAL MANAGEMENT, LLC","801-73598","N"
1977642,"NB DIRECT ACCESS FUND II LP",805-3776887130,"NB ALTERNATIVES ADVISERS LLC","801-70009","N"
1992746,"K2 LAZARD LIQUID CONVERTIBLES PLUS MASTER FUND LTD",805-3056277892,"K2/D&S MANAGEMENT CO., L.L.C.","801-61852","N"
1983675,"ABS DIRECT EQUITY FUND LLC, ASIA SERIES 8",805-4647436058,"ABS GLOBAL INVESTMENTS","801-62188","N"
1987463,"CORBIN OPPORTUNITY FUND, LP",805-1470962946,"CORBIN CAPITAL PARTNERS, L.P.","801-63358","N"
1987463,"CORBIN ERISA OPPORTUNITY FUND, LP",805-6342800715,"CORBIN CAPITAL PARTNERS, L.P.","801-63358","N"
1986909,"SIT CAPITAL FUND LIMITED PARTNERSHIP",805-4173881805,"SIT INVESTMENT ASSOCIATES, INC","801-16350","N"
1986909,"SIT LARGE CAP FUND, LLC",805-2548220717,"SIT INVESTMENT ASSOCIATES, INC","801-16350","N"
1986909,"SIT SMALL CAP FUND, LLC",805-5954202595,"SIT INVESTMENT ASSOCIATES, INC","801-16350","N"
1986909,"SIT SMALL CAP FUND II, LLC",805-7461820240,"SIT INVESTMENT ASSOCIATES, INC","801-16350","N"
1986909,"SIT GLOBAL FUND, LLC",805-2366164497,"SIT INVESTMENT ASSOCIATES, INC","801-16350","N"
1986909,"SIT PACIFIC BASIN FUND, LLC",805-1242008402,"SIT INVESTMENT ASSOCIATES, INC","801-16350","N"
1990506,"DEUTSCHE REAL ASSETS FUND: CAYMAN REAL ASSETS FUND, LTD",805-3785921345,"DWS INVESTMENT MANAGEMENT AMERICAS, INC.","801-252","N"
1990506,"DB REAL ESTATE GLOBAL OPPORTUNITIES IB, LP",805-2005396818,"DWS INVESTMENT MANAGEMENT AMERICAS, INC.","801-252","N"
1987384,"VERGER CAPITAL FUND LLC",805-3296088513,"VERGER CAPITAL MANAGEMENT","801-79726","N"
1987384,"MAKENA CAPITAL HOLDINGS B, LP",805-6248315757,"MAKENA CAPITAL MANAGEMENT, LLC","801-74068","N"
1986583,"BLUE OWL DIRECT LENDING INSURANCE DEDICATED FUND SERIES INTERESTS OF THE SALI MULTI-SERIES FUND, L.P.",805-7468124633,"SALI FUND SERVICES","801-61702","N"
1993092,"BRINSON PARTNERSHIP FUND - 2002 SECONDARY FUND, L.P.",805-3101260968,"ADAMS STREET PARTNERS, LLC","801-58169","N"
1993457,"STRATEGIC VENTURE CAPITAL ACCESS FUND, L.P.",805-4135563577,"ICAPITAL ADVISORS, LLC","801-106690","Y"
1993092,"BRINSON PARTNERSHIP FUND - 1999 PRIMARY FUND, L.P.",805-8619399962,"ADAMS STREET PARTNERS, LLC","801-58169","N"
1993092,"BRINSON PARTNERSHIP FUND - 2000 PRIMARY FUND, L.P.",805-8434179876,"ADAMS STREET PARTNERS, LLC","801-58169","N"
1993092,"BRINSON PARTNERSHIP FUND - 2001 PRIMARY FUND, L.P.",805-7744933893,"ADAMS STREET PARTNERS, LLC","801-58169","N"
1993092,"BRINSON PARTNERSHIP FUND - 2002 PRIMARY FUND, L.P.",805-7512809557,"ADAMS STREET PARTNERS, LLC","801-58169","N"
1993092,"BRINSON PARTNERSHIP FUND - 2003 PRIMARY FUND, L.P.",805-1075408312,"ADAMS STREET PARTNERS, LLC","801-58169","N"
1993092,"BRINSON PARTNERSHIP FUND - 2003 SECONDARY FUND, L.P.",805-5810060534,"ADAMS STREET PARTNERS, LLC","801-58169","N"
1993092,"BRINSON NON-U.S. PARTNERSHIP FUND - 2004 SECONDARY FUND, L.P.",805-7569234166,"ADAMS STREET PARTNERS, LLC","801-58169","N"
1993092,"BRINSON PARTNERSHIP FUND - 2004 PRIMARY FUND, L.P.",805-4718208786,"ADAMS STREET PARTNERS, LLC","801-58169","N"
1993092,"BRINSON NON-U.S. PARTNERSHIP FUND - 2002 PRIMARY FUND, L.P.",805-9839804767,"ADAMS STREET PARTNERS, LLC","801-58169","N"
1993092,"BRINSON NON-U.S. PARTNERSHIP FUND - 2004 PRIMARY FUND, L.P.",805-8602953397,"ADAMS STREET PARTNERS, LLC","801-58169","N"
1993092,"BRINSON NON-U.S. PARTNERSHIP FUND - 2000 PRIMARY FUND, L.P.",805-4483810759,"ADAMS STREET PARTNERS, LLC","801-58169","N"
1993092,"ARCHMORE INTERNATIONAL INFRASTRUCTURE FUND",805-3874288255,"UBS ASSET MANAGEMENT FUNDS LTD","802-88212","N"
1993092,"ARCHMORE INTERNATIONAL INFRASTRUCTURE FUND II",805-9131788844,"UBS ASSET MANAGEMENT FUNDS LTD","802-88212","N"
1973512,"ABS DIRECT EQUITY FUND LLC - US SERIES 2",805-4952270381,"ABS GLOBAL INVESTMENTS","801-62188","N"
1992643,"FOUR COLUMNS JUNIOR CAPITAL FUND VI, LP",805-5505562516,"RREEF AMERICA L.L.C.","801-55209","N"
1992643,"FOUR COLUMNS JUNIOR CAPITAL FUND VI-A, LP",805-8602249812,"RREEF AMERICA L.L.C.","801-55209","N"
1992643,"NORTHWESTERN MUTUAL CAPITAL PRIVATE EQUITY PARTNERS, LP",805-3746681922,"ALPINVEST PRIVATE EQUITY INVESTMENT MANAGEMENT, LLC","801-126208","Y"
1989694,"MAP 88, A SEGREGATED PORTFOLIO OF LMA SPC",805-4762975186,"LIGHTHOUSE INVESTMENT PARTNERS, LLC","801-64978","N"
1989694,"PFL CORPORATE ACCOUNT ONE",805-7595651830,"AEGON ASSET MANAGEMENT US","801-60667","N"
1989694,"AON HEWITT GROUP TRUST MULTI-ASSET CREDIT FUND",805-6200188779,"AON INVESTMENTS USA INC.","801-17219","N"
1989694,"YIELD OPPORTUNITIES (INSURANCE DEDICATED) FUND SERIES INTERESTS OF THE SALI MULTI-SERIES FUND VII, L.P.",805-5709389545,"SALI FUND SERVICES","801-61702","N"
1989694,"U.S. MORTGAGES (INSURANCE DEDICATED) FUND SERIES INTERESTS OF THE SALI SVW MULTI-SERIES FUND, L.P.",805-2805163904,"SALI FUND SERVICES","801-61702","N"
1989694,"PRIVATE MARKETS INSURANCE FUND SERIES INTEREST OF THE SALI MULTI-SERIES FUND, L.P.",805-2111577760,"SALI FUND SERVICES","801-61702","N"
1989694,"WEST STREET PRIVATE MARKETS 2024, L.P.",805-3366230073,"GOLDMAN SACHS & CO. LLC","801-16048","Y"
1989694,"WEST STREET PRIVATE MARKETS 2024 OFFSHORE, L.P.",805-5098620616,"GOLDMAN SACHS & CO. LLC","801-16048","Y"
1989694,"WEST STREET PRIVATE MARKETS 2024 LUXEMBOURG, SLP",805-3689690579,"GOLDMAN SACHS & CO. LLC","801-16048","Y"
1989694,"WEST STREET PRIVATE MARKETS 2021, L.P.",805-6351600758,"GOLDMAN SACHS & CO. LLC","801-16048","Y"
1989694,"WEST STREET PRIVATE MARKETS 2022 OFFSHORE, SLP",805-6912871275,"GOLDMAN SACHS & CO. LLC","801-16048","Y"
1989694,"WEST STREET PRIVATE MARKETS 2022, L.P.",805-7582423719,"GOLDMAN SACHS & CO. LLC","801-16048","Y"
1989694,"WEST STREET PRIVATE MARKETS 2023 OFFSHORE, SLP",805-5947865987,"GOLDMAN SACHS & CO. LLC","801-16048","Y"
1989694,"WEST STREET PRIVATE MARKETS 2023, L.P.",805-9765758452,"GOLDMAN SACHS & CO. LLC","801-16048","Y"
1989694,"CAPITAL OPTIMIZED FIXED INCOME (INSURANCE DEDICATED) FUND SERIES INTERESTS OF THE SALI SVW MULTI-SERIES FUND, L.P.",805-8811704289,"SALI FUND SERVICES","801-61702","N"
1989694,"COLLATERALIZED LOAN OBLIGATIONS (INSURANCE DEDICATED) FUND SERIES, INTERESTS OF THE SALI SVW MULTI-SERIES FUND, L.P.",805-9883190920,"SALI FUND SERVICES","801-61702","N"
1993262,"FT VEST HEDGED EQUITY ENHANCED INCOME FUND LLC",805-4768850474,"FIRST TRUST CAPITAL MANAGEMENT L.P.","801-122924","N"
1993172,"PWF FUND, LP",805-5639328594,"CAMBRIDGE ASSOCIATES, LLC","801-14255","N"
1993172,"BVU FUND, LP",805-6046182428,"CAMBRIDGE ASSOCIATES, LLC","801-14255","N"
1993262,"DESTINY TARGET OUTCOME FUND 2024-1 LLC",805-4268779654,"FIRST TRUST CAPITAL MANAGEMENT L.P.","801-122924","N"
1990211,"VANTAGE MULTI-STRATEGY FUND L.P. AVIATION SERIES",805-7789023450,"VANTAGE CONSULTING GROUP INC","801-27432","Y"
1990211,"VANTAGE MULTI-STRATEGY FUND L.P. ROYALTY SERIES",805-9394249220,"VANTAGE CONSULTING GROUP INC","801-27432","Y"
1990211,"VANTAGE MULTI-STRATEGY FUND L.P. AVIATION SERIES II",805-5176594784,"VANTAGE CONSULTING GROUP INC","801-27432","Y"
1988374,"COLI-VUL MANAGED FUND VI (PIMCO)",805-9312200040,"EMPOWER CAPITAL MANAGEMENT, LLC","801-52309","N"
1988374,"AON HEWITT GROUP TRUST LONG CREDIT BOND FUND",805-2150836022,"AON INVESTMENTS USA INC.","801-17219","N"
1988374,"AON HEWITT GROUP TRUST INTERMEDIATE CREDIT BOND FUND",805-7185525112,"AON INVESTMENTS USA INC.","801-17219","N"
1988374,"PFL CORPORATE ACCOUNT ONE",805-7595651830,"AEGON ASSET MANAGEMENT US","801-60667","N"
1988374,"THE PRUDENTIAL INSURANCE COMPANY OF AMERICA VARIABLE CONTRACT ACCOUNT GI-100-NFB-1",805-3666200810,"WELLINGTON MANAGEMENT COMPANY LLP","801-15908","N"
1988374,"THE PRUDENTIAL INSURANCE COMPANY OF AMERICA VARIABLE CONTRACT ACCOUNT GI-BNY-1",805-3084182187,"WELLINGTON MANAGEMENT COMPANY LLP","801-15908","N"
1988374,"THE PRUDENTIAL INSURANCE COMPANY OF AMERICA VARIABLE CONTRACT ACCOUNT GI-100-7-DMI-P",805-1546380613,"BLACKROCK FINANCIAL MANAGEMENT, INC","801-48433","N"
1988374,"SAB3",805-2606079006,"LINCOLN FINANCIAL INVESTMENTS CORPORATION","801-23411","N"
1990255,"DB REAL ESTATE GLOBAL OPPORTUNITIES IB. L.P.",805-2005396818,"DWS INVESTMENT MANAGEMENT AMERICAS, INC.","801-252","N"
1990255,"PAN-EUROPEAN INFRASTRUCTURE FUND III SCSP",805-9992626654,"DWS INVESTMENT S.A.","802-115197","N"
1990255,"INFRAMEWA CO-INVEST, SCSP",805-4497877732,"DWS INVESTMENT S.A.","802-115197","N"
1990255,"COMPASS EUROPEAN INFRASTRUCTURE SCSP",805-3125330400,"DWS INVESTMENT S.A.","802-115197","N"
1990255,"SUSTAINABLE GROWTH INFRASTRUCTURE FUND SCSP SICAV-RAIF",805-4177389056,"DWS INVESTMENT S.A.","802-115197","N"
1990255,"PAN EUROPEAN INFRASTRUCTURE FUND IV SCSP",805-7495348269,"DWS INVESTMENT S.A.","802-115197","N"
1990255,"MELODY MASTER JERSEY LP",805-1240915329,"MELODY GP LIMITED","802-132440","N"
1992127,"ARES CREDIT STRATEGIES INSURANCE DEDICATED FUND SERIES INTERESTS OF THE SALI MULTI-SERIES FUND, L.P.",805-8409152288,"SALI FUND SERVICES","801-61702","N"
1992127,"LANDMARK PARTNERS INSURANCE FUND SERIES INTERESTS OF THE SALI MULTI-SERIES FUND, L.P.",805-8459206648,"SALI FUND SERVICES","801-61702","N"
1994530,"ECA FUND, LP",805-9313533378,"EMERGENT CAPITAL ADVISORS, LLC","801-73169","N"
1992418,"CAXTON INTERNATIONAL LIMITED",805-9298549809,"CAXTON ASSOCIATES LLP","802-131979","N"
1992418,"CX DYNAMIS LIMITED",805-6057510013,"CAXTON ASSOCIATES LLP","802-131979","N"
1992593,"ACEF EASTMARK CO-GP SPE L.P.",805-4764102742,"AECOM-CANYON PARTNERS REAL ESTATE FUND ADVISORS LLC","801-113602","N"
1992593,"ACEF METROPOLITAN CO-GP SPE L.P.",805-6352065592,"AECOM-CANYON PARTNERS REAL ESTATE FUND ADVISORS LLC","801-113602","N"
1992593,"AECOM-CANYON EQUITY MASTER AGGREGATOR LP",805-9072710677,"AECOM-CANYON PARTNERS REAL ESTATE FUND ADVISORS LLC","801-113602","N"
1986578,"WARWICK ROYALTY AND MINERAL MASTER FUND II LP",805-5927783207,"WARWICK CAPITAL PARTNERS","802-74437","Y"
1986578,"WARWICK ROYALTY AND MINERAL MASTER FUND III LP",805-6805282502,"WARWICK CAPITAL PARTNERS","802-74437","Y"
1986578,"WARWICK EUROPEAN OPPORTUNITIES FUND II (USD) LP",805-2072167307,"WARWICK CAPITAL PARTNERS","802-74437","Y"
1986578,"WARWICK EUROPEAN OPPORTUNITIES FUND III (USD) LP",805-5254839166,"WARWICK CAPITAL PARTNERS","802-74437","Y"
1979983,"HUDSON BAY MASTER FUND LTD.",805-8983753056,"HUDSON BAY CAPITAL MANAGEMENT LP","801-73536","N"
1986654,"TSSP ADJACENT OPPORTUNITIES PARTNERS, L.P",805-9855656154,"SIXTH STREET ADVISERS, LLC","801-72845","N"
1986671,"BROOKLINE VALUE INVESTMENT FUND LLC",805-7093787287,"BROOKLINE INVESTMENTS, INC.","801-57057","N"
1976581,"CORNER PROTAGONIST HLCN SPV I LP",805-3852767217,"PROTAGONIST MANAGEMENT LLC","802-126860","N"
1976581,"CORNER PROTAGONIST TEN SPV I LP",805-1257886867,"PROTAGONIST MANAGEMENT LLC","802-126860","N"
1976581,"CORNER PROTAGONIST TEN SPV I-C LP",805-4745173400,"PROTAGONIST MANAGEMENT LLC","802-126860","N"
1986570,"WARWICK ROYALTY AND MINERAL MASTER FUND II LP",805-5927783207,"WARWICK CAPITAL PARTNERS","802-74437","Y"
1986570,"WARWICK ROYALTY AND MINERAL MASTER FUND III LP",805-6805282502,"WARWICK CAPITAL PARTNERS","802-74437","Y"
1986570,"WARWICK EUROPEAN OPPORTUNITIES FUND II (USD) LP",805-2072167307,"WARWICK CAPITAL PARTNERS","802-74437","Y"
1986570,"WARWICK EUROPEAN OPPORTUNITIES FUND III (USD) LP",805-5254839166,"WARWICK CAPITAL PARTNERS","802-74437","Y"
1984972,"3J MOORE LLC",805-6265248990,"JJJ CAPITAL MANAGEMENT LLP","802-129273","N"
1986602,"GUGGENHEIM BETA PLUS SOLUTION FUND SPC - SEGREGATED PORTFOLIO 3",805-7858128430,"GUGGENHEIM PARTNERS INVESTMENT MANAGEMENT, LLC","801-66786","N"
1986602,"GUGGENHEIM BETA PLUS SOLUTION FUND SPC - SEGREGATED PORTFOLIO 4",805-3030404413,"GUGGENHEIM PARTNERS INVESTMENT MANAGEMENT, LLC","801-66786","N"
1986602,"GUGGENHEIM BETA PLUS SOLUTION FUND SPC - SEGREGATED PORTFOLIO 1",805-4445677491,"GUGGENHEIM PARTNERS INVESTMENT MANAGEMENT, LLC","801-66786","N"
1986602,"GUGGENHEIM BETA PLUS SOLUTION FUND SPC - SEGREGATED PORTFOLIO 2",805-3023354480,"GUGGENHEIM PARTNERS INVESTMENT MANAGEMENT, LLC","801-66786","N"
1986823,"SONEN GLOBAL PUBLIC EQUITY FUND, A SERIES OF SONEN INVESTMENT MANAGEMENT PUBLIC ACCESS PLATFORM LLC",805-8141668538,"SONEN CAPITAL LLC","801-72926","N"
1987107,"CALAMOS AKSIA HEDGE FUND ACCESS CORE ALPHA LP",805-1715950054,"CALAMOS ADVISORS LLC","801-29688","N"
1987107,"CALAMOS AKSIA HEDGE FUND ACCESS ENHANCED ALPHA LP",805-2036971563,"CALAMOS ADVISORS LLC","801-29688","N"
1987107,"CALAMOS AKSIA PRIVATE EQUITY LP",805-6225700700,"CALAMOS ADVISORS LLC","801-29688","N"
1986409,"ONE OAK MULTI-STRATEGY MASTER FUND, LTD",805-2625502206,"ONE OAK CAPITAL MANAGEMENT, LLC","801-114497","N"
1989633,"CORUNDUM MANAGED EQUITY FUND AI LLC",805-6927558559,"CORUNDUM GROUP, INC.","801-42281","N"
1989633,"CORUNDUM MANAGED EQUITY FUND QP LLC",805-6780062866,"CORUNDUM GROUP, INC.","801-42281","N"
1989633,"CORUNDUM INCOME FUND QP LLC",805-8196921760,"CORUNDUM GROUP, INC.","801-42281","N"
1988379,"ABS DIRECT EQUITY FUND LLC - INDIA SERIES 1",805-7098903637,"ABS GLOBAL INVESTMENTS","801-62188","N"
1989402,"VANGUARD FTSE GLOBAL ALL CAP INDEX FUND",805-7549863469,"VANGUARD GLOBAL ADVISERS, LLC","801-76825","N"
1986519,"VLP048",805-2449142899,"PATHSTONE","801-70776","N"
1990325,"ARLINGTON DIVERSIFIED FUND LLC",805-4769238712,"ARLINGTON PARTNERS LLC","801-57250","N"
1988746,"ARES CLIMATE INFRASTRUCTURE PARTNERS, L.P.",805-4452273208,"ARES MANAGEMENT LLC","801-63800","N"
1988746,"ACIP PARALLEL FUND A, L.P.",805-3915992109,"ARES MANAGEMENT LLC","801-63800","N"
1982437,"MFO IDF I (BVI), L.P.",805-9728380707,"MFO CAPITAL LIMITED","802-78468","Y"
1987124,"CERBERUS SFR IDF PARTNERS SERIES INTERESTS OF THE SALI MULTI-SERIES FUND, L.P.",805-8800142985,"SALI FUND SERVICES","801-61702","N"
1992234,"TALSON SOFR PLUS",805-8009886376,"TALSON CAPITAL MANAGEMENT L.P.","801-77577","N"
1992269,"BALLYROCK CLO 2018-1 LTD",805-3716629542,"BALLYROCK INVESTMENT ADVISORS LLC","801-60583","N"
1992269,"BALLYROCK CLO 2019-1 LTD",805-2853395054,"BALLYROCK INVESTMENT ADVISORS LLC","801-60583","N"
1992269,"BALLYROCK CLO 2019-2 LTD",805-1233337106,"BALLYROCK INVESTMENT ADVISORS LLC","801-60583","N"
1992269,"BALLYROCK CLO 2020-2 LTD.",805-4635050298,"BALLYROCK INVESTMENT ADVISORS LLC","801-60583","N"
1992269,"BALLYROCK CLO 14 LTD.",805-3323393528,"BALLYROCK INVESTMENT ADVISORS LLC","801-60583","N"
1992269,"BALLYROCK CLO 15 LTD.",805-8511473929,"BALLYROCK INVESTMENT ADVISORS LLC","801-60583","N"
1992269,"BALLYROCK CLO 16 LTD.",805-5796288672,"BALLYROCK INVESTMENT ADVISORS LLC","801-60583","N"
1992269,"BALLYROCK CLO 17 LTD.",805-9698481812,"BALLYROCK INVESTMENT ADVISORS LLC","801-60583","N"
1992269,"BALLYROCK CLO 18 LTD.",805-7616883177,"BALLYROCK INVESTMENT ADVISORS LLC","801-60583","N"
1992269,"BALLYROCK CLO 19 LTD.",805-8541802712,"BALLYROCK INVESTMENT ADVISORS LLC","801-60583","N"
1992269,"BALLYROCK CLO 20 LTD.",805-1014955587,"BALLYROCK INVESTMENT ADVISORS LLC","801-60583","N"
1992269,"BALLYROCK CLO 21 LTD.",805-5152179001,"BALLYROCK INVESTMENT ADVISORS LLC","801-60583","N"
1992269,"BALLYROCK CLO 22 LTD.",805-3950975220,"BALLYROCK INVESTMENT ADVISORS LLC","801-60583","N"
1992269,"BALLYROCK CLO 23 LTD.",805-2059276391,"BALLYROCK INVESTMENT ADVISORS LLC","801-60583","N"
1992269,"BALLYROCK CLO 24 LTD.",805-9635629400,"BALLYROCK INVESTMENT ADVISORS LLC","801-60583","N"
1992269,"BALLYROCK CLO 25 LTD.",805-6813561052,"BALLYROCK INVESTMENT ADVISORS LLC","801-60583","N"
1992269,"BALLYROCK CLO 26 LTD.",805-5283476730,"BALLYROCK INVESTMENT ADVISORS LLC","801-60583","N"
1992269,"BALLYROCK CLO 27 LTD.",805-7267233230,"BALLYROCK INVESTMENT ADVISORS LLC","801-60583","N"
1992269,"BALLYROCK CLO 28 LTD.",805-7456764985,"BALLYROCK INVESTMENT ADVISORS LLC","801-60583","N"
1992269,"BALLYROCK CLO 29 LTD.",805-9170146066,"BALLYROCK INVESTMENT ADVISORS LLC","801-60583","N"
1992255,"GOLDPOINT CORE OPPORTUNITIES LP FUND OF SALI MULTI-SERIES FUND LP",805-9056642895,"SALI FUND SERVICES","801-61702","N"
1992255,"TAXABLE FIXED INCOME MANAGERS: PORTFOLIO 1 OFFSHORE L.P.",805-8897813261,"GOLDMAN SACHS ASSET MANAGEMENT, L.P.","801-37591","N"
1992255,"BLACKROCK ENERGY OPPORTUNITY MASTER FUND, L.P.",805-7212440311,"BLACKROCK CAPITAL MANAGEMENT, INC.","801-57038","N"
1992255,"NORTH HAVEN ALTERNATIVES INSURANCE FUND A SERIES INTERESTS OF THE SALI MULTI-SERIES FUND, L.P.",805-9416645313,"SALI FUND SERVICES","801-61702","N"
1992255,"MLP-SD",805-6663806228,"MILLENNIUM MANAGEMENT LLC","801-73884","N"
1992255,"ASCENSION ALPHA FUND, LLC",805-2714848130,"ASCENSION INVESTMENT MANAGEMENT","801-73295","N"
1992255,"CARLYLE METROPOLITAN REAL ESTATE SSI OF THE SALI MS FUND, L.P.",805-9777969361,"SALI FUND SERVICES","801-61702","N"
1992255,"ELLIOTT INTERNATIONAL L.P.",805-2276824265,"ELLIOTT COVE CAPITAL MANAGEMENT","801-63436","N"
1992255,"CARLYLE PRIVATE EQUITY SER SR INT SALI MULTI-S LP",805-4055604880,"SALI FUND SERVICES","801-61702","N"
1992255,"TETRA OPPORTUNITIES PARTNERS L.P. SERIES - SALI MULTI-SERIES FUND",805-7766641566,"SALI FUND SERVICES","801-61702","N"
1992255,"CARLYLE REAL ASSETS SER IDF SERIES INTERESTS OF THE SALI MULTI-SERIES FND",805-1130702733,"SALI FUND SERVICES","801-61702","N"
1992255,"CRESTVIEW JUPITER LLC",805-4261340918,"CRESTVIEW PARTNERS","801-73897","N"
1992255,"CARLYLE PRIVATE EQ SER II IDF SERIES INTERESTS OF THE SALI MULTI-SERIES FND",805-7338555726,"SALI FUND SERVICES","801-61702","N"
1992255,"GLOBAL CREDIT OPPORTUNITIES (CANADA) LP - AGGREGATE",805-3541135987,"BLACKROCK ASSET MANAGEMENT CANADA LIMITED","802-76230","N"
1992255,"MASTER ASSET VEHICLE III",805-8729128659,"BLACKROCK ASSET MANAGEMENT CANADA LIMITED","802-76230","N"
1992255,"TAXABLE FIXED INCOME MANAGERS: PORTFOLIO 1 [SERIES]",805-9060653631,"GOLDMAN SACHS ASSET MANAGEMENT, L.P.","801-37591","N"
1992255,"SAB1",805-9345986752,"LINCOLN FINANCIAL INVESTMENTS CORPORATION","801-23411","N"
1992255,"YUKON PARTNERS IDF SERIES INTERESTS OF THE SALI MUTI-SERIES FUND, L.P",805-1038541620,"SALI FUND SERVICES","801-61702","N"
1992255,"PEM GROWTH INSURANCE DEDICATED FUND SERIES INTERESTS OF THE SALI MULTI-SERIES FUND, L.P.",805-5624410177,"SALI FUND SERVICES","801-61702","N"
1992255,"TETRA OPPORTUNITIES PARTNERS L.P. SERIES INTERESTS OF THE SALI SVW MULTI-SERIES FUND, L.P.",805-2934600168,"SALI FUND SERVICES","801-61702","N"
1992255,"ONE ROCK CAPITAL PARTNERS INSURANCE ACCESS FUND SERIES INTERESTS OF THE SALI MULTI-SERIES FUND, L.P.",805-7079225370,"SALI FUND SERVICES","801-61702","N"
1992255,"DYNAMIC EQUITY (GLOBAL EQUITY) MANAGERS: PORTFOLIO 5 [SERIES]",805-6809364692,"GOLDMAN SACHS ASSET MANAGEMENT, L.P.","801-37591","N"
1992255,"GOLDPOINT CORE OPPORTUNITIES LP FUND SERIES INTERESTS OF SALI MULTI-SERIES FUND, LP",805-9292652169,"SALI FUND SERVICES","801-61702","N"
1992255,"BGO STRATEGIC CAPITAL PARTNERS TACTICAL REAL ESTATE SERIES INTERESTS OF THE SALL MULTI-SERIES FUND, LP",805-3425889339,"SALI FUND SERVICES","801-61702","N"
1992255,"MILLENNIUM GLOBAL ESTATE LP",805-9843377684,"MILLENNIUM MANAGEMENT LLC","801-73884","N"
1992255,"STEPSTONE REAL ESTATE INSURANCE FUND SERIES INTERESTS OF THE SALI MULTI-SERIES FUND, L.P.",805-1597921366,"SALI FUND SERVICES","801-61702","N"
1992255,"MASTER ASSET VEHICLE III",805-4281701222,"BLACKROCK ASSET MANAGEMENT CANADA LIMITED","802-76230","N"
1992255,"GLENDOWER CAPITAL INSURANCE INVESTOR FUND SERIES INTERESTS OF THE SALI MULTI-SERIES FUND, L.P.",805-2959933190,"SALI FUND SERVICES","801-61702","N"
1992255,"CARLYLE PRIVATE EQUITY SERIES II INSURANCE DEDICATED FUND SERIES INTERESTS OF THE SALI MULTI-SERIES FUND, L.P.",805-8489984572,"SALI FUND SERVICES","801-61702","N"
1992255,"CARLYLE PRIVATE EQUITY SERIES SERIES INTERESTS OF THE SALI MULTI-SERIES FUND, L.P.",805-1024991103,"SALI FUND SERVICES","801-61702","N"
1992255,"CARLYLE REAL ASSETS SERIES I INSURANCE DEDICATED FUND SERIES INTERESTS OF THE SALI MULTI-SERIES FUND, L.P.",805-5010008544,"SALI FUND SERVICES","801-61702","N"
1992255,"BGO STRATEGIC CAPITAL PARTNERS REAL ESTATE SERIES INTERESTS OF THE SALI MULTI-SERIES FUND, LP",805-9196716988,"SALI FUND SERVICES","801-61702","N"
1992255,"ELLIOTT INTERNATIONAL L.P.",805-1428688771,"ELLIOTT INVESTMENT MANAGEMENT L.P.","801-119969","N"
1992299,"JCRED IDF SERIES INTERESTS OF THE SALI MULTI-SERIES FUND XIII, LP",805-5763652232,"SALI FUND SERVICES","801-61702","N"
1985938,"PETERSON REAL ASSETS LP",805-7009876686,"PETERSON PARTNERS","801-74139","N"
1988873,"PLAINVIEW FUNDS PLC - MACKAY SHIELDS EMERGING MARKETS DEBT PORTFOLIO",805-5333363263,"NYL INVESTMENTS EUROPE LIMITED","802-117758","Y"
1988460,"RYDER FUND LTD.",805-7276704043,"GLIDE CAPITAL","801-110997","N"
1987770,"SUPPYSCI SPECIALTY FINANCE FUND",805-8442448816,"SUPPLYSCI, LLC","802-132929","N"
1988538,"PRELUDE STRUCTURED ALTERNATIVES MASTER FUND, LP",805-2495224621,"PRELUDE CAPITAL MANAGEMENT, LLC","801-73598","N"
1988538,"BOOTHBAY DIVERSIFIED ALPHA MASTER FUND LP",805-3035644699,"BOOTHBAY FUND MANAGEMENT","801-80018","N"
1988538,"BOOTHBAY ABSOLUTE RETURN STRATEGIES, LP",805-5663558974,"BOOTHBAY FUND MANAGEMENT","801-80018","N"
1988538,"MOLECULE MASTER, LP",805-9090725513,"PAAMCO PRISMA, LLC","801-57416","N"
1978733,"MEDALIST PARTNERS ASSET-BASED PRIVATE CREDIT MASTER FUND III-A, L.P.",805-6275045359,"MEDALIST PARTNERS LP","801-113015","N"
1978733,"MEDALIST PARTNERS OPPORTUNITY MASTER FUND II-A, L.P.",805-7639682332,"MEDALIST PARTNERS LP","801-113015","N"
1978733,"WINDMUEHLE FUNDS, LLC - SERIES EIGHT",805-8766993211,"WINDMUEHLE, LLC","802-131818","N"
1988479,"MAN DIVERSIFIED CREDIT MASTER SPC - MAN DIVERSIFIED CREDIT SP I",805-4307979957,"MAN SOLUTIONS LIMITED","801-57108","N"
1990137,"ABS DIRECT EQUITY FUND LLC - US SERIES 3",805-5789817497,"ABS GLOBAL INVESTMENTS","801-62188","N"
1975241,"PERMANENS CAPITAL HIGH YIELD FUND, L.P.",805-7910785839,"PERMCAP INVESTMENT OFFICE","801-72416","N"
1975241,"ANGELES DIVERSIFIED INCOME FUND",805-1275765520,"ANGELES INVESTMENT ADVISORS","801-60042","N"
1988722,"MAP 269, A SEGREGATED PORTFOLIO OF LMA SPC",805-5804569140,"LIGHTHOUSE INVESTMENT PARTNERS, LLC","801-64978","N"
1988722,"OPPORTUNISTIC ACCESS MASTER FUND L.P.",805-3180424275,"JPMORGAN ALTERNATIVE ASSET MANAGEMENT","801-38319","N"
1987089,"GUGGENHEIM BETA PLUS SOLUTION FUND SPC - SEGREGATED PORTFOLIO 3",805-7858128430,"GUGGENHEIM PARTNERS INVESTMENT MANAGEMENT, LLC","801-66786","N"
1987089,"GUGGENHEIM BETA PLUS SOLUTION FUND SPC - SEGREGATED PORTFOLIO 4",805-3030404413,"GUGGENHEIM PARTNERS INVESTMENT MANAGEMENT, LLC","801-66786","N"
1987089,"GUGGENHEIM BETA PLUS SOLUTION FUND SPC - SEGREGATED PORTFOLIO 1",805-4445677491,"GUGGENHEIM PARTNERS INVESTMENT MANAGEMENT, LLC","801-66786","N"
1987089,"GUGGENHEIM BETA PLUS SOLUTION FUND SPC - SEGREGATED PORTFOLIO 2",805-3023354480,"GUGGENHEIM PARTNERS INVESTMENT MANAGEMENT, LLC","801-66786","N"
1989978,"CANTOR HUNT REAL ESTATE OPPORTUNITY PARTNERS LP",805-8077069797,"CANTOR FITZGERALD INVESTMENT ADVISORS","801-72852","N"
1987208,"4C GPS I, LP",805-7935552115,"CYNOSURE GROUP, LLC","801-107042","Y"
1987208,"4C GPS II, LP",805-8728748191,"CYNOSURE GROUP, LLC","801-107042","Y"
1987208,"4C GPS III, LP",805-6641574248,"CYNOSURE GROUP, LLC","801-107042","Y"
1993437,"RPAQ 2015 FUND L.P.",805-2991904324,"INNOCAP GLOBAL INVESTMENT MANAGEMENT (IRELAND) LTD","801-110606","N"
1993437,"405 MSTV I LP",805-4028788721,"NEW HOLLAND CAPITAL, LLC","801-74244","N"
1992829,"ANTHEMIS INSURANCE VENTURE GROWTH FUND I S.C.SP",805-8075195626,"ANTHEMIS CAPITAL MANAGERS LIMITED","801-124910","N"
1992829,"ANTHEMIS VENTURE FUND I LP",805-2803855612,"ANTHEMIS CAPITAL MANAGERS LIMITED","801-124910","N"
1992829,"ANTHEMIS VENTURE FUND II S.C.SP",805-5519765294,"ANTHEMIS CAPITAL MANAGERS LIMITED","801-124910","N"
1992829,"FEMALE INNOVATORS LAB L.P",805-7548090826,"ANTHEMIS CAPITAL MANAGERS LIMITED","801-124910","N"
1992829,"ANTHEMIS VENTURE II US FEEDER FUND LP",805-8721639954,"ANTHEMIS CAPITAL MANAGERS LIMITED","801-124910","N"
1992829,"ANTHEMIS VENTURE II FEEDER FUND SCSP",805-2186133638,"ANTHEMIS CAPITAL MANAGERS LIMITED","801-124910","N"
1985471,"ONE ROCK CAPITAL PARTNERS INSURANCE ACCESS FUND SERIES INTERESTS OF THE SALI MULTI-SERIES FUND, L.P.",805-7079225370,"SALI FUND SERVICES","801-61702","N"
1994828,"MOUNTAIN VIEW CLO 2016-1 LTD.",805-5590033800,"SEIX CLO MANAGEMENT LLC","801-108565","N"
1994828,"MOUNTAIN VIEW CLO 2017-1 LTD.",805-1594813114,"SEIX CLO MANAGEMENT LLC","801-108565","N"
1994873,"CAERUS FICC, LLC",805-7365709622,"CAERUS INVESTMENT ADVISORS, LLC","801-110401","N"
1994873,"CRSBB, LLC",805-3014011200,"CAERUS INVESTMENT ADVISORS, LLC","801-110401","N"
1994873,"CAERUS SX SP I LLC",805-2581016273,"CAERUS INVESTMENT ADVISORS, LLC","801-110401","N"
1994873,"CRSCLM, LLC",805-2828880942,"CAERUS INVESTMENT ADVISORS, LLC","801-110401","N"
1994873,"CRSNXT, LLC",805-8292559457,"CAERUS INVESTMENT ADVISORS, LLC","801-110401","N"
1994873,"CRSPIN, LLC",805-2235641504,"CAERUS INVESTMENT ADVISORS, LLC","801-110401","N"
1994873,"CRSSTRP II, LLC",805-6678038568,"CAERUS INVESTMENT ADVISORS, LLC","801-110401","N"
1994873,"CRSSTRP III, LLC",805-6510219996,"CAERUS INVESTMENT ADVISORS, LLC","801-110401","N"
1994873,"CRSSTRP IV, LLC",805-7403740270,"CAERUS INVESTMENT ADVISORS, LLC","801-110401","N"
1994873,"CRSSTRP, LLC",805-8037104698,"CAERUS INVESTMENT ADVISORS, LLC","801-110401","N"
1994873,"CRSUB I, LLC",805-9905341945,"CAERUS INVESTMENT ADVISORS, LLC","801-110401","N"
1994873,"CRSWIN, LLC",805-9066015123,"CAERUS INVESTMENT ADVISORS, LLC","801-110401","N"
1994873,"CRSX III, LLC",805-2839300392,"CAERUS INVESTMENT ADVISORS, LLC","801-110401","N"
1994873,"CRSX IV, LLC",805-1470804668,"CAERUS INVESTMENT ADVISORS, LLC","801-110401","N"
1994873,"CRSX, LLC",805-9828467233,"CAERUS INVESTMENT ADVISORS, LLC","801-110401","N"
1986844,"STRATEGIC VENTURE CAPITAL ACCESS FUND, L.P.",805-4135563577,"ICAPITAL ADVISORS, LLC","801-106690","Y"
1980402,"ERS PUBLIC EQUITY EMERGING MANAGER FUND II LP",805-2060853536,"LEGATO CAPITAL MANAGEMENT, LLC","801-64653","N"
1987075,"RUSSELL CORE BOND FUND",805-1021411555,"RUSSELL INVESTMENTS","801-17141","N"
1987075,"RUSSELL LOW DURATION BOND FUND",805-3753770633,"RUSSELL INVESTMENTS","801-17141","N"
1987075,"HIGHLAND INVESTMENT FUND, LLC - HIGHLAND TACTICAL EQUITY PROGRAM",805-4998964855,"HIGHLAND ASSOCIATES INC","801-30248","N"
1987075,"COMMONFUND CONTINGENT ASSET PORTFOLIO, LLC",805-7668810800,"COMMONFUND OCIO, INC.","801-56548","N"
1987075,"TJU NQ SHORT DURATION FIXED INCOME FUND",805-1498611362,"RUSSELL INVESTMENTS","801-56576","N"
1987675,"GAP III PARALLEL PARTNERS, L.P.",805-8401993882,"GREENFIELD PARTNERS, LLC","801-72720","N"
1987675,"GAP VI PARALLEL PARTNERS, L.P.",805-7026236082,"GREENFIELD PARTNERS, LLC","801-72720","N"
1987675,"GREENFIELD ACQUISITION PARTNERS III, L.P.",805-7771027945,"GREENFIELD PARTNERS, LLC","801-72720","N"
1987675,"GREENFIELD ACQUISITION PARTNERS VII, L.P.",805-1501501102,"GREENFIELD PARTNERS, LLC","801-72720","N"
1987675,"GREENFIELD LAND FINANCE PARTNERS, L.P.",805-9154935090,"GREENFIELD PARTNERS, LLC","801-72720","N"
1987675,"GREENFIELD LAND PARALLEL PARTNERS I, L.P.",805-1700581554,"GREENFIELD PARTNERS, LLC","801-72720","N"
1987675,"GREENFIELD LAND PARTNERS I, L.P.",805-6118490769,"GREENFIELD PARTNERS, LLC","801-72720","N"
1987675,"GREENFIELD LAND PARTNERS II, L.P.",805-7853394359,"GREENFIELD PARTNERS, LLC","801-72720","N"
1987675,"GREENFIELD MULTI-STATE PARTNERS, LP",805-4176440531,"GREENFIELD PARTNERS, LLC","801-72720","N"
1987015,"OKABENA BOND FUND, LLC",805-7214714180,"OKABENA INVESTMENT SERVICES INC","801-47929","N"
1987015,"RUSSELL INVESTMENTS INSTITUTIONAL FUNDS LLC - GLOBAL LISTED INFRASTRUCTURE FUND",805-9407781128,"RUSSELL INVESTMENTS","801-17141","N"
1985229,"BLUEPOINTE INSURANCE DEDICATED FUND OF THE SALI MULTI-SERIES FUND, L.P.",805-4340859880,"SALI FUND SERVICES","801-61702","Y"
1988889,"MAI WEALTH PRIVATE EQUITY FUND, L.P.",805-9360904657,"MAI CAPITAL MANAGEMENT, LLC","801-58104","N"
1988889,"PERMIT CAPITAL FUND, LP",805-5738879782,"PERMIT CAPITAL, LLC","801-65996","N"
1988889,"PERMIT CAPITAL INTERNATIONAL FUND, LP",805-8374587646,"PERMIT CAPITAL, LLC","801-65996","N"
1977514,"SUPPYSCI SPECIALTY FINANCE FUND",805-8442448816,"SUPPLYSCI, LLC","802-132929","N"
1987676,"SCIP EQUITY LP",805-3204662362,"SOUTHERN CROSS INVESTMENT PARTNERS SL.","802-132076","N"
1987676,"DEFENSIVE U.S. EQUITY FUND",805-4058604283,"RUSSELL INVESTMENTS","801-56576","N"
1987676,"SMALL CAP US EQUITY FUND",805-4177655993,"RUSSELL INVESTMENTS","801-56576","N"
1987898,"MAP 204, A SEGREGATED PORTFOLIO OF LMA SPC",805-1719652299,"LIGHTHOUSE INVESTMENT PARTNERS, LLC","801-64978","N"
1991787,"OVERLAND POINT, L.P.",805-3410145615,"STONE POINT CREDIT ADVISER LLC","801-119517","N"
1991787,"SPC WILSON POINT, L.P.",805-6810184868,"STONE POINT CREDIT ADVISER LLC","801-119517","N"
1991787,"SPC PACIFIC POINT, L.P.",805-9684443659,"STONE POINT CREDIT ADVISER LLC","801-119517","N"
1992463,"BARINGS GLOBAL CREDIT FUND (LUX) SCSP, SICAV-SIF",805-3891127030,"BARING INTERNATIONAL FUND MANAGERS (IRELAND) LIMITED","802-114742","Y"
1992463,"BARINGS GLOBAL INVESTMENT FUNDS 2 PLC",805-5544246402,"BARINGS LLC","801-241","Y"
1992463,"BARINGS EMERGING GENERATION FUND, LP",805-9351050443,"BARINGS LLC","801-241","N"
1992463,"BARINGS EMERGING GENERATION FUND II, LP",805-4004003678,"BARINGS LLC","801-241","N"
1992463,"BARINGS GLOBAL SPECIAL SITS CREDIT 4 (DE) L.P.",805-1653545045,"BARINGS LLC","801-241","Y"
1992463,"BARINGS CAPITAL SOLUTIONS PERPETUAL FUND (CA), LP",805-1520402233,"BARINGS LLC","801-241","Y"
1992463,"BARINGS CAPITAL SOLUTIONS PERPETUAL FUND (DE), LP",805-1454078997,"BARINGS LLC","801-241","Y"
1992479,"BARINGS UMBRELLA FUND PLC",805-5621345529,"BARING INTERNATIONAL FUND MANAGERS (IRELAND) LIMITED","802-114742","Y"
1992479,"BARINGS GLOBAL CREDIT FUND (LUX) SCSP, SICAV-SIF",805-3891127030,"BARING INTERNATIONAL FUND MANAGERS (IRELAND) LIMITED","802-114742","Y"
1992479,"DANSKE EUROPEAN LOAN FUND I",805-2645178249,"BARINGS","802-114253","N"
1992479,"BARINGS UMBRELLA FUND (LUX) SCSP, SICAV-RAIF",805-1497366616,"BARING INTERNATIONAL FUND MANAGERS (IRELAND) LIMITED","802-114742","N"
1992479,"BARINGS GLOBAL INVESTMENT FUNDS PLC",805-1303641090,"BARING INTERNATIONAL FUND MANAGERS (IRELAND) LIMITED","802-114742","Y"
1992479,"DOVER CREDIT LIMITED",805-6746460049,"BARINGS","802-114253","N"
1992479,"BARINGS GLOBAL PRIVATE LOAN FUND 4(S) SCSP",805-6549237149,"BARING INTERNATIONAL FUND MANAGERS (IRELAND) LIMITED","802-114742","Y"
1992479,"BARINGS GLOBAL PRIVATE LOAN FUND 4 SCSP",805-5288868123,"BARING INTERNATIONAL FUND MANAGERS (IRELAND) LIMITED","802-114742","Y"
1992479,"BNAPLF III LUX SCSP",805-7232281478,"BARING INTERNATIONAL FUND MANAGERS (IRELAND) LIMITED","802-114742","Y"
1992479,"BARING INVESTMENT SERIES LLC",805-6671750845,"BARING INTERNATIONAL INVESTMENT LTD","801-15160","Y"
1992479,"BARINGS INTERNATIONAL UMBRELLA FUND",805-4563805525,"BARING INTERNATIONAL FUND MANAGERS (IRELAND) LIMITED","802-114742","Y"
1992479,"BARINGS EURO MIDDLE MARKET CLO 2024-1 DAC",805-6870473000,"BARINGS (U.K.) LIMITED","802-75339","Y"
1992479,"BARINGS GLOBAL PRIVATE LOANS 4(S) S. R.L.",805-9847994323,"BARING INTERNATIONAL FUND MANAGERS (IRELAND) LIMITED","802-114742","Y"
1992479,"BARINGS GLOBAL PRIVATE LOANS 4 S.A.R.L.",805-6390064755,"BARING INTERNATIONAL FUND MANAGERS (IRELAND) LIMITED","802-114742","Y"
1992235,"PRELUDE OPPORTUNITY FUND, LP",805-1637413029,"PRELUDE CAPITAL MANAGEMENT, LLC","801-73598","N"
1992235,"TOPWATER STONEFLY FUND LLC",805-2756441721,"LEUCADIA ASSET MANAGEMENT LLC","801-61698","N"
1977640,"SALI MULTI-SERIES FUND, L.P. - OAKTREE INSURANCE DEDICATED FUND",805-1321821592,"SALI FUND SERVICES","801-61702","N"
1981559,"ARES CREDIT STRATEGIES INSURANCE DEDICATED FUND SERIES INTERESTS OF THE SALI MULTI-SERIES FUND, L.P.",805-8409152288,"SALI FUND SERVICES","801-61702","N"
1981559,"LANDMARK PARTNERS INSURANCE FUND SERIES INTERESTS OF THE SALI MULTI-SERIES FUND, L.P.",805-8459206648,"SALI FUND SERVICES","801-61702","N"
1991749,"K INDIA OPPORTUNITIES FUND LIMITED (CONSISTENT COMPOUNDERS INDIA  FUNDS)",805-9055689503,"KOTAK MAHINDRA (INTERNATIONAL) LIMITED","802-76440","N"
1992405,"POLYMER ASIA FUND LP",805-2952790549,"POLYMER CAPITAL MANAGEMENT (HK) LIMITED","802-118884","N"
1986606,"BLUE OWL NET LEASE INSURANCE DEDICATED FUND SERIES INTERESTS OF THE SALI MULTI-SERIES FUND, L.P.",805-6409048613,"SALI FUND SERVICES","801-61702","N"
1986606,"TOWNSEND CORE REAL ESTATE FUND-US, L.P.",805-6715902965,"TOWNSEND HOLDINGS LLC","801-72968","N"
1978597,"COVENANT GLOBAL EQUITIES FUND SERIES INTERESTS OF THE SALI MULTI-SERIES FUND II, L.P.",805-6769581351,"SALI FUND SERVICES","801-61702","Y"
1978597,"COVENANT GLOBAL EQUITIES FUND SERIES INTERESTS OF THE SALI MULTI-SERIES FUND II 3(C)(1), LP",805-2581175015,"SALI FUND SERVICES","801-61702","Y"
1978597,"TRUSTCORE PRIVATE OPPORTUNITIES FUND LP",805-7259788753,"PPB ADVISORS, LLC","801-96194","Y"
1978597,"ONE BRICK SELECT PRIVATE CREDIT FUND I, LP",805-2885543117,"PPB ADVISORS, LLC","801-96194","Y"
1978597,"ONE BRICK SELECT PRIVATE CREDIT QUALIFIED FUND LP",805-9366372760,"PPB ADVISORS, LLC","801-96194","Y"
1978597,"VEGA MULTI-STRATEGY FUND SERIES OF THE SALI MULTI-SERIES FUND, L.P",805-4686625818,"SALI FUND SERVICES","801-61702","Y"
1978597,"MR INVESTMENT FUND I, LLC-CLASS 1",805-1806585412,"PPB ADVISORS, LLC","801-96194","Y"
1978597,"MRA CREDIT STRATEGIES FUND I-A, LP",805-8618447813,"PPB ADVISORS, LLC","801-96194","Y"
1978597,"MRA CREDIT STRATEGIES FUND I-B, LP",805-1251668653,"PPB ADVISORS, LLC","801-96194","Y"
1978597,"MRA OPPORTUNITIES FUND I-A, LP",805-8095933319,"PPB ADVISORS, LLC","801-96194","Y"
1978597,"MRA OPPORTUNITIES FUND I-B, LP (CLASS 1 & 2)",805-9344545568,"PPB ADVISORS, LLC","801-96194","Y"
1987942,"TEMPLETON CHINA OPPORTUNITIES FUND, LTD",805-7472384891,"TEMPLETON INVESTMENT COUNSEL, LLC","801-15125","N"
1986601,"BLUE OWL GP STAKES INSURANCE DEDICATED FUND SERIES INTERESTS OF THE SALI MULTI-SERIES FUND, L.P.",805-8166717342,"SALI FUND SERVICES","801-61702","N"
1984388,"REMORA CAPITAL PARTNERS I LP",805-6361020788,"REMORA CAPITAL PARTNERS","801-130828","N"
1984388,"REMORA CAPITAL PARTNERS I QP LP",805-5679623072,"REMORA CAPITAL PARTNERS","801-130828","N"
1982590,"EVGC GROWTH I CO-INVEST, LLC",805-4404912353,"E.VENTURES MANAGEMENT, LLC","802-116979","N"
1982590,"EVGC GROWTH II CO-INVEST, LLC",805-8329541915,"E.VENTURES MANAGEMENT, LLC","802-116979","N"
1982590,"YS VC GC I LLC",805-9512906558,"YIELDSTREET","801-107574","N"
1982590,"YS VC GC II LLC",805-3981277437,"YIELDSTREET","801-107574","N"
1989464,"PRELUDE STRUCTURED ALTERNATIVES MASTER FUND, LP",805-2495224621,"PRELUDE CAPITAL MANAGEMENT, LLC","801-73598","N"
1992318,"EAGLE HARBOR MULTI-STRATEGY MASTER FUND LIMITED",805-7854630736,"LIGHTHOUSE INVESTMENT PARTNERS, LLC","801-64978","N"
1992848,"BSOF MASTER FUND L.P.",805-4392380841,"BLACKSTONE ALTERNATIVE SOLUTIONS L.L.C.","801-72699","N"
1992848,"BSOF PARALLEL MASTER FUND L.P.",805-9123739231,"BLACKSTONE ALTERNATIVE SOLUTIONS L.L.C.","801-72699","N"
1992848,"BSOF MASTER FUND II L.P.",805-4516624030,"BLACKSTONE ALTERNATIVE SOLUTIONS L.L.C.","801-72699","N"
